Object	Type
New Invoice	Invoice
Ветровик на двухстороннем скотче к-т 2 шт 2108 DN-00003	CarPart
Ветровик на двухстороннем скотче к-т 2 шт 2121 PSA	CarPart
Ветровик на двухстороннем скотче к-т 2 шт 21213 DN-00009	CarPart
Ветровик на двухстороннем скотче к-т 4 шт 1117 DN-00020	CarPart
Ветровик на двухстороннем скотче к-т 4 шт 1118 2190 PSA	CarPart
Ветровик на двухстороннем скотче к-т 4 шт 1118 DN-00007	CarPart
Ветровик на двухстороннем скотче к-т 4 шт 2105 DN-00001	CarPart
Ветровик на двухстороннем скотче к-т 4 шт 2105 PSA	CarPart
Ветровик на двухстороннем скотче к-т 4 шт 2109 PSA	CarPart
Ветровик на двухстороннем скотче к-т 4 шт 2110 PSA	CarPart
Ветровик на двухстороннем скотче к-т 4 шт 2111 DN-00006	CarPart
Ветровик на двухстороннем скотче к-т 4 шт 2123 DN-00010	CarPart
Ветровик на двухстороннем скотче к-т 4 шт 2123 PSA	CarPart
Ветровик на двухстороннем скотче к-т 4 шт 2131 5D DN-00008	CarPart
Ветровик на двухстороннем скотче к-т 4 шт 2190 DN-00021	CarPart
Ветровик на двухстороннем скотче к-т 4 шт 2191 Гранта DN-00025	CarPart
Адсорбер 2107	CarPart
Адсорбер 21103	CarPart
Адсорбер 2112	CarPart
Адсорбер 2170	CarPart
Адсорбер 2190 	CarPart
Актуатор механизма выключения сцепления 21082 SACHS C3 LDKU2 21820-1609012-00	CarPart
Амортизатор задний 1111 масляный	CarPart
Амортизатор задний 1118 масляный	CarPart
Амортизатор задний 2108 газовый	CarPart
Амортизатор задний 2110 газовый 	CarPart
Амортизатор задний 2121 газовый 	CarPart
Амортизатор задний 21214 масляный	CarPart
Амортизатор задний 2123 газовый	CarPart
Амортизатор задний 2170 газовый	CarPart
Амортизатор задний 2190 газовый	CarPart
Амортизатор задний Лада Веста 	CarPart
Амортизатор задний Лада Веста газовый 	CarPart
Амортизатор задний Лада Ларгус газовый 	CarPart
Амортизатор задний Лада Ларгус КРОСС газовый	CarPart
Амортизатор задний Лада Ларгус масляный SS	CarPart
Амортизатор задний Лада Х Рей	CarPart
Амортизатор передний 1119 газовый	CarPart
Амортизатор передний 2108 газовый левый	CarPart
Амортизатор передний 2108 газовый правый	CarPart
Амортизатор передний 2110 газовый левый 	CarPart
Амортизатор передний 2110 газовый правый 	CarPart
Амортизатор передний 2121 газовый	CarPart
Амортизатор передний 21214	CarPart
Амортизатор передний 2123 газовый	CarPart
Амортизатор передний 2170 газовый левый	CarPart
Амортизатор передний 2170 газовый правый	CarPart
Амортизатор передний 2190 газовый левый	CarPart
Амортизатор передний 2190 газовый правый	CarPart
Амортизатор передний Лада Веста газовый левый	CarPart
Амортизатор передний Лада Веста газовый правый	CarPart
Амортизатор передний Лада Ларгус газовый	CarPart
Амортизатор передний Лада Х Рей 	CarPart
Амортизатор передний Рено Дастер газовый	CarPart
Бак топливный 2102-1101005	CarPart
Бак топливный 21044-1101010-00 инжектор	CarPart
Бак топливный 21073-11010130 инжектор	CarPart
Бак топливный 21082-1101013 инжектор тонкая шпилька	CarPart
Бак топливный 21083-1101007	CarPart
Бак топливный 21103-1101011-20 инжектор толстая шпилька	CarPart
Бак топливный 21213-1101010	CarPart
Бак топливный 21214-1101013 инжектор	CarPart
Бак топливный 2123-11010100 инжектор	CarPart
Бак топливный без датчика 21074-1101013-00	CarPart
Балка бампера 1118 заднего пластмассовая КАМПЛАСТ 1118-2804142	CarPart
Балка бампера 1118 переднего пластмассовая КАМПЛАСТ 1118-2803132	CarPart
Балка бампера 1119 заднего пластмассовая КАМПЛАСТ 1119-2804142	CarPart
Балка бампера 2105 переднего алюминиевая ТОЛЬЯТТИ 2105-2803015	CarPart
Балка бампера 2105 переднего полимерная ТОЛЬЯТТИ 2105-2803015	CarPart
Балка бампера 2108 переднего алюминиевая ТОЛЬЯТТИ 2108-2803132	CarPart
Балка бампера 2108 переднего металлическая ТОЛЬЯТТИ 2108-2803132	CarPart
Балка бампера 2113 2114 заднего пластмассовая КАМПЛАСТ 2113-2804142	CarPart
Балка бампера 2113 заднего пластмассовая завод 2113-2804142	CarPart
Балка бампера 2113 переднего пластмассовая КАМПЛАСТ 2113-2803132	CarPart
Балка бампера 2115 заднего пластмассовая КАМПЛАСТ 2115-2804142	CarPart
Балка бампера 2121 заднего полимерная ТОЛЬЯТТИ 2121-2804015	CarPart
Балка бампера 2121 переднего алюминиевая ТОЛЬЯТТИ 2121-2803015	CarPart
Балка бампера 2121 переднего полимерная ТОЛЬЯТТИ 2121-2803015	CarPart
Балка бампера 21213 заднего алюминевая ТОЛЬЯТТИ 21213-2804015	CarPart
Балка бампера 2123 заднего металлическая ТОЛЬЯТТИ катафорезное покрытие 2123-2804140	CarPart
Балка бампера 2123 переднего металлическая длинная ТОЛЬЯТТИ 2123-2803130	CarPart
Балка бампера 2170 переднего пластмассовая с/о КАМПЛАСТ 2170-2803132	CarPart
Балка бампера 21704 переднего пластмассовая н/о КАМПЛАСТ 21704-2803132	CarPart
Балка бампера 21704 переднего пластмассовая н/о КАМПЛАСТ 21704-3803132	CarPart
Балка бампера 2190 переднего металлическая ТОЛЬЯТТИ 2190-2803131	CarPart
Балка бампера задняя Нива Урбан с кронштейнами для установки/крепления 21214-2804025/24	CarPart
Балка бампера Нива Урбан заднего пластмассовая КАМПЛАСТ 21214-2804142	CarPart
Балка бампера Нива Урбан переднего пластмассовая КАМПЛАСТ 21214-2803132	CarPart
Балка бампера передняя Нива Урбан с кронштейнами для установки/крепления 21214-2804025/24	CarPart
Балка заднего моста 2101 АвтоВАЗ 2101-2401010	CarPart
Балка заднего моста 21213 АвтоВАЗ 21213-2401010	CarPart
Балка заднего моста 21213 ТОЛЬЯТТИ в сборе с полуосями 21213	CarPart
Балка заднего моста 2123 АвтоВАЗ  с АБС 21230-2401010-10	CarPart
Балка заднего моста 2123 АвтоВАЗ 21230-2401010-00	CarPart
Бампер задний 1117 КАМПЛАСТ 1117-2804015	CarPart
Бампер задний 1118 КАМПЛАСТ 1118-2804015	CarPart
Бампер задний 1119 КАМПЛАСТ 1119-2804015	CarPart
Бампер задний 2105 в сборе некрашеный ТОЛЬЯТТИ	CarPart
Бампер задний 2105 в сборе полимерный ТОЛЬЯТТИ	CarPart
Бампер задний 2106 в сборе ТОЛЬЯТТИ	CarPart
Бампер задний 2106 голый ТОЛЬЯТТИ 2106-2804012	CarPart
Бампер задний 2107 в сборе без кронштейнов КАМПЛАСТ	CarPart
Бампер задний 2107 голый КАМПЛАСТ 2107-2804012	CarPart
Бампер задний 2108 КАМПЛАСТ 2108-2804015	CarPart
Бампер задний 2108 А КАМПЛАСТ 2108-2804015	CarPart
Бампер задний 21099 КАМПЛАСТ 21099-2804015	CarPart
Бампер задний 2110 с балкой КАМПЛАСТ 2110-2804015	CarPart
Бампер задний 21103 КАМПЛАСТ 21103-2804015	CarPart
Бампер задний 2111 КАМПЛАСТ 2111-2804015	CarPart
Бампер задний 2112 КАМПЛАСТ 2112-2804012	CarPart
Бампер задний 2114 под пластмассовую балку КАМПЛАСТ 2114-2804015	CarPart
Бампер задний 2115 жесткий под металлическую балку КАМПЛАСТ 2115-2804015	CarPart
Бампер задний 2115 под пластмассовую балку КАМПЛАСТ 2115-2804015	CarPart
Бампер задний 2121 в сборе некрашеный ТОЛЬЯТТИ	CarPart
Бампер задний 2121 в сборе полимерный ТОЛЬЯТТИ	CarPart
Бампер задний 2123 н/о КАМПЛАСТ 2123-2804015	CarPart
Бампер задний 2123 с/о КАМПЛАСТ 2123-2804015	CarPart
Бампер задний 2170 КАМПЛАСТ 2170-2804015	CarPart
Бампер задний 21704 н/о КАМПЛАСТ 21704-2804015-10	CarPart
Бампер задний 2172 окрашенный ПОРТВЕЙН красный металлик А АвтоВАЗ 2172-2804010	CarPart
Бампер задний 2172 Хэтчбек КАМПЛАСТ2172-2804015	CarPart
Бампер задний 21724 Хэтчбек н/о КАМПЛАСТ 21724-2804015-10	CarPart
Бампер задний 2190 FL седан 8450103787	CarPart
Бампер задний 2190 без отверстий под датчик парковки АВТОВАЗ  2019 г. 2190-2804015	CarPart
Бампер задний 2190 шагрень КАМПЛАСТ 2190-2804015	CarPart
Бампер задний Лада Веста ТОЛЬЯТТИ 2180-2804012	CarPart
Бампер задний Лада Ларгус гладкий КАМПЛАСТ 8450000256 8450000257	CarPart
Бампер задний Нива Урбан в сборе с кронштейнами ТОЛЬЯТТИ 21214-2804010	CarPart
Бампер задний Нива Урбан КАМПЛАСТ 21214-2804010	CarPart
Бампер передний 1118 без ПТФ КАМПЛАСТ 1118-2803015	CarPart
Бампер передний 1118 с ПТФ КАМПЛАСТ 1118-28030115	CarPart
Бампер передний 2105 в сборе некрашеный ТОЛЬЯТТИ	CarPart
Бампер передний 2105 в сборе полимерный ТОЛЬЯТТИ	CarPart
Бампер передний 2106 в сборе ТОЛЬЯТТИ	CarPart
Бампер передний 2106 ТОЛЬЯТТИ 2106-2803012	CarPart
Бампер передний 2107 в сборе без кронштейнов КАМПЛАСТ	CarPart
Бампер передний 2107 в сборе с кронштейнами КАМПЛАСТ	CarPart
Бампер передний 2107 голый КАМПЛАСТ 2107-2803015	CarPart
Бампер передний 2108 в сборе КАМПЛАСТ 2108-2803010	CarPart
Бампер передний 2110 КАМПЛАСТ без балки 2110-2803015	CarPart
Бампер передний 2110 КАМПЛАСТ с балкой 2110-2803015	CarPart
Бампер передний 21103 КАМПЛАСТ 21103-2803015	CarPart
Бампер передний 2114 под пластмассовую балку без ПТФ КАМПЛАСТ 2114-2803015	CarPart
Бампер передний 2114 под пластмассовую балку с ПТФ КАМПЛАСТ 2114-2803015	CarPart
Бампер передний 2114 с ПТФ САМАРА-СПОРТ КАМПЛАСТ 2114-2803015	CarPart
Бампер передний 2121 в сборе некрашеный ТОЛЬЯТТИ	CarPart
Бампер передний 2121 в сборе полимерный ТОЛЬЯТТИ	CarPart
Бампер передний 2123 н/о КАМПЛАСТ 2123-2803015	CarPart
Бампер передний 2123 с/о КАМПЛАСТ 2123-2803015	CarPart
Бампер передний 2123 шагрень н/о КАМПЛАСТ 2123-2803015	CarPart
Бампер передний 2170 КАМПЛАСТ 2170-2803015	CarPart
Бампер передний 2170 н/о КАМПЛАСТ 2170-2803015	CarPart
Бампер передний 2170 с/о КАМПЛАСТ 2170-2803015-01	CarPart
Бампер передний 2190 без противотуман КАМПЛАСТ 2190-2803015-11	CarPart
Бампер передний 2190 под противотуманные фары КАМПЛАСТ 2190-2803015-21	CarPart
Бампер передний 2190 ТОЛЬЯТТИ Х МУГЕН под покраску 2190-2803010-00	CarPart
Бампер передний 2190 шагрень КАМПЛАСТ 2190-2803015-00	CarPart
Бампер передний ГАЗЕЛЬ БИЗНЕС КАМПЛАСТ	CarPart
Бампер передний Лада Веста Кампласт 845000666	CarPart
Бампер передний Лада Веста ТОЛЬЯТТИ 845000666	CarPart
Бампер передний Лада Ларгус КАМПЛАСТ 8450000244 8450000245	CarPart
Бампер передний Нива Урбан  в сборе с кронштейнами ТОЛЬЯТТИ 21214-2803010N	CarPart
Бампер передний Нива Урбан КАМПЛАСТ 21214-2803015	CarPart
Барабан тормозной 2101-2107	CarPart
Барабан тормозной 2108-2112,2170,2190	CarPart
Барабан тормозной 2121	CarPart
Барабан тормозной Лада Веста	CarPart
Бархотка на двери 1117 2194 верхняя к-т 4 шт БалаковоЗапчасть 13073	CarPart
Бархотка на двери 1118 2190 верхняя 4 шт. БалаковоЗапчасть 11819 1118-6103298/99-6203292/93	CarPart
Бархотка на двери 1118 нижняя внутреняя с ворсом к-т 4 шт БалаковоЗапчасть 10883	CarPart
Бархотка на двери 1118 нижняя наружная с ворсом к-т 4 шт БалаковоЗапчасть 10994	CarPart
Бархотка на двери 2105 верхняя 12шт  БалаковоЗапчасть 8467	CarPart
Бархотка на двери 2105 нижняя 8шт. н/о БалаковоЗапчасть 8968 2105-6103283/282 2105-6203288/289	CarPart
Бархотка на двери 2105 нижняя 8шт. с/о БалаковоЗапчасть 8969 2105-6103283/282 2105-6203288/289	CarPart
Бархотка на двери 2106 верхняя 16шт  БалаковоЗапчасть 8466	CarPart
Бархотка на двери 2106 нижняя 8шт. н/о БалаковоЗапчасть 8970 2106-6103283/282 2106-6203288/289	CarPart
Бархотка на двери 2108 верхняя БалаковоЗапчасть 13277 к-т 2шт. 2108-6103293/92	CarPart
Бархотка на двери 2108 нижняя внутренняя и наружная 2 шт. БалаковоЗапчасть 13278 2108-6103320-10/6203320	CarPart
Бархотка на двери 2108 нижняя к-т 4шт н/о БалаковоЗапчасть 13383	CarPart
Бархотка на двери 2109 верхняя 4 шт. БалаковоЗапчасть 12105 2109-6103292/93	CarPart
Бархотка на двери 2109 нижняя к-т 8 шт БалаковоЗапчасть 8468	CarPart
Бархотка на двери 2110 нижняя внутренняя к-т 4 шт БалаковоЗапчасть 14129  2110-6103320/6203320	CarPart
Бархотка на двери 21213 БалаковоЗапчасть 12106 8 шт. РК96	CarPart
Бархотка на двери 21213 передней двери верхняя 2шт. БалаковоЗапчасть 13280 21213-6103298	CarPart
Бархотка на двери 2123 нижняя внутренняя 4шт. БалаковоЗапчасть 11869 2123-6103320/6203320	CarPart
Бархотка на двери 2123 нижняя наружная к-т 4 шт БалаковоЗапчасть 11212	CarPart
Бархотка на двери 2170 2110 верхняя к-т 4шт БалаковоЗапчасть 11192  2170-6103298/ 6203292/93	CarPart
Бархотка на двери 2170 внутренняя к-т 4 шт	CarPart
Бархотка на двери 2170 нижняя внутреняя к-т 4 шт БалаковоЗапчасть 11164	CarPart
Бархотка на двери 2170 нижняя наружная к-т 4 шт БалаковоЗапчасть 11116	CarPart
Бархотка на двери 2191 верхняя к-т.4шт БалаковоЗапчасть 15967 1118-6103298/99 2191-6203292/93	CarPart
Бархотка на двери Лада Веста нижний наружний к-т 4шт БалаковоЗапчасть 15723	CarPart
Бархотка на двери Лада Веста нижняя внутренняя без ворса 4шт AD Plastik	CarPart
Бархотка на двери Лада Веста нижняя внутренняя с ворсом 4шт AD Plastik	CarPart
Бархотка на двери Лада Веста нижняя внутренняя с ворсом 4шт. БалаковоЗапчасть 11727 450007726/7727/7853/7854	CarPart
Бархотка на двери Лада Веста нижняя наружная 4шт AD Plastik	CarPart
Бархотка на двери Лада Ларгус нижняя внутренняя с ворсом 4шт AD Plastik	CarPart
Бархотка на двери Лада Ларгус нижняя внутренняя с ворсом 4шт БалаковоЗпачасть 15746	CarPart
Бархотка на двери Лада Ларгус нижняя внутренняя с ворсом 4шт. БалаковоЗапчасть 11690 8450000567/568/573/574	CarPart
Бархотка на двери Лада Ларгус нижняя наружная двойная лапка 4шт. БалаковоЗапчасть 11919 8450000565/566/570/571	CarPart
Бархотка на двери Лада Х рей верхняя к-т 4шт БалаковоЗапчасть 15722	CarPart
Бархотка на двери Лада Х рей нижний внутренний к-т 4шт БалаковоЗапчасть 15676	CarPart
Бархотка на двери Лада Х рей нижний наружний к-т 4шт БалаковоЗапчасть 15720	CarPart
Бархотка на двери Нива Урбан Черные БалаковоЗапчасть 16020 к-т 6 шт. с облицовкой	CarPart
Бархотка на деври 2123 нижний наружный к-т.4шт н/о с двойной лапкой БалаковоЗапчасть 15721 2123-6103290/91 2123-6203290/91	CarPart
Бачок гидротормозов 1118	CarPart
Бачок гидротормозов 2101	CarPart
Бачок гидротормозов 2108-2112,2170,2190	CarPart
Бачок гидротормозов 2123	CarPart
Бачок омывателя 1118	CarPart
Бачок омывателя 2106	CarPart
Бачок омывателя 2108	CarPart
Бачок омывателя 2110	CarPart
Бачок омывателя 2114	CarPart
Бачок омывателя 2115	CarPart
Бачок омывателя 21213	CarPart
Бачок омывателя 21214	CarPart
Бачок омывателя 2123	CarPart
Бачок омывателя 2170	CarPart
Бачок омывателя 2190	CarPart
Бачок расширительный 1118	CarPart
Бачок расширительный 2101	CarPart
Бачок расширительный 2108	CarPart
Бачок расширительный 21083	CarPart
Бачок расширительный 2110	CarPart
Бачок расширительный 21214	CarPart
Бачок расширительный 2123	CarPart
Бачок расширительный 2170,2190	CarPart
Бачок рулевого управления 2123 масляный	CarPart
Бачок сцепления 2101	CarPart
Бачок сцепления 2121 в сборе	CarPart
Башмак натяжителя 2101	CarPart
Башмак натяжителя 2103	CarPart
Башмак натяжителя 21213	CarPart
Башмак натяжителя 21214	CarPart
Башмак натяжителя 21214 СЫЗРАНЬ 21214-1006090-01	CarPart
Башмак натяжителя цепи со звездочкой 2101	CarPart
Башмак натяжителя цепи со звездочкой 21213	CarPart
Башмак натяжителя цепи со звездочкой 21214 2123	CarPart
Башмак противооткатный резиновый под колесо	CarPart
Бегунок 2101	CarPart
Бегунок 2108	CarPart
Бегунок 21213	CarPart
Блок выключателей Лада Веста 21.3768 панели приборов 8450006943	CarPart
Блок выключателей Лада Веста 21.3768 панели приборов АВАР 8450006943	CarPart
Блок выпрямителей 1118 TR8-105 115А Avtograd 1118-3701315-11	CarPart
Блок выпрямителей 1118 КЗАТЭ БВ08-105 1118-3701315	CarPart
Блок выпрямителей 1118 РЖЕВ МП13-80-3-202 2110-3701315	CarPart
Блок выпрямителей 2101 56-65-02А  Avtograd 2101-3701315-11	CarPart
Блок выпрямителей 2101 КЗАТЭ 2101-3701315	CarPart
Блок выпрямителей 2107 БВП 56-90-01  Avtograd 2107-3701315-11	CarPart
Блок выпрямителей 21073 КЗАТЭ БВ056-90-01 21073-3701315	CarPart
Блок выпрямителей 2108 КЗАТЭ БПВ 56-65-02 н/о 1 провод 2108-3701315	CarPart
Блок выпрямителей 2108 КЗАТЭ БПВ 56-65-02 н/о 2108-3701315	CarPart
Блок выпрямителей 2108 КЗАТЭ с/о 2 провода 2108-3701315	CarPart
Блок выпрямителей 2110 ELDIX	CarPart
Блок выпрямителей 2110 БВ-03-105-02 БАТЭ	CarPart
Блок выпрямителей 2110 БВО 3-105-01 без болта  Avtograd 2110-3701315-11	CarPart
Блок выпрямителей 2110 БВО 3-105-01 под гайку Avtograd 2110-3701315-22	CarPart
Блок выпрямителей 2110 БВО 3-105-01 с болтом и гайкой Avtograd 2110-3701315-33	CarPart
Блок выпрямителей 2110 КЗАТЭ БВ03-105-01 2110-3701315	CarPart
Блок выпрямителей 2110 КЗАТЭ БВ04-105-01 для двиг. 1,6V 2110-3701315	CarPart
Блок выпрямителей 2110 с крышкой VDB 0110 STARTVOLT	CarPart
Блок выпрямителей 21214 120А БВО 8-120-08 02 9402.3701-14 7702.3701-01 7712.3701-01 9482.3701-03	CarPart
Блок выпрямителей 2123 КЗАТЭ БВ04-105-05 2123-3701315	CarPart
Блок выпрямителей 2170 140А БВО 8-140-07 02 Г9402.3701-14М 17М 18М 9402.3701-14М	CarPart
Блок выпрямителей 2170 КЗАТЭ 115А 2170-3701315	CarPart
Блок выпрямителей Лада Веста VALEO TG12C209 с крышкой генератора	CarPart
Блок иммобилайзера 2115  АПС-4 2115-3840010	CarPart
Блок иммобилайзера 2123  АПС-6 2123-3840010-03	CarPart
Блок предохранителей 2101 большой ЛЭТЗ ПР-112 2101-3722000	CarPart
Блок предохранителей 2106 маленький евро предохранители АВАР 46.3722 2106-3722010	CarPart
Блок предохранителей 21214 дополнительный  542.698	CarPart
Блок предохранителей и реле 2105 402.3722010-02 евро АВАР 2105-3722020	CarPart
Блок предохранителей и реле 2105 404.3722 евро АВАР 2105-3722010-22	CarPart
Блок предохранителей и реле 2107 521.3722 инжектор АВАР 2107-3722010-02	CarPart
Блок предохранителей и реле 2108 с/о 172.3722-08 Орел 2108-3722020	CarPart
Блок предохранителей и реле 21083 173.3722-01 евро АВАР 21083-3722020-10	CarPart
Блок предохранителей и реле 2110 391.3722М АВАР 2110-3722010	CarPart
Блок предохранителей и реле 2114 36.3722010-18 ТОЧМАШ 2114-3722010	CarPart
Блок предохранителей и реле 2114 361.3722М АВАР 2114-3722010-08	CarPart
Блок предохранителей и реле 2114 367.3722М люкс АВАР 2114-3722010	CarPart
Блок предохранителей и реле 2123 392.3722М АВАР 2123-3722010-12	CarPart
Блок предохранителей и реле 2123 393.3722М АВАР GM 2123-3722010	CarPart
Блок предохранителей и реле 2123 394.3722М АВАР 2123-3722020	CarPart
Блок предохранителей и реле 2190 53.3722 АВАР 2190-3722020	CarPart
Блок предохранителей и реле* 2110	CarPart
Блок предохранителей и реле* 2123	CarPart
Блок управления 11183 BOSCH 1411020-20 11183	CarPart
Блок управления 11183 АВТЭЛ 1411020-21 11183	CarPart
Блок управления 11183 ИТЭЛМА 11183-1411020-02	CarPart
Блок управления 11183 ИТЭЛМА 11183-1411020-22	CarPart
Блок управления 11183 ИТЭЛМА 11183-1411020-52	CarPart
Блок управления 11183 ИТЭЛМА 11183-1411020-62	CarPart
Блок управления 11186 ИТЭЛМА 11186-1411020-22	CarPart
Блок управления 11194 BOSCH 11194-1411020-10	CarPart
Блок управления 11194 ЭЛКАР 11194-1411020-02	CarPart
Блок управления 2104 BOSCH 1411020-10 2104	CarPart
Блок управления 21067 ИТЭЛМА 21067-1411020	CarPart
Блок управления 21067 ИТЭЛМА 21067-1411020-12	CarPart
Блок управления 21067 ИТЭЛМА 21067-1411020-22	CarPart
Блок управления 21067 ИТЭЛМА 21067-1411020-32	CarPart
Блок управления 21067 ЯНВАРЬ 21067-1411020-11	CarPart
Блок управления 2111 BOSCH 1411020-50 2111	CarPart
Блок управления 2111 BOSCH 1411020-80 2111	CarPart
Блок управления 2111 ИТЭЛМА 2111-1411020-81	CarPart
Блок управления 2111 ЯНВАРЬ 2111-1411020-61	CarPart
Блок управления 2111 ЯНВАРЬ 2111-1411020-71	CarPart
Блок управления 21114  ИТЭЛМА 1411020-42 21114	CarPart
Блок управления 21114 8 клапанный АВТЭЛ 21114-1411020-31	CarPart
Блок управления 21114 BOSCH 21114-1411020	CarPart
Блок управления 21114 BOSCH 21114-1411020-40	CarPart
Блок управления 21114 ИТЭЛМА 21114-1411020-11	CarPart
Блок управления 21114 ИТЭЛМА 21114-1411020-12	CarPart
Блок управления 21114 ИТЭЛМА 21114-1411020-32	CarPart
Блок управления 21116 ИТЭЛМА 21116-1411020-12	CarPart
Блок управления 2112 ЯНВАРЬ 2112-1411020-41	CarPart
Блок управления 2112 ЯНВАРЬ 2112-1411020-71	CarPart
Блок управления 21124 DO АВТЭЛ 21124-1411020-32	CarPart
Блок управления 21124 ИТЭЛМА 16 клапанный 21124-1411020-32	CarPart
Блок управления 21124 ИТЭЛМА 21124-1411020-11	CarPart
Блок управления 21126 BOSCH 21126-1411020-40	CarPart
Блок управления 21126 ИТЭЛМА 21126-1411020-32	CarPart
Блок управления 21126 ИТЭЛМА 21126-1411020-90	CarPart
Блок управления 21127 ИТЭЛМА 21127-1411020-46	CarPart
Блок управления 21214 BOSCH 1411020-30 21214	CarPart
Блок управления 21214 BOSCH 1411020-50 21214	CarPart
Блок управления 21214 BOSCH 21214-1411020-20	CarPart
Блок управления 2123 BOSCH 21230-1411020-40	CarPart
Блок управления 2123 BOSCH 21230-1411020-50	CarPart
Блок управления 2123 BOSCH 2123-1411020-00	CarPart
Блок управления 2123 BOSCH 2123-1411020-10	CarPart
Блок управления 2123 BOSCH 2123-1411020-30	CarPart
Блок управления 2123 BOSCH 2123-1411020-90	CarPart
Блок управления 2123 ИТЭЛМА 2123-1411020-11	CarPart
Блок управления блокировки замков дверей  6 контактов с/о 21093	CarPart
Блок управления блокировки замков дверей  8 контактов н/о 21093	CarPart
Блок управления блокировки замков дверей 6 контактов с/о 21093	CarPart
Блок управления блокировки замков дверей 8 контактов н/о 21093	CarPart
Блок управления зеркалами 2110 АВАР 12.3769 2110-3709730	CarPart
Блок управления зеркалами 2115 Avtograd 2115-3709730-11	CarPart
Блок управления зеркалами Лада Ларгус RENAULT джойстик 4601-255706283R	CarPart
Блок управления обогревом сидений 2110 Avtograd 2110-370971011	CarPart
Блок управления обогревом сидений 2170 171.3763 АВАР 2170-3709710	CarPart
Блок управления обогревом сидений 2170 Avtograd 2170-370971011	CarPart
Блок управления обогревом сидений 4601 Лада Веста 63.3769 АВАР	CarPart
Блок управления отопителем 1118 с кондиционером	CarPart
Блок управления отопителем 2110 1323.3854 2110-8121020	CarPart
Блок управления отопителем 2110 с автоматом 2110-8128020	CarPart
Блок управления отопителем 2123 с рычагом 2123-8021020-02	CarPart
Блок управления отопителем 2190 с кондиционером	CarPart
Блок управления подушки безопасности 1118 АВТОВАЗ 1118-3824010-00	CarPart
Блок управления подушки безопасности 2190 2 подушки АВТОВАЗ 2190-3824010-10	CarPart
Блок управления сигнализации системы парковки 2190 ИТЕЛМА 21900-3826006-00	CarPart
Блок управления сигнализации системы парковки 2190 ИТЕЛМА 21900-3826006-10	CarPart
Блок управления стеклоподемниками 2110 4 клавиши Avtograd 21100-370961111	CarPart
Блок управления стеклоподъемниками 1118 2 клавиши* 1118-3709810-10	CarPart
Блок управления стеклоподъемниками 1118 АВАР 351.3769 2 клавиши 1118-3709810	CarPart
Блок управления стеклоподъемниками 2110 2 клавиши Avtograd 21100-370961311	CarPart
Блок управления стеклоподъемниками 2110 2 клавиши* 2110-3709710	CarPart
Блок управления стеклоподъемниками 2110 4 клавиши* 2110-3709720	CarPart
Блок управления стеклоподъемниками 2110 АВАР 18.3763 4 клавиши 2110-3709720	CarPart
Блок управления стеклоподъемниками 2110 АВАР 181.3763 2 клавиши 2110-3709710	CarPart
Блок управления стеклоподъемниками 2110 ОМЕГА 181.3763 2 клавиши 2110-3709710	CarPart
Блок управления стеклоподъемниками 2190 2 клавиши Avtograd 21900-370981011	CarPart
Блок управления стеклоподъемниками 2190 2 клавиши* 2190-3709613	CarPart
Блок управления стеклоподъемниками 2190 357.3769 2 клавиши АВАР 2190-3709613	CarPart
Блок управления стеклоподъемниками Датсун 61.3769-10 2 клавиши с управлением зеркалами АВАР 8450006942	CarPart
Блок управления стеклоподъемниками Лада Веста 62.3769 2 клавиши без управления зеркалами  АВАР 62.3769	CarPart
Блок управления стеклоподъемниками Лада Веста 62.3769 2 клавиши без управления зеркалами 62.3769	CarPart
Блок управления стеклоподъемниками Лада Веста 62.3769 ЛЮКС  4 клавиши управление зеркалами и блокировки двери	CarPart
Блок управления стеклоподъемниками Лада Веста 62.3769-10 2 клавиши с управленияением зеркалами 62.3769-10	CarPart
Блок управления стеклоподъемниками Лада Веста 62.3769-10 2 клавиши с управленияением зеркалами АВАР 62.3769-10	CarPart
Блок управления стеклоподъемниками Лада Веста 62.3769-20 4 клавиши управление зеркалами и блокировки двери  62.3769-20	CarPart
Блок управления стеклоподъемниками Лада Веста 62.3769-20 4 клавиши управление зеркалами и блокировки двери АВАР 62.3769-20	CarPart
Блок управления стеклоподъемником 2195 АВАР люкс 2195-3709810	CarPart
Блок управления экономайзером 2105 5013.3761 СОЛЕКС АВТОЭЛЕКТРОНИКА 2105-3747020-10	CarPart
Блок управления экономайзером 2105 ОЗОН АВТОЭЛЕКТРОНИКА 25.3761 2105-3747020	CarPart
Блок управления экономайзером 2108 5003.3761 АВТОЭЛЕКТРОНИКА 2108-3747020	CarPart
Блок управления электропакетом 1118 ИТЭЛМА 11180-6512010-00	CarPart
Блок управления электропакетом 2190 АВАР 2170-3763040 2170	CarPart
Блок управления электропакетом 2190 центральный 21900-3840080-21	CarPart
Блок управления электропакетом 2190 центральный 21900-3840080-50	CarPart
Блок управления электропакетом 2190 центральный 21900-3840080-60	CarPart
Блок управления электропакетом 2190-3840080-11	CarPart
Блок фара 1111 левая правая Формула света 1111-3711010	CarPart
Блок фара 1118 левая BOSCH 676512.115 1118-3711011	CarPart
Блок фара 1118 левая аналог BOSCH пластик СЕВиЕМ 1118-3711011-45	CarPart
Блок фара 1118 левая аналог КИРЖАЧ стекло СЕВиЕМ 1118-3711011-35	CarPart
Блок фара 1118 левая Формула  света 0 301 217 201 1118-3711011	CarPart
Блок фара 1118 правая BOSCH 676512.116 1118-3711010	CarPart
Блок фара 1118 правая аналог BOSCH пластик СЕВиЕМ 1118-3711010-45	CarPart
Блок фара 1118 правая аналог КИРЖАЧ стекло СЕВиЕМ 1118-3711010-35	CarPart
Блок фара 1118 правая Формула света  0 301 217 202 1118-3711010-15	CarPart
Блок фара 2105 левая белый указатель Формула света 2105-3711010	CarPart
Блок фара 2105 левая Формула света 2105-3711011	CarPart
Блок фара 2105 правая указатель поворота белый ОСВАР 95.3711 2105-3711010-03	CarPart
Блок фара 2105 правая Формула света 2105-3711010	CarPart
Блок фара 2108 левая серый корпус  указатель поворота белый Формула света 2108-3711011-20	CarPart
Блок фара 2108 левая серый корпус Формула света 2108-3711011-20	CarPart
Блок фара 2108 левая чёрный корпус Формула света 2108-3711011-20	CarPart
Блок фара 2108 правая  света серый корпус Формула света 2108-3711010-20	CarPart
Блок фара 2108 правая серый корпус указатель поворота белый Формула света 2108-3711010-15	CarPart
Блок фара 2108 правая указатель поворота белый ОСВАР 93.3711 2108-3711010-03	CarPart
Блок фара 2108 правая чёрный корпус Формула света 2108-3711010-15	CarPart
Блок фара 2110 левая BOSCH 301 050 013 2110-3711011	CarPart
Блок фара 2110 левая без линзы света под BOSCH Формула света 0 301 050 013 2110-3711011	CarPart
Блок фара 2110 левая линза КИРЖАЧ 583.3711010 2110-3711011	CarPart
Блок фара 2110 правая BOSCH 0301 050 014 2110-3711010	CarPart
Блок фара 2110 правая без линзы под BOSCH 582.3711010 Формула света 2110-3711012	CarPart
Блок фара 2110 правая линза под Киржач 582.3711010 Формула света 2110-3711012	CarPart
Блок фара 2114 левая указатель поворота белый BOSCH 676 512053-02 2114-3711011	CarPart
Блок фара 2114 левая указатель поворота белый КИРЖАЧ 742.3711010-02 2114-3711011	CarPart
Блок фара 2114 левая указатель поворота желтый BOSCH 676 512053-01 2114-3711011	CarPart
Блок фара 2114 правая указатель поворота белый BOSCH 676 512 054-02 2114-3711010	CarPart
Блок фара 2114 правая указатель поворота белый аналог BOSCH СЕВиЕМ 2114-3711010-20	CarPart
Блок фара 2114 правая указатель поворота белый КИРЖАЧ 743.3711010-02 2114-3711010	CarPart
Блок фара 2114 правая указатель поворота желтый BOSCH 676 512 054-01 2114-3711010	CarPart
Блок фара 2114 правая указатель поворота желтый КИРЖАЧ 743.3711010-01 2114-3711010	CarPart
Блок фара 2115 левая под Киржач 743.3711010 Формула света 2115-3711011	CarPart
Блок фара 2115 левая указатель поворота белый под Киржач Формула света 2114-3711011-20	CarPart
Блок фара 2115 правая  указатель поворота белый под Киржач Формула света 2115-3711010-15	CarPart
Блок фара 2115 правая под BOSCH Формула света 2115-3711010	CarPart
Блок фара 2115 правая под Киржач 742.3711010 Формула света  2115-3711010	CarPart
Блок фара 2123 левая с/о BOSCH 676512.201 2123-3711011	CarPart
Блок фара 2123 правая н/о BOSCH 676512.118 2123-3711010	CarPart
Блок фара 2123 правая с/о BOSCH 0301 188.202 2123-3711010	CarPart
Блок фара 2170  диодная правая 2170-3711010	CarPart
Блок фара 2170 левая 341.3775010 Формула света 2170-3711011	CarPart
Блок фара 2170 левая BOSCH 676 512 065 2170-3711011	CarPart
Блок фара 2170 левая аналог BOSCH СЕВиЕМ 2170-3711011-35	CarPart
Блок фара 2170 левая аналог КИРЖАЧ СЕВиЕМ  2170-3711011-45	CarPart
Блок фара 2170 правая BOSCH 676 512 066 2170-3711010	CarPart
Блок фара 2170 правая аналог BOSCH СЕВиЕМ 2170-3711010-35	CarPart
Блок фара 2170 правая аналог КИРЖАЧ СЕВиЕМ 2170-3711010-45	CarPart
Блок фара 2170 правая с дневными ходовыми огнями BOSCH 676512.134 2170-3711010	CarPart
Блок фара 21704 левая с дневными ходовыми огнями BOSCH 676512.133 21704-3711011-00	CarPart
Блок фара 2190 левая аналог КИРЖАЧ СЕВиЕМ 2190-3711011	CarPart
Блок фара 2190 левая н/о ГРАНТА FL (ML) 8450100857	CarPart
Блок фара 2190 Левая Формула света 2190-3711010	CarPart
Блок фара 2190 правая аналог КИРЖАЧ СЕВиЕМ 2190-3711010	CarPart
Блок фара 2190 правая н/о ГРАНТА FL (ML) 8450100856	CarPart
Блок фара 2190 правая Формула света 2190-3711011	CarPart
Блок фара 2192 левая аналог КИРЖАЧ СЕВиЕМ 2192-3711011	CarPart
Блок фара 2192 правая аналог КИРЖАЧ СЕВиЕМ 2192-3711010	CarPart
Блок фара Датсун Он До левая	CarPart
Блок фара Датсун Он До правая	CarPart
Блок фара Лада Веста правая Формула света 8450006952	CarPart
Блок фара Лада Ларгус левая СЕВиЕМ 8200744753	CarPart
Блок фара Лада Ларгус Логан правая Формула света 8200744754	CarPart
Блок фара Лада Ларгус правая СЕВиЕМ 8200744754	CarPart
Блок фара Лада Х Рей левая 260600467R	CarPart
Блок фара Лада Х Рей правая 2601074367R	CarPart
Блок цилиндров 21213 в сборе с коленвалом и поршнями	CarPart
Блок шестерен промежуточный 21074 14/28 зубьев  21074-1701050	CarPart
Блок шестерен пятой передачи 2107 15 зубьев 2107-1701138	CarPart
Блок шестерен пятой передачи 2107 15 зубьев с/о 2107-1701138	CarPart
Блок шестерен пятой передачи 2123 14 зубьев 2123-1701138	CarPart
Блокировка линии выбора заднего хода соленоид 1118 d-16 с/о Кострома 1118-1414050	CarPart
Блокировка линии выбора заднего хода соленоид 1118 D20 н/о СОАТЭ 1118-1414050-11	CarPart
Боковина кузова левая 2109 АВТОВАЗ 2109-5401061-10	CarPart
Боковина кузова правая 2109 АВТОВАЗ 2109-5401060-10	CarPart
Болт башмака натяжителя 2101  21010-1006098-008	CarPart
Болт головки цилиндров 2101 М12х120х1,25  2101-1003271	CarPart
Болт головки цилиндров 2101 М12х120х1,25 2101-1003271	CarPart
Болт головки цилиндров 2108 М12х135х1,25  2108-1003271-008	CarPart
Болт головки цилиндров 2108 М12х135х1,25 2108-1003271	CarPart
Болт головки цилиндров 21116 М10х135х1,25  21116-1003271	CarPart
Болт головки цилиндров 2112 М10х98х1,25  2112-1003271	CarPart
Болт головки цилиндров 2112 М10х98х1,25 н/о  2112-1003271-019	CarPart
Болт головки цилиндров 2112 М10х98х1,25 н/о 2112-1003271	CarPart
Болт головки цилиндров 21213 М12х115х1,25 н/о звездочка  21213-1003271-018	CarPart
Болт головки цилиндров 21213 М12х115х1,25 н/о звездочка 21213-1003271	CarPart
Болт головки цилиндров 21213 М12х115х1,25 с/о  21213-1003271-008	CarPart
Болт головки цилиндров Лада Веста Ларгус М10х115х1,5 03560-5044001-209	CarPart
Болт колеса 2101 М12х27  2101-3101040	CarPart
Болт колеса 2101 на литые диски М12х1,25х32 ключ 19  00356 2101-00356-7167000-009	CarPart
Болт колеса 2101 на литые диски М12х30,5х1,25 с буртиком ключ 19  (00356) 2101 2108-00356-7046200-009	CarPart
Болт колеса 2101 на литые диски М12х30,5х1,25 с буртиком ключ 19 2101 2108-00356-7046200-009	CarPart
Болт колеса 2108 М12х23 ключ 17 н/о  2108-3101040	CarPart
Болт колеса 2108 М12х23х1,25 ключ 19  2108-3101040	CarPart
Болт колеса 2108 М12х23х1,25 ключ 19 2108-3101040	CarPart
Болт колеса 2112 М12х25 с буртиком ключ 17 н/о 2112-3101040	CarPart
Болт колеса 2112 М12х25х1,25 с буртиком ключ 17 н/о  2112-3101040-119	CarPart
Болт колеса 2112 М12х25х1,25 с/о ключ 19  2112-3101040-008	CarPart
Болт колеса 2112 М12х25х1,25 с/о ключ 19 2112-3101040-008	CarPart
Болт колеса 2121 заднего М12х41  2121-3104039	CarPart
Болт колеса 2121 переднего М12х38  2121-3103039	CarPart
Болт колеса Лада Ларгус GROG 402222121	CarPart
Болт колеса Лада Ларгус Веста Х Рей М12х1,5х22  356-7526400-009	CarPart
Болт колеса Лада Ларгус завод 4601	CarPart
Болт колеса М12х1,5х30 ключ 19  иномарка	CarPart
Болт колеса М12х27 2101-3101040	CarPart
Болт колеса с секретом 2101 к-т 4 шт	CarPart
Болт колеса с секретом 2108 HERZOG HL8 1040A для литых дисков к-т 4 шт.+2 секр. Ключа	CarPart
Болт колеса с секретом 2108 HERZOG HL8 1040C к-т 4 шт.+2 секр. Ключа	CarPart
Болт колеса с секретом 2121 к-т 4 шт	CarPart
Болт колеса с секретом 372093H1 M12X1,25X24 Хром Конус с выступом, 5 луч., 1 кл. 372093H1 matrix к-т	CarPart
Болт колеса с секретом 372110H1 M12X1,25X28 Хром Конус с выступом, 5 луч., 1 кл. 372110H1 matrix к-т	CarPart
Болт колеса с секретом 374110H1 M14X1,50X28 Хром Конус с выступом, 5 луч., 1 кл. 374110H1 matrix к-т	CarPart
Болт колеса с секретом 375093H1 M12X1,50X24 Хром Конус с выступом, 5 луч., 1 кл. 375093H1 matrix к-т	CarPart
Болт колеса с секретом 375110H2 M12X1,50X28 Хром Конус с выступом, 5 луч., 1 кл. 375110H2 matrix к-т	CarPart
Болт колеса с секретом для литья к-т 4 шт 2101	CarPart
Болт колеса с секретом Лада Веста шаг 1,5 к-т 4 шт HEYNER*	CarPart
Болт крепления резонатора на треугольный фланец к-т 3 шт	CarPart
Болт крепления штанг задней подвески 2101 к-т 10 шт	CarPart
Болт крепления штанг задней подвески 2101 к-т 10 шт БЕЛЗАН №34	CarPart
Болт крепления штанг задней подвески 2101 к-т 10 шт гайка нейлон	CarPart
Болт М10 кронштейна растяжки 2108 к-т 3 шт 	CarPart
Болт М10*65*1,25 крепления задней опоры двигателя нижний Лада Веста 21800-1001518-008	CarPart
Болт М10х1,25 шланга тормозного 2101 перепускной  2101-3506078	CarPart
Болт М10х1,25х25 шаровой опоры черный 2108-15970730	CarPart
Болт М10х115 крепления бампера 2108  21080-2803168	CarPart
Болт М10х115 крепления бампера 21080-2803168	CarPart
Болт М10х115 подушки правой опоры 2110 М10х115  2110-00001 1001214-008	CarPart
Болт М10х135х1,25 головки цилиндров 21116-1003271	CarPart
Болт М10х152х1.25 рулевого механизма и маятника 2121  2121-3401155	CarPart
Болт М10х160х1.25 рулевого механизма и маятника  2123-3401155	CarPart
Болт М10х23,5х1,25 маховика 2101  2101-1005127	CarPart
Болт М10х25х1,25 звёздочки распредвала и суппорта 2101 белый  2101-15970721	CarPart
Болт М10х25х1,25 шаровой опоры 2108  черный  2108-0059707-308	CarPart
Болт М10х25х1,25 шаровой опоры 2170 2190  звездочка  21080-2904194-008	CarPart
Болт М10х28х1,25 полуоси правый 2101  2101-3502112	CarPart
Болт М10х32х1,25 ступицы 2101  короткий  21010-3001038-008	CarPart
Болт М10х35х1,25 крепления ролика натяжителя 1118   1118-1041122-008	CarPart
Болт М10х42х1,25 полуоси левый 2101  2101-3502113	CarPart
Болт М10х45х1,25 опоры двигателя 2110   21100-1001219-008	CarPart
Болт М10х45х1.25 шкива распределительного вала 2112  2112-1006058	CarPart
Болт М10х50х1,25 кронштейна растяжки 2108 короткий 2108-11343827	CarPart
Болт М10х50х1.25 амортизатора переднего 2101  2101-11343830	CarPart
Болт М10х50х1.25 кронштейна растяжки 2108 короткий  2108-11343827	CarPart
Болт М10Х52Х1,25 шаровой опоры с гайкой Лада Ларгус-7703102120	CarPart
Болт М10х55 кронштейна генератора 2108	CarPart
Болт М10х55 кронштейна генератора 2108  00001-0058887-219	CarPart
Болт М10х55х1,25 кронштейна генератора 2112 с фланцем  21120-1001371-008	CarPart
Болт М10х65х1 рулевого механизма 2108   21080-3401066-008	CarPart
Болт М10х65х1,25 коренных шеек 2101  2101-14234330	CarPart
Болт М10х66х1,25 поворотного кулака 2101  длиный  21010-3001037-008	CarPart
Болт М10х70х1,25 кронштейна растяжки 2108 длинный  2108-15888821	CarPart
Болт М10х75х1,25 нижнего рычага 2108  2108-15971321	CarPart
Болт М10х75х1,25 нижнего рычага 2108-15971321	CarPart
Болт М10х90х1,25 КПП  5-ой перед 2107 самоконтрящийся 2107-14234830	CarPart
Болт М10х90х1,25 КПП 5-ой пер 2107 самоконтрящийся  2107-14234830	CarPart
Болт М10х90х1,25 КПП 5-ой пер 2107 самоконтрящийся 2107-14234830	CarPart
Болт М10х95х1,25 рулевого механизма и маятника 2101  2101-3401155	CarPart
Болт М12х120х1.25 генератора 2101 в сборе  2101-15541821	CarPart
Болт М12х140х1,25 амортизатора заднего 2101  2101-15542021	CarPart
Болт М12х140х1.25 амортизатора заднего 2101  в сборе  2101-15542021	CarPart
Болт М12х140х1.25 амортизатора заднего 2101 в сборе ПЕНЗА  2101-15542021	CarPart
Болт М12х140х1.25 амортизатора заднего 2101 в сборе ПЕНЗА 2101-15542021	CarPart
Болт М12х150х1,25 реактивной штанги 2101  2101-15542021	CarPart
Болт М12х150х1,25 реактивной штанги 2101-15542021	CarPart
Болт М12х35х1,25 шкива коленвала 2110  21100-1005076-008	CarPart
Болт М12х35х1.25 шкива коленвала 2110-1005076	CarPart
Болт М12х55х1,25 стойки нижний 2108  2108-00001-0055409-319	CarPart
Болт М12х55х1,25 стойки нижний 2110  2110 КАЛИНА ПРИОРА 21080-2901051-008	CarPart
Болт М12х58х1,25 поворотного кулака, ступицы 2121 длиный  2121-00001 3001037-008	CarPart
Болт М12х60х1,25 КПП 2108  2108-00001-0055410-218	CarPart
Болт М12х60х1,25 стойки верхний 2108 развала колес в сборе ТОЛЬЯТТИ  2108-2901050	CarPart
Болт М12х70х1.25 штанги поперечной 2101  2101-15541221	CarPart
Болт М12х75х1.25 муфты эластичной 2101  2101-15541321	CarPart
Болт М12х80х1,25 штанги поперечной 2101  2101-0055414-219	CarPart
Болт М12х80х1,25 штанги поперечной 2101-15541421	CarPart
Болт М12х81х1,25 поперечины подвески передней 2101  2101-2904210	CarPart
Болт М12х81х1,25 поперечины подвески передней 2101-2904210	CarPart
Болт М12х91х1,25 рычага заднего 2108  21080-2914040-008	CarPart
Болт М14х80х1,5 крепления бампера 2121   2121-2803044	CarPart
Болт М16х76х1,5 крепления задней опоры двигателя 1118  11180-1001488-008	CarPart
Болт М4х45 подушки глушителя 2101  2101-00001-0058912-118	CarPart
Болт М4х45 подушки глушителя 2101-00001-0058912-118	CarPart
Болт М5х10 крепления регулятора тормозов с гровером  2101-00001-0038200-218	CarPart
Болт М6 с отрывной головкой  2101-3704324	CarPart
Болт М6 с отрывной головкой  2110-3704324	CarPart
Болт М6 с отрывной головкой 2101-3704324	CarPart
Болт М6х12 c гроверм  13824111	CarPart
Болт М6х12 c гроверм 13824111	CarPart
Болт М6х12 крепления ЗТЦ 2101  2101-00001-0009020-218	CarPart
Болт М6х12 с буртиком  00001-0038360-218	CarPart
Болт М6х14 крепления датчика скорости 1118  11180-3538408-008	CarPart
Болт М6х14 крепления поддона 2101  2101-10902121	CarPart
Болт М6х16  00001-0009022-218	CarPart
Болт М6х16 00001-0009022-218	CarPart
Болт М6х16 с буртиком  13836471	CarPart
Болт М6х16 с буртиком 13836471 2101	CarPart
Болт М6х20 крепления брызговика 2101  00001-0009024-218	CarPart
Болт М6х25 -00001-0009026-218	CarPart
Болт М6х25 -00001-0009026-218	CarPart
Болт М6х30  крепления масленого насоса 2101-1011235	CarPart
Болт М6х30 клеммы аккумулятора 2101 -00001-0019450-088	CarPart
Болт М6х30 крепления масленого насоса 2101  2101-0009028-218	CarPart
Болт М6х35 крепления масленого насоса 2101 успокоителя  2101-0009030-218	CarPart
Болт М6х35 крепления масленого насоса 2101 успокоителя 2101-0009030-218	CarPart
Болт М6х36 корпуса распредвала 2112  2112-1006086	CarPart
Болт М6х41 успокоителя цепи 21214  21214-1006107-008	CarPart
Болт М6х45 -00001-0009034-218	CarPart
Болт М6х53 крышки ГБЦ 2112  2112-1003326	CarPart
Болт М6х53 крышки ГБЦ 2112-1003326	CarPart
Болт М6х65 натяжителя ремня генератора 2110  21100-3701629-008	CarPart
Болт М6х75 крышки стартера 2101 -00001-0010304-218	CarPart
Болт М7/16"х30 ремня безопасности 2101 короткий  2101-8217260-10	CarPart
Болт М7/16х37 ремня безопасности 2101 длинный  2101-8217256	CarPart
Болт М8х110 генератора 1118  в сборе 1118-3701376	CarPart
Болт М8х110 генератора 1118  1118-3701376	CarPart
Болт М8х110 генератора 2110 в сборе  2110-3701376	CarPart
Болт М8х19 корзины сцепления 2108   2108-1601207	CarPart
Болт М8х19 корзины сцепления 2108-1601207	CarPart
Болт М8х20 бампера 2107 боковой  хром 4) 2107-2804146	CarPart
Болт М8х20 корзины сцепления 2101 с шайбой  2101-13825821	CarPart
Болт М8х20 корзины сцепления 2101 с шайбой 2101-13825821	CarPart
Болт М8х20 крепления защиты двигателя 2101 с зубчатым буртиком  2101-0038381-218	CarPart
Болт М8х23 редуктора заднего моста 2101  2101-00001 2402101-018	CarPart
Болт М8х23 редуктора заднего моста 2101 н/о звездочка  2101-00001 2402101-108	CarPart
Болт М8х25 бампера 2107  верхний хром 4) 2107-2803038	CarPart
Болт М8х25 шаровой опоры 2101  2101-0060436-218	CarPart
Болт М8х25 шаровой опоры 2101 в сборе с гайкой  2101-16043630	CarPart
Болт М8х25 шаровой опоры 2101 в сборе с гайкой 2101-16043630	CarPart
Болт М8х25 шаровой опоры 2101-16043630	CarPart
Болт М8х26 крепления карданного вала 2101  2101-2201107	CarPart
Болт М8х26 крепления карданного вала 2101 в сборе с гайкой 50) 2101-2201107	CarPart
Болт М8х26 крепления фланца карданного вала 2101 в сборе с гайкой	CarPart
Болт М8х26 крепления фланца карданного вала 2101-2201107	CarPart
Болт М8х30 рулевого вала 2101  2101-16043821	CarPart
Болт М8х32 шаровой опоры 2121  2121-2904194	CarPart
Болт М8х35 крепления картера КПП Лада Веста  с фланцем D-13 21810-1701344-008	CarPart
Болт М8х35 скрутки рулевых тяг  0060439-218	CarPart
Болт М8х35 скрутки рулевых тяг 0060439-218	CarPart
Болт М8х45 крепления шатуна КАЛИНА ПРИОРА  11186-1004062	CarPart
Болт М8х45 стартера 2101  с гровером 2101-13826821	CarPart
Болт М8х45 стартера с гровером 2101  2101-13826821	CarPart
Болт М8х47 петли двери 1118  1118-6106020	CarPart
Болт М8х50 регулятора давления 2108  2108-00001-0060442-219	CarPart
Болт М8х66 опоры двигателя 2110 правой короткий  21100-1001161-008	CarPart
Болт М8х75 хомута глушителя 2101 малый  2101-00001-0060447-218	CarPart
Болт М8х76 кронштейна опоры двигателя 2121 правой  2121-00001 1001159-008	CarPart
Болт М8х76 опоры двигателя 2110 правой длинный  21100-1001159-008	CarPart
Болт М8х95 насоса масляного 2101  2101-16045121	CarPart
Болт натяжителя ремня генератора в сборе 2110	CarPart
Болт натяжителя ремня генератора в сборе DRM 3) 2110	CarPart
Болт номерного знака декоративный большой белый к-т 4 шт М6x13 0113Т	CarPart
Болт номерного знака декоративный большой белый к-т 4 шт М6x19 0119Т	CarPart
Болт номерного знака декоративный короткий иномарка к-т 2шт АВ023-2	CarPart
Болт номерного знака декоративный маленький белый к-т 4 шт М6x19 АВ025-б	CarPart
Болт номерного знака декоративный оцинкованный к-т 4 шт М6x19 АВ-026	CarPart
Болт номерного знака декоративный хром к-т 4 шт DolleX KNV-01	CarPart
Болт петли капота 2110-8407038 	CarPart
Болт регулировочный в сборе 2101 к-т 8 шт ВолгаАвтоПром 2101-1007075	CarPart
Болт регулировочный в сборе 2101 к-т 8 шт ПРЕМИУМ ДЕТАЛЬ 2101-1007075	CarPart
Болт регулировочный в сборе 2101-1007075 8)	CarPart
Болт регулировочный в сборе 21214 D-24 к-т 8 шт Пластина Болт Гайка Втулка	CarPart
Болт регулировочный в сборе 21214 D-24 к-т 8 шт Пластина Болт Гайка Втулка Рычаг клапана Пружина	CarPart
Болт регулировочный в сборе 21214 к-т 8 шт ПРЕМИУМ ДЕТАЛЬ 21214-1007106-00	CarPart
Болт регулировочный в сборе 21214 н/о 4) Тольятти 21214-1007075	CarPart
Болт регулировочный в сборе 21214 н/о к-т 8 шт ВолгаАвтоПром 21214-1007075	CarPart
Болт стойки развальный в сборе УЛЬЯНОВСК  2108-2901050	CarPart
Брызговик двигателя 1118 алюминий ТОЛЬЯТТИ 11180-8404413	CarPart
Брызговик двигателя 2105 DRM 2105-2802022-00	CarPart
Брызговик двигателя 2108 левый АвтоВАЗ 21080-2802023	CarPart
Брызговик двигателя 2108 пара DRM 2108-2802022/23	CarPart
Брызговик двигателя 2110 DRM 2110-2802020-01	CarPart
Брызговик двигателя 2110 АвтоВАЗ 21100-2802020-01	CarPart
Брызговик двигателя 2121 пара DRM 2121-2802021/22 НИВА	CarPart
Брызговик двигателя 21214	CarPart
Брызговик двигателя 21214 пара н/о DRM	CarPart
Брызговик двигателя 21214 с/о пара DRM 21214-2802022/23	CarPart
Брызговик двигателя 2123 пара DRM 2123-2802022/23	CarPart
Брызговик двигателя 2123 правый АВТОВАЗ 2123-2802022-10	CarPart
Брызговик двигателя 2123 правый в сборе АВТОВАЗ 2123-2802012-00	CarPart
Брызговик двигателя 2190 левый АвтоВАЗ 2190-2802023-00	CarPart
Брызговик двигателя 2190 левый с АКПП АвтоВАЗ 21920-2802023-00	CarPart
Брызговик двигателя 2190 правый АвтоВАЗ 2190-2802022-00	CarPart
Брызговик двигателя Лада Веста алюминиевый ТОЛЬЯТТИ 2180-8404413	CarPart
Брызговик защиты арок колес 2101 Балаково пара	CarPart
Брызговик колеса заднего 1118 пара Балаково 1118-8404412/13	CarPart
Брызговик колеса заднего 1118 пара БалаковоЗапчасть 7187 1118-8404412/13	CarPart
Брызговик колеса заднего 2101 пара Балаково 2101-8404310/11	CarPart
Брызговик колеса заднего 2101 пара БалаковоЗапчасть 7179 2101-8404310/11	CarPart
Брызговик колеса заднего 2101 пара БРТ 2101-8404310/11	CarPart
Брызговик колеса заднего 2108 пара Балаково 2108-8404412/13	CarPart
Брызговик колеса заднего 2108 пара БалаковоЗапчасть 7180 2108-8404412/13	CarPart
Брызговик колеса заднего 2108 пара БРТ 2108 2108-8404412/13	CarPart
Брызговик колеса заднего 2110 левый БРТ 2110-8404413Р	CarPart
Брызговик колеса заднего 2110 пара Балаково 2110-8404412/13	CarPart
Брызговик колеса заднего 2110 пара БалаковоЗапчасть 7192 2110-8404412/13	CarPart
Брызговик колеса заднего 2110 правый БРТ 2110-8404412Р	CarPart
Брызговик колеса заднего 2114 левый БРТ 2114-8404413Р	CarPart
Брызговик колеса заднего 2114 правый БРТ 2114-8404412Р	CarPart
Брызговик колеса заднего 2115 2114 пара БалаковоЗапчасть 7194 2115-8404412/13	CarPart
Брызговик колеса заднего 2115 пара резиновый Балаково 2115-8404412/13	CarPart
Брызговик колеса заднего 2121 пара Балаково 2121-8404310/11	CarPart
Брызговик колеса заднего 2121 пара БалаковоЗапчасть 7193 2121-8404310/11	CarPart
Брызговик колеса заднего 2121 универсальный БРТ 2121-8404312Р/13Р	CarPart
Брызговик колеса заднего 2123 пара н/о Bertone БалаковоЗапчасть 8609 2123-8404412/13	CarPart
Брызговик колеса заднего 2123 пара полимерный Балаково 2123-8404412/13	CarPart
Брызговик колеса заднего 2170 пара Балаково 2170-8404412/13	CarPart
Брызговик колеса заднего 2170 пара БалаковоЗапчасть 7182 2170-8404412/13	CarPart
Брызговик колеса заднего 2190 левый БРТ 2190-8404413Р	CarPart
Брызговик колеса заднего 2190 пара Балаково 2190-8404412/13	CarPart
Брызговик колеса заднего 2190 пара БалаковоЗапчасть 7191 2190-8404412/13	CarPart
Брызговик колеса заднего 2190 правый БРТ 2190-8404412Р	CarPart
Брызговик колеса заднего 2192 пара БалаковоЗапчасть 10902 2192-8404412/13	CarPart
Брызговик колеса заднего Лада Веста CROSS пара БалаковоЗапчасть 11595 7080100131	CarPart
Брызговик колеса заднего Лада Веста Кросс ФОРВАРД ТЭП пара широкие 2180-2181013-82	CarPart
Брызговик колеса заднего Лада Веста пара Балаково 7080100131	CarPart
Брызговик колеса заднего Лада Веста пара БалаковоЗапчасть 9168 7080100131	CarPart
Брызговик колеса заднего Лада Веста пара ФОРВАРД ТЭП 99999218001382	CarPart
Брызговик колеса заднего Лада Ларгус CROSS пара БалаковоЗапчасть 6001998164 11615	CarPart
Брызговик колеса заднего Лада Ларгус пара Балаково 4601	CarPart
Брызговик колеса заднего Лада Ларгус пара БалаковоЗапчасть 8280	CarPart
Брызговик колеса заднего Лада Ларгус пара ФОРВАРД ТЭП 99999901021382	CarPart
Брызговик колеса заднего Лада Х Рей пара CS20 CS20 14378	CarPart
Брызговик колеса заднего Лада Х Рей увеличенный Балаково	CarPart
Брызговик колеса заднего Лада Х Рей ФОРВАРД ТЭП пара широкие 767482288R/767495392R	CarPart
Брызговик колеса заднего Нива Урбан ФОРВАРД ТЭП пара 21218-8404310/11-10	CarPart
Брызговик колеса заднего Рено Логан пара БалаковоЗапчасть 8558 6001998164	CarPart
Брызговик колеса Лада Ларгус БРТ к-т 4 шт. короткие	CarPart
Брызговик колеса переднего 1118 пара Балаково 1118-8403512/13	CarPart
Брызговик колеса переднего 1118 пара БалаковоЗапчасть 7200 1118-8403512/13	CarPart
Брызговик колеса переднего 2101 пара с крепл Балаково 2101	CarPart
Брызговик колеса переднего 2108 пара VAZ Тольятти  2108-8404412/13	CarPart
Брызговик колеса переднего 2108 пара САМАРА  2108	CarPart
Брызговик колеса переднего 2110 левый БРТ 2110-8403513Р	CarPart
Брызговик колеса переднего 2110 пара Балаково 2110-8415512/13	CarPart
Брызговик колеса переднего 2110 пара БалаковоЗапчасть 7203 2110	CarPart
Брызговик колеса переднего 2110 пара н/о БалаковоЗапчасть 56	CarPart
Брызговик колеса переднего 2110 правый БРТ 2110-8403512Р	CarPart
Брызговик колеса переднего 2114 левый БРТ 2114-8403513Р	CarPart
Брызговик колеса переднего 2114 правый БРТ 2114-8403512Р	CarPart
Брызговик колеса переднего 2115 пара Балаково 2115-8415512/13	CarPart
Брызговик колеса переднего 2115 пара БалаковоЗапчасть 7205	CarPart
Брызговик колеса переднего 2121 CS20 14511	CarPart
Брызговик колеса переднего 2121 левый БРТ 2121-8404311Р	CarPart
Брызговик колеса переднего 2121 пара Балаково 2121-8404310/11	CarPart
Брызговик колеса переднего 2121 пара БалаковоЗапчасть 7204	CarPart
Брызговик колеса переднего 2121 правый БРТ 2121-8404310Р	CarPart
Брызговик колеса переднего 2123 пара н/о Bertone БалаковоЗапчасть 8563	CarPart
Брызговик колеса переднего 2123 пара резинов Балаково	CarPart
Брызговик колеса переднего 2170 пара Балаково 2170-8415512/13	CarPart
Брызговик колеса переднего 2170 пара БалаковоЗапчасть 7199 2170-8415512/13	CarPart
Брызговик колеса переднего 2190 левый БРТ 2190-8403513Р	CarPart
Брызговик колеса переднего 2190 пара Балаково 2190-8403512/13	CarPart
Брызговик колеса переднего 2190 пара БалаковоЗапчасть 7201 2190-8403512/13	CarPart
Брызговик колеса переднего 2190 пара пластик Балаково 2190-8403512/13	CarPart
Брызговик колеса переднего 2190 правый БРТ 2190-8403512Р	CarPart
Брызговик колеса переднего Лада Веста Кросс ФОРВАРД ТЭП пара 2180-2181113-82	CarPart
Брызговик колеса переднего Лада Веста пара CROSS БалаковоЗапчасть 11607	CarPart
Брызговик колеса переднего Лада Веста пара Балаково	CarPart
Брызговик колеса переднего Лада Веста пара БалаковоЗапчасть 9320	CarPart
Брызговик колеса переднего Лада Веста Спорт пара Балаково	CarPart
Брызговик колеса переднего Лада Веста ФОРВАРД ТЭП к-т пара 8450008252/8450008253	CarPart
Брызговик колеса переднего Лада Ларгус CROSS пара CS20 11663	CarPart
Брызговик колеса переднего Лада Ларгус пара Балаково 4601	CarPart
Брызговик колеса переднего Лада Ларгус пара БалаковоЗапчасть 8203	CarPart
Брызговик колеса переднего Лада Ларгус ФОРВАРД пара ТЭП 6001998163	CarPart
Брызговик колеса переднего Лада Х Рей пара Балаково	CarPart
Брызговик колеса переднего Лада Х Рей ФОРВАРД ТЭП пара 638401801R/638411728R	CarPart
Брызговик колеса переднего Лада Х Рэй CROSS пара CS20 15709 8450106165	CarPart
Брызговик колеса переднего Лада Х Рэй CROSS пара БалаковоЗапчасть 15710 8450106165	CarPart
Брызговик колеса переднего Нива Урбан CS20 14629	CarPart
Брызговик колеса переднего Нива Урбан левый БРТ 21218-8404311-10Р	CarPart
Брызговик колеса переднего Нива Урбан правый БРТ 21218-8404310-10Р	CarPart
Брызговик колеса переднего Рено Логан БалаковоЗапчасть 8559	CarPart
Брызговик крыла левый 2105 ЭКРИС 2105 2105-5301041	CarPart
Брызговик крыла правый 2105 ЭКРИС 2105 2105-5301040-00	CarPart
Брызговик универсальный CS20 пара 11786	CarPart
Брызговик универсальный Белый  к-т 2шт	CarPart
Брызговик универсальный Серый к-т 2шт	CarPart
Брызговик универсальный Черный к-т 2шт	CarPart
Буфер бампера 2106 БалаковоЗапчасть 6916 к-т 2 шт	CarPart
Буфер бампера 2106 левый БалаковоЗапчасть 10564 2106-2803061	CarPart
Буфер бампера 2106 левый БРТ 2106-2803061	CarPart
Буфер бампера 2106 правый БалаковоЗапчасть 10565 2106-2803060	CarPart
Буфер капота 1118 БалаковоЗапчасть 11049 1118-8402216	CarPart
Буфер капота 2101 Балаково  2101-8402070	CarPart
Буфер капота 2101 Балаково 2101-8402070	CarPart
Буфер капота 2105 БалаковоЗапчасть 1252 2105-8402070	CarPart
Буфер капота 2108 БалаковоЗапчасть 1253 2108-8402214	CarPart
Буфер капота 2110 Балаково  2110-8402214	CarPart
Буфер капота 2110 БалаковоЗапчасть 11328 к-т 2шт клеющий 2110-8402216	CarPart
Буфер капота 2110 БалаковоЗапчасть 12767 к-т 2 шт 2110-8402214	CarPart
Буфер капота 2110 к-т 2 шт CS20 12726 синий силикон 2110-8402214	CarPart
Буфер капота Лада Веста Х Рей  БалаковоЗапчасть 13080 к-т 2 шт 8450008172	CarPart
Буфер концевика двери 2109 УНИП  2109-6101565	CarPart
Буфер крышки багажника 2170 БалаковоЗапчасть 11762 2170-3710208	CarPart
Буфер крышки багажника 2172 БалаковоЗапчасть 10908 2172-6300032	CarPart
Буфер крышки багажника 2172 БалаковоЗапчасть 11763 к-т 2 шт. 2172-6301254/55	CarPart
Буфер крышки багажника 2194 БалаковоЗапчасть 11092 2194-5607080	CarPart
Буфер лючка бензобака 2170 БалаковоЗапчасть 10909 2170-8413066	CarPart
Буфер подвески 2101 задней БалаковоЗапчасть 11346 2101-2912622	CarPart
Буфер подвески 2101 задней БРТ  2101-2912622	CarPart
Буфер подвески 2101 задней дополнительный Балаково  2101-2912624	CarPart
Буфер подвески 2101 передней Балаково  2101-2904230	CarPart
Буфер подвески 2101 передней БалаковоЗапчасть 11345 2101-2904230	CarPart
Буфер подвески 2101 передней БРТ  2101-2904230	CarPart
Буфер стойки задней 1118 SS-20 СТАНДАРТ к-т 2шт 1118-2912622	CarPart
Буфер стойки задней 2108  с пыльником красный полиуретан красный CS20 8708 DRIVE к-т 2шт	CarPart
Буфер стойки задней 2108 поликретан красный CS20-20 9062 DRIVE  к-т 2 шт	CarPart
Буфер стойки задней 2108 полиуретан белый CS20 9609 ОРИГИНАЛ PROFI к-т 2 шт	CarPart
Буфер стойки задней 2108 полиуретан белый с пыльником черный CS20 9671 PROFI к-т 2шт	CarPart
Буфер стойки задней 2108 полиуретан желтый CS20 4357 COMFORT к-т 2шт 2108	CarPart
Буфер стойки задней 2108 полиуретан желтый с пыльником синий CS20 15079 COMFORT к-т 2шт	CarPart
Буфер стойки задней 2108 полиуретан желтый с пыльником черный CS20 6491 COMFORT к-т 2шт	CarPart
Буфер стойки задней 2108 полиуретановый Балаково  2108-2912622	CarPart
Буфер стойки задней 2108 силикон  2108-2912622	CarPart
Буфер стойки задней 2108 ЧЕЛЯБИНСК  2108-2912622	CarPart
Буфер стойки задней 2108 Эластомаг к-т 2шт 2108-2912622	CarPart
Буфер стойки задней 2110 SS-20 СТАНДАРТ к-т 2шт 2110-2912622	CarPart
Буфер стойки задней 2110 полиуретан белый CS20 9612 ОРИГИНАЛ PROFI к-т 2 шт 2110-2912622	CarPart
Буфер стойки задней 2110 полиуретан белый с пыльником CS20 9913 PROFI 2110 2112 2190	CarPart
Буфер стойки задней 2110 полиуретан желтый CS20 4358 COMFORT к-т 2 шт 2110-2912622	CarPart
Буфер стойки задней 2110 полиуретановый Балаково  2110-2912622	CarPart
Буфер стойки задней 2110 силикон  2110-2912622	CarPart
Буфер стойки задней 2110 ЧЕЛЯБИНСК  2110-2912622	CarPart
Буфер стойки задней 2192 ЧЕЛЯБИНСК 2192-2912622-01	CarPart
Буфер стойки задней Лада Веста CS20 15892 Profi пенополиуретан белый с чехлом 8450006754	CarPart
Буфер стойки задней Лада Веста пенополиуретан БалаковоЗапчасть 10009 к-т 2шт 8450006754	CarPart
Буфер стойки задней Лада Веста с пыльником БалаковоЗапчасть 9787 к-т 2шт 8450006754	CarPart
Буфер стойки задней Лада Веста ФОРВАРД пенополиуретан 8450006754	CarPart
Буфер стойки задней Лада Ларгус оригинал Лада Ларгус 8200216824	CarPart
Буфер стойки задней Лада Ларгус с пыльником БалаковоЗапчасть 8590 к-т 2шт 8200216824	CarPart
Буфер стойки передней 1118 SS-20 СТАНДАРТ к-т 2шт 1118-2902816	CarPart
Буфер стойки передней 1118 пенополиуретан белый БалаковоЗапчасть 7718 к-т 2шт 1118-2902816	CarPart
Буфер стойки передней 1118 полиуретан белый CS20 9646 PROFI к-т 2шт 1118-2902816	CarPart
Буфер стойки передней 1118 полиуретан белый с пыльником CS20 9677 PROFI к-т 2шт 1118-2902816	CarPart
Буфер стойки передней 1118 ЧЕЛЯБИНСК  11180-2902816	CarPart
Буфер стойки передней 1119 полиуретан белый с пыльником CS20 9676 PROFI к-т 2шт 1119-2902816	CarPart
Буфер стойки передней 2108 SS-20 СТАНДАРТ к-т 2шт 2108-2902816	CarPart
Буфер стойки передней 2108 пенополиуретан белый БалаковоЗапчасть 7428 к-т 2шт 2108-2902816	CarPart
Буфер стойки передней 2108 полиуретан белый CS20 9610 ОРИГИНАЛ PROFI к-т 2 шт 2108 21082 2115	CarPart
Буфер стойки передней 2108 полиуретан белый с пыльником CS20 9678 PROFI к-т 2шт 2110-2902816	CarPart
Буфер стойки передней 2108 полиуретан желтый CS20 4242 COMFORT 2108 2115 к-т 2 шт	CarPart
Буфер стойки передней 2108 полиуретан желтый с пыльником CS20 6490 COMFORT к-т 2шт 2108-2902816	CarPart
Буфер стойки передней 2108 полиуретан красный CS20 9064 DRIVE к-т 2шт 2108 21082 2115	CarPart
Буфер стойки передней 2108 полиуретановый Балаково  2108-2902816	CarPart
Буфер стойки передней 2108 силикон  2108-2902816	CarPart
Буфер стойки передней 2108 ЧЕЛЯБИНСК  2108-2902816	CarPart
Буфер стойки передней 2108 Эластомаг к-т 2 шт 2108-2902816	CarPart
Буфер стойки передней 2110 SS-20 СТАНДАРТ к-т 2шт 2110-2902816	CarPart
Буфер стойки передней 2110 пенополиуретан белый БалаковоЗапчасть 7423 к-т 2шт 2110-2902816	CarPart
Буфер стойки передней 2110 полиуретан белый CS20 9611 к-т 2 шт  PROFI 2110 2170	CarPart
Буфер стойки передней 2110 полиуретан белый с пыльником CS20 9674 PROFI к-т 2шт 2110 2112 2190 2170	CarPart
Буфер стойки передней 2110 полиуретан желтый CS20 4243 COMFORT к-т 2 шт 2110 2170	CarPart
Буфер стойки передней 2110 полиуретан желтый с пыльником CS20 6489 COMFORT к-т 2шт 2110 2112 2190 2170	CarPart
Буфер стойки передней 2110 полиуретан желтый с пыльником CS20 7731 COMFORT к-т 2шт 2110-2902816	CarPart
Буфер стойки передней 2110 полиуретан красный CS20 9065 DRIVE к-т 2 шт 2110-2902816	CarPart
Буфер стойки передней 2110 полиуретановый Балаково  2110-2902816	CarPart
Буфер стойки передней 2110 силикон  2110-2902816	CarPart
Буфер стойки передней 2110 силикон 2110-2902816	CarPart
Буфер стойки передней 2110 ЧЕЛЯБИНСК  2110-2902816	CarPart
Буфер стойки передней Лада Веста CS20 15891 Profi пенополиуретан белый с чехлом  8450006728	CarPart
Буфер стойки передней Лада Веста пенополиуретан белый БалаковоЗапчасть 10010 к-т 2шт 8450006728	CarPart
Буфер стойки передней Лада Веста пенополиуретан ФОРВАРД 8450006728	CarPart
Буфер стойки передней Лада Веста с кожухом Эластомаг к-т 2шт 8450006754	CarPart
Буфер стойки передней Лада Веста с пыльником БалаковоЗапчасть 9788 к-т 2шт	CarPart
Буфер стойки передней Лада Ларгус оригинал 8200437347/540507509R	CarPart
Буфер стойки передней Лада Ларгус пенополиуретан черный БалаковоЗапчасть 8591 к-т 2шт 8000437347	CarPart
Быстрый запуск Перый пуск ВАЛЕРА 8510 140 мл.	CarPart
Вал карданный 2105 ВОЛГА СПРИНТ 2105-2200012	CarPart
Вал карданный 2105 ЗАО КАРДАН в сборе 2105-2200012	CarPart
Вал карданный 2105 ПРЕМИУМ ДЕТАЛЬ в сборе 2105-2200012-63	CarPart
Вал карданный 2105 Тольятти 2105-2200012	CarPart
Вал карданный 2123 аналог 2123-2200012	CarPart
Вал карданный 2123 Тольятти 2123-2202010	CarPart
Вал карданный задний 2121 Avtostandart 21214-220101288	CarPart
Вал карданный задний 2121 CЫЗРАНЬ 2121-2203012	CarPart
Вал карданный задний 2121 ВОЛГА СПРИНТ 2121-2201012	CarPart
Вал карданный задний 2121 ВОЛГА СПРИНТ БЕЛОРУСЬ 2121-2201012	CarPart
Вал карданный задний 2121 ВОЛГА СПРИНТ ГРОДНО 2121-2201012	CarPart
Вал карданный задний 2121 ВОЛГА СПРИНТ на шарнирах 2121-2201012	CarPart
Вал карданный задний 2121 ЗАО КАРДАН 21214-2201012-10	CarPart
Вал карданный задний 2121 ПРЕМИУМ ДЕТАЛЬ БЕЛОРУСЬ в сборе крестовина Москвич 2121-2201012-63	CarPart
Вал карданный задний 2121 САРАТОВ на шарнирах (6620)2121-2203012	CarPart
Вал карданный задний 2121 Тольятти на шарнирах 2121-2203012	CarPart
Вал карданный задний 2121 УЛЬЯНОВСК 2121-2203012	CarPart
Вал карданный задний 2121 УЛЬЯНОВСК на шарнирах 2121-2203012	CarPart
Вал карданный задний 21214 GALLANT на шарнирах 21214-2201012 GL.CS.1.2	CarPart
Вал карданный задний 21214 ЗАО КАРДАН L=843 мм с кожухом 21214-2201012-11	CarPart
Вал карданный задний 21214 ЗАО КАРДАН ШРУС 21214-2201012-00	CarPart
Вал карданный задний 2123 ЗАО КАРДАН  с кожухом 2123-2201012-11	CarPart
Вал карданный передний 2121 SMPROFI усиленный Серп и Молот	CarPart
Вал карданный передний 2121 ВОЛГА СПРИНТ 2121-2203012	CarPart
Вал карданный передний 2121 ВОЛГА СПРИНТ БЕЛОРУСЬ 2121-2203012	CarPart
Вал карданный передний 2121 ВОЛГА СПРИНТ на шарнирах 2121-2203012	CarPart
Вал карданный передний 2121 ЗАО КАРДАН 21214-2203012-10	CarPart
Вал карданный передний 2121 ПРЕМИУМ ДЕТАЛЬ БЕЛОРУСЬ в сборе крестовина Москвич 2121-2203012-63	CarPart
Вал карданный передний 2121 Самара 2121-2203012	CarPart
Вал карданный передний 2121 САРАТОВ на шарнирах 2121-2203012-02	CarPart
Вал карданный передний 2121 УЛЬЯНОВСК 2121-2203012	CarPart
Вал карданный передний 2121 УЛЬЯНОВСК на шарнирах  2121-2203012	CarPart
Вал карданный передний 21214 Avtostandart 21214-220301288	CarPart
Вал карданный передний 21214 GALLANT на шарнирах 21214-2203012 GL.CS.1.1	CarPart
Вал карданный передний 21214 ЗАО КАРДАН L=600 мм с кожухом 21214-2203012-11	CarPart
Вал карданный промежуточный 21213 Avtostandart 21213-220201088	CarPart
Вал карданный промежуточный 21213 HOFER HF 414 391 без муфты 21213-2202010	CarPart
Вал карданный промежуточный 21213 ВОЛГА СПРИНТ 21213-2202010	CarPart
Вал карданный промежуточный 21213 ВолгаАвтоПром 21213-2202010	CarPart
Вал карданный промежуточный 21213 на крестовине 2105 21213-2202010	CarPart
Вал карданный промежуточный 21213 на крестовине ВОЛГА СПРИНТ 21213-2202010	CarPart
Вал карданный промежуточный 21213 Тольятти на крестовине 2105 21213-2202010	CarPart
Вал карданный промежуточный 21213 УЛЬЯНОВСК 21213-220201088	CarPart
Вал карданный промежуточный 21213 усиленный  с эластичной муфтой 2123 ВолгаАвтоПром 21213-2202010	CarPart
Вал карданный промежуточный 21213 усиленный на крестовине муфта 2123 Avtostandart 21213-2202010	CarPart
Вал карданный промежуточный 2123 в сборе с фланцем 21 шл СЕРП И МОЛОТ 451122  2123-2202092-02	CarPart
Вал карданный промежуточный 2123 в сборе с фланцем 6 шл с/о СЕРП И МОЛОТ 45.1122.14-00-00-0 (7250)  2123-2202092-02	CarPart
Вал карданный промежуточный 2123 ВОЛГА СПРИНТ 2123-2204010	CarPart
Вал карданный промежуточный 2123 ВолгаАвтоПром 2123-2202010	CarPart
Вал карданный промежуточный 2123 ПРЕМИУМ ДЕТАЛЬ в сборе 2123-2202010-63	CarPart
Вал карданный промежуточный 2131 ВОЛГА СПРИНТ 2131-2204010	CarPart
Вал карданный промежуточный 2131 СЕРП И МОЛОТ 4550 2131-2204010	CarPart
Вал коленчатый 11183 АвтоВАЗ 11183-1005016-01	CarPart
Вал коленчатый 11183 ПРЕМИУМ ДЕТАЛЬ  11183-1005016-00	CarPart
Вал коленчатый 2101 ПРЕМИУМ ДЕТАЛЬ 2101-1005015-63	CarPart
Вал коленчатый 2103 ПРЕМИУМ ДЕТАЛЬ 2103-1005015	CarPart
Вал коленчатый 2110 АвтоВАЗ 21100-1005016	CarPart
Вал коленчатый 2110 ПРЕМИУМ ДЕТАЛЬ 2110-1005016	CarPart
Вал коленчатый 21213 АвтоВАЗ 21213-1005015	CarPart
Вал коленчатый 21213 ПРЕМИУМ ДЕТАЛЬ 21213-1005015	CarPart
Вал коробки передач вторичный 1118 KOROBKA PRO 1118-1701105	CarPart
Вал коробки передач вторичный 2101 4-ступ КПП ТОЛЬЯТТИ 2101-1701105	CarPart
Вал коробки передач вторичный 2107 5-ступ КПП ТОЛЬЯТТИ 2107-1701105-10	CarPart
Вал коробки передач вторичный 2107 KOROBKA PRO в сборе 2107-1701105	CarPart
Вал коробки передач вторичный 2108 17 зубьев KOROBKA PRO 2108-1701105	CarPart
Вал коробки передач вторичный 21083 17 зубьев АвтоВАЗ 21083-1701105-31	CarPart
Вал коробки передач вторичный 2110 KOROBKA PRO 2110-1701105	CarPart
Вал коробки передач вторичный 2123 АвтоВАЗ 21230-1701105	CarPart
Вал коробки передач вторичный 2180 18 зубьев АвтоВАЗ 21800-1701105-20	CarPart
Вал коробки передач вторичный 2181 в сборе трос. кпп 17 зуб.	CarPart
Вал коробки передач вторичный 2181 в сборе трос. кпп 18 зуб.	CarPart
Вал коробки передач первичный 2101 17 зубьев KOROBKA PRO 2101-1701026	CarPart
Вал коробки передач первичный 2101 17 зубьев в сборе KOROBKA PRO 2101-1701026	CarPart
Вал коробки передач первичный 2101 17 зубьев в сборе УЛЬЯНОВСК 2101-1701026	CarPart
Вал коробки передач первичный 2101 17 зубьев ТОЛЬЯТТИ 2101-1701026	CarPart
Вал коробки передач первичный 2101 19 зубьев в сборе KOROBKA PRO 2106-1701026	CarPart
Вал коробки передач первичный 2103 18 зубьев в сборе ТОЛЬЯТТИ 2103-1701026	CarPart
Вал коробки передач первичный 2103 18 зубьев в сборе УЛЬЯНОВСК 2103-1701026	CarPart
Вал коробки передач первичный 2103 18 зубьев ТОЛЬЯТТИ 2103-1701026	CarPart
Вал коробки передач первичный 2103 18 зубьев УЛЬЯНОВСК 2103-1701026	CarPart
Вал коробки передач первичный 2105 18 зубьев KOROBKA PRO 2105-1701026	CarPart
Вал коробки передач первичный 2105 18 зубьев в сборе KOROBKA PRO 2105-1701026	CarPart
Вал коробки передач первичный 2105 19 зубьев ТОЛЬЯТТИ 21213 2105-17011026	CarPart
Вал коробки передач первичный 2108 KOROBKA PRO 2108-1701030	CarPart
Вал коробки передач первичный 2108 в сборе KOROBKA PRO 2108-1701030	CarPart
Вал коробки передач первичный 2110 KOROBKA PRO 2110-1701030	CarPart
Вал коробки передач первичный 2110 ТОЛЬЯТТИ 2110-1701030	CarPart
Вал коробки передач первичный 2180 н/о троссовая кпп (средняя шестерня 21 зуб)	CarPart
Вал привода 2121 Avtostandart 2121-2215070	CarPart
Вал привода 2121 ПРЕМИУМ ДЕТАЛЬ 2121-2215070	CarPart
Вал привода 2121 УЛЬЯНОВСК 2121-2215070	CarPart
Вал привода левый 1118 короткий Avtostandart 1118-2215070	CarPart
Вал привода левый 1118 короткий ПРЕМИУМ ДЕТАЛЬ 1118-2215070-63	CarPart
Вал привода левый 2108 короткий Avtostandart 2108-2215070	CarPart
Вал привода левый 2108 короткий АвтоВАЗ 2108-2215070	CarPart
Вал привода левый 2108 короткий ПРЕМИУМ ДЕТАЛЬ 2108-2215070-63	CarPart
Вал привода левый 2108 короткий УЛЬЯНОВСК 2108-2215070	CarPart
Вал привода левый 2110 короткий Avtostandart 2110-2215070	CarPart
Вал привода левый 2110 короткий АвтоВАЗ 2110-2215070	CarPart
Вал привода левый 2110 короткий ПРЕМИУМ ДЕТАЛЬ 2110-2215070-63	CarPart
Вал привода левый 2110 короткий УЛЬЯНОВСК 2110-2215070	CarPart
Вал привода левый Лада Веста АКПП короткий 2180-2215071	CarPart
Вал привода левый Лада Веста МКПП короткий 2180-2215071	CarPart
Вал привода левый Лада Х Рей АКПП короткий	CarPart
Вал привода левый Лада Х Рей МКПП короткий	CarPart
Вал привода правый 1118 длинный Avtostandart 1118-2215092	CarPart
Вал привода правый 1118 длинный ПРЕМИУМ ДЕТАЛЬ 1118-2215092-63	CarPart
Вал привода правый 2108 длинный Avtostandart 2108-2215092	CarPart
Вал привода правый 2108 длинный АвтоВАЗ 21080-2215092	CarPart
Вал привода правый 2108 длинный ПРЕМИУМ ДЕТАЛЬ 2108-2215092-63	CarPart
Вал привода правый 2108 длинный УЛЬЯНОВСК 2108-2215092	CarPart
Вал привода правый 2110 длинный АвтоВАЗ 21100-2215092	CarPart
Вал привода правый 2110 длинный ПРЕМИУМ ДЕТАЛЬ 2110-2215092-63	CarPart
Вал привода правый 2110 длинный УЛЬЯНОВСК 2110-2215092	CarPart
Вал привода правый Лада Веста АКПП длинный 2180-2215070	CarPart
Вал привода правый Лада Веста МКПП длинный 2180-2215070	CarPart
Вал привода правый Лада Х Рей АКПП длинный	CarPart
Вал привода правый Лада Х Рей МКПП длинный	CarPart
Вал распределительный 2101 АвтоВАЗ с корпусом подшипников в сборе в уп. LADA 21010-1006008-00	CarPart
Вал распределительный 2101 ТОЛЬЯТТИ с корпусом подшипников в сборе	CarPart
Вал распределительный 2110 АвтоВАЗ 21100-1006015	CarPart
Вал распределительный 2111 АвтоВАЗ инжектор 2111-1006010	CarPart
Вал распределительный 2112 АвтоВАЗ впуск 2112-1006015	CarPart
Вал распределительный 2112 АвтоВАЗ выпуск 2112-1006014	CarPart
Вал распределительный 21213 АвтоВАЗ с корпусом подшипников в сборе в уп. LADA 21213-1006008-00	CarPart
Вал распределительный 21213 ТОЛЬЯТТИ с корпусом подшипников в сборе	CarPart
Вал распределительный 21214 АвтоВАЗ с корпусом подшипников в сборе в уп. LADA 21214-1006008-00	CarPart
Вал распределительный 21214 ТОЛЬЯТТИ с корпусом подшипников 2101 в сборе	CarPart
Вал рулевого управления 1118 2190  (11186-3422092-00  21230-3401085-00)	CarPart
Вал рулевого управления 11186 с ЭУР АвтоВАЗ карданный в сборе 11186-3422092-86	CarPart
Вал рулевого управления 2103 ВолгаАвтоПром 2103-3401160	CarPart
Вал рулевого управления 2103 карданный ТОЛЬЯТТИ 2103-3401092-10	CarPart
Вал рулевого управления 2105 короткий АвтоВАЗ 2105-3401160	CarPart
Вал рулевого управления 2110 карданный ТОЛЬЯТТИ 2110-3401092-10	CarPart
Вал рулевого управления 2170 карданный в сборе DRM 21700-3422092-78	CarPart
Вал рулевого управления 2170 карданный ТОЛЬЯТТИ 2170-3422092	CarPart
Валик маслонасоса 2101-1011040	CarPart
Валик привода акселератора 2103-1108026	CarPart
Валик привода акселератора 2121 ТОЛЬЯТТИ 2121-1108026	CarPart
Валик привода маслонасоса 2101 АвтоВАЗ 21010-1011235	CarPart
Валик привода маслонасоса 2101 ВолгаАвтоПром 2101-1011235	CarPart
Валик привода маслонасоса 2101 САМАРА  2101-1011235	CarPart
Валик привода маслонасоса 2101 САМАРА 2101-1011235	CarPart
Ввертыш свечной длинный ТОЛЬЯТТИ 	CarPart
Ввертыш свечной короткий ТОЛЬЯТТИ 	CarPart
Венец маховика 2101 ПРЕМИУМ ДЕТАЛЬ 21010-1005125-63	CarPart
Венец маховика 2101 УЛЬЯНОВСК 21010-1005125-63	CarPart
Венец маховика 2108 ПРЕМИУМ ДЕТАЛЬ 21080-1005125-63	CarPart
Венец маховика 2108 УЛЬЯНОВСК 21080-1005125-63	CarPart
Венец маховика Лада Ларгус ASAM-SA 4601-32015	CarPart
Пульсоксиметр медицинский на палец для измерения пульса и уровня кислорода в крови +две батарейки +чехол для прибора +шнурок для шеи	NonCarParts
AlorColor  Подводка для глаз / Жидкая подводка фломастер для глаз / Лайнер для стрелок/ Стойкий черный цвет	NonCarParts
Игровая консоль PlayStation 5 Digital Edition, белый	NonCarParts
AlorColor/ Гидрогелевые патчи для глаз, патчи под глаза от темных кругов и отеков (60 штук)	NonCarParts
Alorcolor Зубочистки с нитью для качественной чистки зубов/ зубная нить с зубочисткой/ качественная чистка для предотвращения болезней десен и 	NonCarParts
VIVA Маска медицинская одноразовая, 50 шт	NonCarParts
AlorColor Набор из 3 масок для рук, 3 * 35 г	NonCarParts
Alorcolor/ Щетка для сухого массажа тела/антицеллюлитная массажная щетка/ круглая массажная щетка/ натуральная щетина	NonCarParts
AlorColor. Набор из 5 кремов для рук / крема для кожи для рук/ увлажняющий и питательный эффект/ защита и восстановление для сухой кожи рук/ с натур	NonCarParts
Alorcolor Кисть для макияжа / кисть с мягким ворсом / мраморный цвет	NonCarParts
Гель для бровей и ресниц Art-Visage Суперфиксация	NonCarParts
AlorColor Осветляющая пудра для лица/ компактная пудра/ прессованная основа для макияжа/ крем-пудра осветляющая с увлажняющим эффектом	NonCarParts
Floresan Фитнес Body Горячий скраб для тела антицеллюлитный, 500 мл	NonCarParts
Пастила без сахара Пастилушка ассорти 0,8 кг	NonCarParts
AlorColor Крем увлажняющий для лица/ мягкий крем для лица и тела /питание и увлажнение на каждый день/с натуральным экстрактом	NonCarParts
Смартфон Honor 7A 2/16GB gold	NonCarParts
Белита BB Крем для лица туба Belita Young, 30 мл	NonCarParts
Думай медленно... решай быстро	NonCarParts
Хорошие девочки отправляются на небеса, а плохие - куда захотят	NonCarParts
6 минут. Ежедневник, который изменит вашу жизнь (мятный)	NonCarParts
Сила подсознания, или Как изменить жизнь за 4 недели (НОВОЕ ОФОРМЛЕНИЕ)	NonCarParts
6 минут. Ежедневник, который изменит вашу жизнь (пудра)	NonCarParts
CeraVe Гель очищающий, для нормальной и жирной кожи лица и тела, 473 мл	NonCarParts
Alorcolor Многоразовые силиконовые беруши/ беруши для сна или плаванья/ надежная защита от шума и воды/ анатомическая форма	NonCarParts
Гель для бровей и ресниц Art-Visage Fix & Care	NonCarParts
Ritter Sport Макадамия шоколад молочный с обжаренным орехом макадамии, 100 г	NonCarParts
Человек в футляре. Избранное	NonCarParts
Эмоциональный интеллект. Почему он может значить больше, чем IQ	NonCarParts
Белита Крем-хайлайтер "Изумительное сияние. Секрет сияния", с маслом морошки, 30 мл	NonCarParts
Вертикальный пылесос Galaxy GL 6255, красный, серый	NonCarParts
Сам себе финансист. Как тратить с умом и копить правильно	NonCarParts
Харизма. Как влиять, убеждать и вдохновлять	NonCarParts
Lucas Papaw Бальзам для губ "Ointment" 15 г	NonCarParts
AlorColor/ Ершик для унитаза/ оранжевый цвет	NonCarParts
Гель-маска для похудения "Ледяное обертывание" "Fitness Body", 500 мл	NonCarParts
Sapiens. Краткая история человечества	NonCarParts
Белита MEZOcomplex Мезопилинг-скатка для лица "Глубокое очищение", 100 мл	NonCarParts
Форма для леденцов "Вкусная помощь"	NonCarParts
Масло косметическое для ресниц и бровей "DNC", тонирующее, 12 мл	NonCarParts
Pure Paw Paw бальзам с ароматом клубники	NonCarParts
Пылесос электрический Galaxy GL 6256	NonCarParts
Natura Siberica Crazy Desserts Био-скраб для тела "Соленый мед", подтягивающий,450 мл	NonCarParts
Makeup Revolution Палетка теней Reloaded Palette, Velvet Rose, 16,5 г	NonCarParts
Правила инвестирования Уоррена Баффетта	NonCarParts
Смартфон Xiaomi Redmi Note 9 Pro 6/128GB green	NonCarParts
Erborian ВВ крем Натурально-бежевый, 15 мл	NonCarParts
KORA Тоник для лица с пребиотиком, для жирной и смешанной кожи, 150 мл	NonCarParts
Petitfee Гидрогелевые патчи для глаз с золотом и улиткой Gold & Snail Hydrogel Eye Patch, 60 шт	NonCarParts
DIVAGE Набор для моделирования бровей "EYEBROW styling kit", тон № 01	NonCarParts
QVS Инструмент для удаления черных точек. 82-10-1640	NonCarParts
Щипцы для завивки Galaxy GL 4602	NonCarParts
Энзимная пудра для умывания лица Белита "Минеральное очищение", 53 г	NonCarParts
LONDA PROFESSIONAL Масло VELVET OIL для обновления волос без утяжеления 30 мл	NonCarParts
Погружной блендер Galaxy GL2127, белый, светло-серый	NonCarParts
Revolution Pro Палетка теней Regeneration, Astrological, 14,4 г	NonCarParts
ESTHETIC HOUSE Увлажняющий шампунь для волос CP-1 BC Intense Nourishing Version 2.0, 500 мл	NonCarParts
Умные напольные весы Picooc Mini (Bluetooth), белый	NonCarParts
Clarins Booster Auto-Bronzant Visage Концентрат для искусственного загара лица, 15 мл	NonCarParts
Смартфон Samsung Galaxy A51 6/128GB black	NonCarParts
Bioderma Очищающий мусс Sebium, 500 мл	NonCarParts
Пастила без сахара Пастилушка, ассорти 0,8 кг	NonCarParts
Электрическая зубная щетка Oral-B Vitality 3D White	NonCarParts
Комплект белья Василиса "Царская особа", 2-х спальное, наволочки 70х70. 3369	NonCarParts
Bioderma Очищающий гель "Sensibio", 200 мл	NonCarParts
AlorColor Очищающая тканевая маска для кожи лица против морщин и черных точек, увлажняющая и омолаживающая пленка (кислородная, пузырьковая с у	NonCarParts
Floresan Фитнес Body Крем массажный антицеллюлитный дренажный, 500 мл	NonCarParts
Витэкс Крем массажный антицеллюлитный, 200 мл	NonCarParts
Compliment Insta Magic Крем-праймер основа под макияж 	NonCarParts
DOLCE & GABBANA 3 LImperatrice Ж ТВ  50 мл	NonCarParts
CATRICE Основа тональная для лица HD Liquid Coverage Foundation жидкая, 30 мл, 010 Light Beige	NonCarParts
Шоколадная паста Bounty 200 гр	NonCarParts
Floresan Фитнес Body Грязевая термо-маска для проблемных зон тела, 500 мл	NonCarParts
TIGI BED HEAD After Party Разглаживающий крем для придания блеска и свежести волосам 100 мл	NonCarParts
Пилинг-гель для лица Organic Shop Bloggers Kitchen "Выпускник экотест", от блогера alona_eco, 100 мл	NonCarParts
Конфеты Raffaello, с цельным миндальным орехом, со вкусом кокоса и малины, 150 г	NonCarParts
Этажерка для обуви Art Moon "Labrador", 5-секционная, цвет: черный, 42 х 19 х 79,5 см	NonCarParts
Koelf Гидрогелевые патчи для кожи вокруг глаз с рубиновой пудрой Ruby & Bulgarian Rose Eye Patch, 60 шт	NonCarParts
Маска Dr.Sante Coconut Hair, для сухих и ломких волос, 300 мл	NonCarParts
Основа-праймер под макияж Белита, 30 мл	NonCarParts
Протеиновое печенье Bombbar "Шоколадный брауни", низкокалорийное, 12 шт по 40 г	NonCarParts
Шоколад молочный babyfox, 20шт,47гр	NonCarParts
Детская электрическая зубная щетка Oral-B Stages Power Холодное сердце 3+	NonCarParts
Давай поговорим про ЭТО: о девочках, мальчиках, младенцах, семьях и теле	NonCarParts
HASK Масло для увлажнения волос с экстрактом Макадамии, 18 мл	NonCarParts
Электрогриль Tristar GR-2846	NonCarParts
Chupa Chups карамель "Mini" ассорти, 100 шт по 6 г	NonCarParts
CeraVe Лосьон увлажняющий, для сухой и очень сухой кожи лица и тела, 236 мл	NonCarParts
"Робот-пылесос Philips SmartPro Easy FC8794/01 с функцией влажной уборки, черный, синий
"	NonCarParts
KORA Маска себобаланс с пребиотиком для жирной, проблемной и комбинированной кожи, 100 мл	NonCarParts
FARMSTAY All In One Collagen and Hyaluronic Ampoule Сыворотка с гиалуроновой кислотой и коллагеном, 250 мл	NonCarParts
Белита Всесезонный пилинг для лица, шеи и декольте с феруловой кислотой, 105 мл	NonCarParts
Игровая консоль PlayStation 5, белый	NonCarParts
Сковорода для оладий "Classic", с антипригарным покрытием. Диаметр 28 см	NonCarParts
Дарсонваль ДЕ-212 Карат	NonCarParts
Конструктор LEGO Friends 41335 Домик Мии на дереве	NonCarParts
Вторая жизнь Уве	NonCarParts
ESTHETIC HOUSE Укрепляющий кондиционер для волос Intense Nourishing Version 2.0, 500 мл	NonCarParts
Витэкс Очищающая Крем-пенка для лица со щеткой "Секреты Азии", 175 мл	NonCarParts
Алор  Подводка для глаз / Жидкая подводка фломастер для глаз / Лайнер для стрелок/ Стойкий и насыщенный черный цвет	NonCarParts
Eveline Активная сыворотка для ресниц 3 в 1 Advance Volumiere, 10 мл	NonCarParts
Паровая швабра Kitfort КТ-1003	NonCarParts
Сначала скажите "НЕТ". Секреты профессиональных переговорщиков	NonCarParts
Гель для умывания Aevit By Librederm, тонизирующий, 200 мл	NonCarParts
Homo Deus. Краткая история будущего	NonCarParts
Estrade Mon Secret Компактный скульптор, тон 201	NonCarParts
Электрическая зубная щетка Oral-B Vitality CrossAction (коробка)	NonCarParts
Sim Sensitive System 4 T Climbazole Scalp Tonic, Система 4 Тоник для волос терапевтический, 100 мл	NonCarParts
Ahmad Tea подарочный набор Four Seasons 15 вкусов, 90 шт	NonCarParts
Маска для лица Organic Shop Bloggers Kitchen "Глубоко очищающая сужающая поры", от Оли Малышевой salatshop, 100 мл	NonCarParts
St. Moriz Рукавичка-аппликатор для нанесения автозагара, цвет в ассортименте	NonCarParts
Настольная игра Фефекты фикции DJ-BG08/10	NonCarParts
Набор кондитерских изделий Kinder Maxi Mix, с новогодней игрой, 237 г	NonCarParts
Конфеты Вкусная помощь "До и после секса", 250 мл	NonCarParts
CATRICE Консилер для лица Liquid Camouflage жидкий, 5 мл, 010 Porcellain	NonCarParts
Schogetten Белый шоколад со вкусом клубники, белый шоколад, альпийский молочный шоколад, 100 г	NonCarParts
Подарочный набор Organic Shop Kitchen Коробочка мечты, 7 шт по 100 мл	NonCarParts
Витамины и микроэлементы VPLAB Ultra Women Multivitamin Formula 90 caplets	NonCarParts
Hairdorables. Кукла-загадка "Модные образы" (1 кукла) 23613	NonCarParts
Настольная игра ДанкоТойс "Кто я?"	NonCarParts
Органик Шоп Китчен Крем-духи для тела "Шлейф из звезд"100мл	NonCarParts
Planeta Organica Skin Super Food Зеленый пилинг для лица, 30 мл	NonCarParts
Organic Shop Фрукты маска для волос кокосовый рай, 200 мл	NonCarParts
НИ СЫ. Будь уверен в своих силах и не позволяй сомнениям мешать тебе двигаться вперед	NonCarParts
Natura Siberica Crazy Desserts био-скраб для тела "Мятный лед", тонизирующий, 450 мл	NonCarParts
Dr.Jart+ Гель для умывания Dermaclear, для глубокого очищения, 120 мл	NonCarParts
ELIZAVECCA Омолаживающая Сыворотка для Лица с Гиалуроновой кислотой Hell Pore Control Hyaluronic Acid 50 мл	NonCarParts
Паста арахисовая Bombbar, 300 г	NonCarParts
Vivienne Sabo Polynesie Francaise Палетка теней, тон № 01	NonCarParts
Philips HP6548/00 набор: эпилятор и бикини-триммер	NonCarParts
Конструктор LEGO DUPLO Classic 2304 Большая строительная пластина	NonCarParts
Лолита	NonCarParts
Масло для волос L'Oreal Paris Elseve "Экстраординарное", для всех типов волос, мини-формат, 50 мл	NonCarParts
Конструктор LEGO DUPLO Town 10870 Ферма: домашние животные	NonCarParts
Skinlite Черная пузырьковая маска "Древесный уголь"	NonCarParts
Сладкая Сказка Карамельные тросточки, 8 шт по 15 г	NonCarParts
Holy Land Химический пилинг Alpha Complex Multifruit System Rapid Exfoliator, 100 мл	NonCarParts
Как перестать быть овцой. Избавление от страдашек. Шаг за шагом	NonCarParts
DNC Масло Бэй для волос, 55 мл	NonCarParts
El'Skin Маски для лица Подарочный набор 	NonCarParts
Чайник APOLLO "Very-Cherry" 650 мл	NonCarParts
Электрическая зубная щетка Oral-B Vitality Sensitive	NonCarParts
Смартфон Honor 7A 2/16GB blue	NonCarParts
Сковорода "Travola" для оладьев, цвет: черный, 7 ячеек, 26,5 см	NonCarParts
Barinoff Сироп Голубой кюрасао, 1 л	NonCarParts
Lumene Тональный крем  CC Абсолютное совершенство SPF 20, Light, бежевый	NonCarParts
Эдисон. Тайна пропавшего сокровища	NonCarParts
Bioderma Очищающая вода "Sensibio H2O", флакон-помпа, розовая крышка, 500 мл	NonCarParts
Carmex Бальзам для губ с ароматом клубники с защитой от воздействия ультрафиолета SPF15, туба в блистере	NonCarParts
БЫВШИЕ. Книга о том, как класть на тех, кто хотел класть на тебя	NonCarParts
Умные часы Xiaomi Amazfit Bip, черный	NonCarParts
FarmStay Многофункциональный гель с экстрактом алоэ Aloe Vera Moisture Soothing Gel 100% 300 мл	NonCarParts
Шоколадная паста Bombbar с фундуком, 150 г	NonCarParts
Play-Doh Набор для лепки Приготовь и нарежь на дольки	NonCarParts
Сонет / Краски акварельные в кюветах, 24 цвета по 2,5 мл, ЗХК Невская палитра	NonCarParts
ESTHETIC HOUSE Набор для волос Протеиновый CP-1 BС Intense 100 (шампунь+кондиционер+промо-лифлет)	NonCarParts
Art-Visage Гель для бровей и ресниц  Fix & Сare, прозрачный	NonCarParts
Комплект постельного белья Letto, 2-спальный, серый, бирюзовый, наволочки 50х70. PS88-4	NonCarParts
9/956 Набор досок для завтрака 5 предметов	NonCarParts
Chupa-Chups "Cola Tube" жевательный мармелад со вкусом колы, 50 шт по 10 г	NonCarParts
Agrado Крем-гель для душа + пена для ванны 2в1 без парабенов 750 мл., Испания, "Сочная дыня", с ароматом дыни	NonCarParts
CATRICE Пудра компактная для лица All Matt Plus Shine Control Powder, 10 г, 001 Universal	NonCarParts
Makeup Revolution Палетка теней Re-Loaded Palette Iconic Division	NonCarParts
KORA Крем-гель для век, с маслом ши, против отеков и морщин, 30 мл	NonCarParts
Резинки для фитнеса "Идеальная" Onlitop тренажеры и фитнес резинка для тренировок набор из 3 штук	NonCarParts
Вкусная помощь "Набор 18+" из 6 предметов, 164 г	NonCarParts
Сковорода-гриль "Travola", с антипригарным покрытием, с щипцами, 26 х 26 см	NonCarParts
Корпорация удачи Печенье песочное с предсказаниями удачи, 35 г	NonCarParts
Беспроводные наушники Marshall Major II Bluetooth, черный	NonCarParts
Игра настольная Клуэдо Обновленная HASBRO ИГРЫ 38712	NonCarParts
Драже Skittles Фрукты, в разноцветной глазури, 165 г	NonCarParts
Пять языков любви	NonCarParts
Бегущая с волками. Женский архетип в мифах и сказаниях	NonCarParts
Hasbro Games Игра настольная Скажи если сможешь Дети против родителей	NonCarParts
Самый лучший папа	NonCarParts
Medela Purelan Ланолиновый крем, 7 г	NonCarParts
AlorColor Прорезыватель для зубов/ детский силиконовый массажер для десен	NonCarParts
Organic shop КITCHEN Крем ВВ преображение для лица "Фотошоп"	NonCarParts
Подвесное кресло Капля ротанг коричневое,бежевая подушка	NonCarParts
CATRICE Хайлайтер для лица High Glow Mineral Highlighting Powder, 8 г, 010 Light Infusion	NonCarParts
Ящик для хранения чая "Oriental way", 22 х 11 х 9,5 см	NonCarParts
Подарочный набор Organic Shop Kitchen Волшебный эликсир, 7 шт по 100 мл	NonCarParts
ЖК телевизор Thomson T32RTL5130	NonCarParts
Kotanyi Ванильная карамель, 53 г	NonCarParts
Книга джунглей. История Маугли	NonCarParts
Капсульная кофемашина Bosch Tassimo Vivy II TAS1402, Black	NonCarParts
Вальс Гормонов: вес, сон, секс, красота и здоровье как по нотам	NonCarParts
Art-Visage Светоотражающий консилер  Miracle Touch, тон 101	NonCarParts
Набор игровой Enchantimals Домик Данессы Оленни FRH50	NonCarParts
Bioderma Масло для душа "Atoderm", 200 мл	NonCarParts
Источник (комплект из 2 книг)	NonCarParts
ESTHETIC HOUSE Очищающий пилинг для кожи головы CP-1 Head Spa Scalp Scaler, 250 мл	NonCarParts
Ступка 9х9х5,5х см 100 мл Elan Gallery Снежная королева с пестиком и на деревянной подставке	NonCarParts
Презервативы Unilatex UltraThin, 12 шт. + 3 шт. в подарок.	NonCarParts
Надверный крючок из нержавеющей стали Tatkraft "Seger", набор 2 шт	NonCarParts
KORA Гель-пенка для умывания с пантенолом, для всех типов кожи, 150 мл	NonCarParts
Nivea Мгновенное восстановление Бальзам для губ, с ароматом клубники, 10 мл.	NonCarParts
Джелли Бин жевательный мармелад 1 кг.	NonCarParts
Gezatone Дарсонваль для лица и волос c 3 насадками Biolift4 D308 	NonCarParts
Фитнес-браслет Xiaomi Mi Band 2, черный	NonCarParts
Alorcolor Резинки для фитнеса, пилатеса, йоги - набор из 5 ленточных эспандеров	NonCarParts
Olaplex Hair Perfector Эликсир Совершенство волос №3 100 мл	NonCarParts
Кресло-Мешок "Груша" MyPuff, размер ХХL-Стандарт, Оксфорд, Желтый	NonCarParts
TIGI BED HEAD Control Freak Сыворотка для гладкости и дисциплины локонов 250 мл	NonCarParts
Petitfee Гидрогелевые патчи с коллагеном Collagen & Co Q10 Hydroge Eye Patch, 60 шт	NonCarParts
Конструктор LEGO DUPLO Town 10871 Аэропорт	NonCarParts
Наушники Xiaomi Redmi AirDots	NonCarParts
Профессиональное средство для восстановления поврежденных волос Londa Professional Visible Repair , 750 мл	NonCarParts
Масло косметическое для ресниц и бровей "DNC", питательное, 12 мл	NonCarParts
Galaxy GL 2802, Grey весы кухонные	NonCarParts
Триммер для бороды и усов Philips OneBlade QP2510/11 с 2 насадками-гребнями	NonCarParts
Общаться с ребенком. Как?	NonCarParts
Странная девочка, которая влюбилась в мозг. Как знание нейробиологии помогает стать привлекательнее, счастливее и лучше	NonCarParts
Кисти/кисточки для рисования Пифагор, набор из 15 шт., (пони - 9 шт. синтетика - 4 шт. щетина - 2 шт, круглые, плоские)	NonCarParts
Подвесное кресло Капля Ротанг белый ,бежевая подушка	NonCarParts
LIBREDERM Гиалуроновый тоник увлажняющий 200 мл	NonCarParts
100 рассказов из истории медицины. Величайшие открытия, подвиги и преступления во имя вашего здоровья и долголетия	NonCarParts
Фен Philips ThermoProtect HP8233/00	NonCarParts
Детская электрическая зубная щетка Oral-B Stages Power Vitality Тачки 3+	NonCarParts
Estrade Illuminique Компактный хайлайтер, тон 310	NonCarParts
Конструктор LEGO DUPLO Town 10812 Грузовик и гусеничный экскаватор	NonCarParts
Счастливый ребенок. Универсальные правила	NonCarParts
Barinoff Сироп Карамель, 1 л	NonCarParts
Рецепты бабушки Агафьи пенка для умывания воздушная морошковая, 150 мл	NonCarParts
Global White Система для интенсивного отбеливания зубов (отбеливающий гель 15мл + отбеливающая зубная паста 30 мл)	NonCarParts
Bioderma Очищающий гель Sebium, 200 мл	NonCarParts
LEMLEO Пуходерка, рукавичка для расчесывания и чистки шерсти кошек и собак, расческа, груминг перчатка для вычесывания шерсти домашних животн	NonCarParts
Estrade - Хайлайтер "Illuminique", тон 304, розовое сияние	NonCarParts
Экшн-камера X-Try XTC162 NEO ULTRA HD, черный	NonCarParts
Floresan Твердое масло-автозагар "Шоколад", 100 мл	NonCarParts
Planeta Organica Pure Очищающая пенка для лица, 150 мл	NonCarParts
Белита Бальзам-ламинирование для всех типов волос Гладкие и Ухоженные, 380 мл	NonCarParts
Набор разделочных досок "JetPlast", на подставке, 5 предметов	NonCarParts
Набор досок разделочных Oriental way 7 предметов 9/691	NonCarParts
Теория игр. Искусство стратегического мышления в бизнесе и жизни	NonCarParts
Barinoff Сироп Кокос, 1 л	NonCarParts
MINABAO Очищающая пузырьковая кислородная маска для лица на основе глины, 100 г	NonCarParts
KORA Фитокосметика Тоник для лица "Anti - Age", с коллагеном и аминокислотами, 150 мл	NonCarParts
Люби себя - не важно, с кем ты	NonCarParts
Смартфон Honor 9X 4/128GB midnight black	NonCarParts
Pond's Рассыпчатая матирующая пудра, BB Ponds Magic Powder. Волшебная тайская пудра.	NonCarParts
Забей! Как жить без завышенных ожиданий, здраво оценивать свои возможности и преодолевать трудности	NonCarParts
Про кошек, мышек, мишек, мушек...	NonCarParts
DNC Изысканное масло "Восстановление ресниц", 12 мл	NonCarParts
Пастила без сахара Пастилушка ассорти 2 кг	NonCarParts
LEMLEO Многофункциональная, овощерезка с контейнером и набором насадок 8 шт, измельчитель для нарезки овощей и фруктов, мультирезка кубиками, 	NonCarParts
Скорочтение для детей 6-9 лет. Как научить ребёнка читать быстро и понимать прочитанное. Книга-тренинг	NonCarParts
Аппарат для приготовления домашнего творога и сыра Bradex "Нежное лакомство"	NonCarParts
Игровая консоль PlayStation 4 1TB + Человек-паук + Horizon Zero Dawn + GT Sport + 3 месяца PS Plus	NonCarParts
Беспроводные наушники Defender Twins 630 TWS, белый	NonCarParts
Атлант расправил плечи. Три тома в одной книге	NonCarParts
Mi&Ko Пилинг для лица Мак кислотный 30 мл	NonCarParts
Витэкс Идеальное Отбеливание Отбеливающая МАСКА для лица, против веснушек и пигментных пятен 100 мл	NonCarParts
Игры, в которые играют люди. Люди, которые играют в игры. (сереб. обл.)	NonCarParts
Esthetic House Шампунь для волос CP-1 Bright Complex Intense Nourishing Shampoo v2.0, 500 мл)	NonCarParts
Natura Siberica Laboratoria Тоник для лица "Мгновенное сияние кожи, Морошка", очищающий,300 мл	NonCarParts
Витаминно-минеральный комплекс для мужчин Vplab "Ultra Men’s Sport Multivitamin Formula", 90 капсул	NonCarParts
Паста кокосовая Bombbar, 300 г	NonCarParts
Floresan Фитнес Body Ночной гель экспресс для похудения и уменьшения объемов тела, 125 мл	NonCarParts
Дегидратор Redmond RFD-0158	NonCarParts
Конструктор LEGO Harry Potter 75954 Большой зал Хогвартса	NonCarParts
BEAUTIFIC Молочко-шиммер для тела Insta Diva с маслом арганы, кокоса и манго, 150 мл	NonCarParts
Конструктор LEGO DUPLO Town 10906 Тропический остров	NonCarParts
CATRICE Консилер для лица Liquid Camouflage жидкий, 5 мл, 005 Light Natural	NonCarParts
Смартфон Honor 8S 2/32GB blue	NonCarParts
Смартфон Samsung Galaxy A71 6/128GB black	NonCarParts
Жиросжигатель в капсулах Guarchibao FAT BURNER дневной	NonCarParts
Поток. Психология оптимального переживания	NonCarParts
Настольная игра Hobby World Рик и Морти: Всмортить всё	NonCarParts
Мечтать не вредно. Как получить то, чего действительно хочешь	NonCarParts
Haribo Balla Balla Яблоко жевательные конфеты, 1125 гр.	NonCarParts
Конструктор LEGO Minecraft 21141 Пещера зомби	NonCarParts
Набор игровой Play-Doh Неон Фламинго, 8 цветов, E5044EU4	NonCarParts
Контейнер для ватных палочек и дисков Verona Swab	NonCarParts
Настольная игра Cosmodrome Games Имаджинариум	NonCarParts
Набор разделочных досок "Idea", на подставке, цвет: мраморный, бледно-желтый, голубой, 4 предмета	NonCarParts
Как зарабатывать в Instagram	NonCarParts
Esthetic House Протеиновый кондиционер для волос CP-1 BС Intense Nourishing Conditioner, 500 мл	NonCarParts
Kapous Professional Маска для волос с маслом ореха макадамии Macadamia Oil 500 мл	NonCarParts
Краткая история времени	NonCarParts
Универсальный набор инструментов для дома и авто DEKO DKMT196 (196 предметов) 	NonCarParts
Skinlite Отшелушивающая маска-носки для ног, размер 35-40, 1 пара. SL-275	NonCarParts
Garnier Водостойкий солнцезащитное молочко Ambre Solaire, Эксперт Защита, SPF 50+, 50 мл	NonCarParts
Вкусная помощь конфеты "Лучшему мужу", вкус: в ассортименте, 230 г	NonCarParts
Welss Аппарат Дарсонваль WS 2320	NonCarParts
Кухонные весы Galaxy GL 2804, Green	NonCarParts
Смартфон Apple iPhone 11 128GB black	NonCarParts
Смартфон Honor 10i 4/128GB red	NonCarParts
Vivienne Sabo Polynesie Francaise Палетка хайлайтеров, тон № 01	NonCarParts
ELIZAVECCA Маска косметическая глиняно пузырьковая очищающая Milky Piggy Carbonated Bubble Clay Mask 100 мл	NonCarParts
Chupa Chups Жевательный Мармелад "Sour Tubes Mini", 150 г	NonCarParts
Попробуй повтори! Нейропсихологическая игра	NonCarParts
LIFTHENG Патчи гидрогелевые коллагеновые для области вокруг глаз с экстрактом медузы, увлажняющие, 60шт	NonCarParts
HASK Масло для восстановления и придания блеска волосам с экстрактом Арганы, 18 мл	NonCarParts
Fluff зефир кремовый "Marshmallow" с ванильным вкусом, 213 г	NonCarParts
Садовое кресло Папасан мини черное бежевая подушка	NonCarParts
Чистая Линия Фитотерапия Скраб для тела Массажный эффект 200 мл	NonCarParts
Убить пересмешника	NonCarParts
St. Moriz Автобронзант-мусс тонирующий" Professional", светлый оттенок, 200 мл	NonCarParts
7DAYS Кокосовый скраб мерцающий для тела с шиммером SHINE, BOMBITA! / 03 Holographic, 200 г	NonCarParts
Продукты ХХII века чиа черная семена, 100 г	NonCarParts
Estel Professional Curex Classiс Основной уход Шампунь для всех типов волос, 1000 мл	NonCarParts
Вкусная помощь "Когда все бесит", жевательный мармелад, 128 г	NonCarParts
Galaxy GL 4942 массажер для тела	NonCarParts
Набор презервативов Contex Magic Box, 18 шт	NonCarParts
Brauberg Краски акриловые 12 цветов 191122	NonCarParts
Погружной Блендер Electrolux ESTM3300	NonCarParts
QVS Набор для нанесения и растушевки теней для век (кисти 2 шт). 82-10-1691	NonCarParts
Tangle Teezer Расческа The Wet Detangler Popping Pink	NonCarParts
Триммер для бороды и усов Philips OneBlade QP2530/20 с 4 насадками-гребнями	NonCarParts
Kapous Professional Увлажняющая сыворотка Dual Renascence 2phase - 500 мл	NonCarParts
Шоколадные конфеты Ritter Sport Choco Yogurt с йогуртовой начинкой	NonCarParts
Green Witch. Полный путеводитель по природной магии трав, цветов, эфирных масел и многому другому	NonCarParts
Питательные, увлажняющие патчи для области вокруг глаз BEOTUA с цветками Золотого османтуса 80 шт	NonCarParts
Смартфон Apple iPhone 11 64GB black	NonCarParts
Huggies Подгузники Elite Soft 3-6 кг (размер 2) 88 шт	NonCarParts
Bioderma Очищающая вода "Sebium", 500 мл	NonCarParts
Сковорода Tefal "Tempo", с антипригарным покрытием. Диаметр 24 см	NonCarParts
Беспроводной пылесос Philips PowerPro Duo "2-в-1" FC6163/02, черный	NonCarParts
ESTHETIC HOUSE Набор для волос Протеиновый CP-1(шампунь+кондиционер+маска-филлер+косметичка)	NonCarParts
Смартфон Honor 10 Lite 3/64GB blue	NonCarParts
Дерматологическая эмульсия анти акне, очищающая лицо, область декольте, спину, DR MEDICA ACNE, 250 мл.	NonCarParts
BIOAQUA Увлажняющий гель с натуральным соком ALOE VERA для лица и тела, 160 мл.	NonCarParts
L'Oreal Professionnel Маска Absolut Repair для восстановления очень поврежденных волос, 250 мл	NonCarParts
Основа под макияж Art-Visage Luminizer	NonCarParts
Обеденный стул, PM-529, белый, 4 шт	NonCarParts
St. Moriz Автобронзант-мусс тонирующий "Professional", темный оттенок, 200 мл	NonCarParts
Коробка для хранения HAPPI DOME HHSS-3010-01, бежевый	NonCarParts
Смартфон Apple iPhone 6S Plus 32GB Space grey (ref.)	NonCarParts
Sim Sensitive System 4 Система 4 Лечебный комплекс от выпадения волос: Био Ботанический шампунь, 100 мл., Био Ботаническая сыворотка, 100 мл., Терапевт. Мас	NonCarParts
Waterdent Жидкость для ирригатора "Антибактериальный комплекс", 500 мл	NonCarParts
Bradex Массажный акупунктурный коврик "Нирвана" ипликатор (аппликатор Кузнецова) игольчатый 	NonCarParts
Конструктор LEGO DUPLO Town 10910 Путешествие субмарины	NonCarParts
Свобода от тревоги. Справься с тревогой, пока она не расправилась с тобой	NonCarParts
Бабушка велела кланяться и передать, что просит прощения	NonCarParts
ФитПарад №7 заменитель сахара на основе эритрита, 60 г саше	NonCarParts
Смартфон Apple iPhone Xr 64GB black	NonCarParts
Смартфон Huawei P30 Lite 4/128GB peacock blue	NonCarParts
BEAUTIFIC Масло конопли нерафинированное, органическое для волос; для лица; для тела, 30 мл	NonCarParts
Питер Пэн	NonCarParts
Органик Шоп Китчен Крем матовый для лица "Ес, ай ду" 100мл	NonCarParts
Робот-пылесос PROFFI PH8815	NonCarParts
"Наклейки Galerys IS030										, светло-серый, голубой, красный, зеленый"	NonCarParts
Постельный путеводитель - игра для взрослых, скретч-плакат А2	NonCarParts
Белита Бальзам для губ "Sweet Lips. 3D-эффект" для создания красивой полноты губ, 15 мл	NonCarParts
Сковорода для котлет "Travola", с мраморным покрытием, с прессом, цвет: черный, 7 ячеек. Диаметр 26,5 см	NonCarParts
Revolution Pro Палетка теней Regeneration, Trends Celestial, 14,4 г	NonCarParts
Фабрика Мастер игрушек Развивающая игра Сортер	NonCarParts
От хорошего к великому	NonCarParts
SSY косметологический набор для чистки лица 4 инструмента для удаления акне и чёрных точек	NonCarParts
Набор посуды Tefal Ingenio Black, с антипригарным покрытием, со съемной ручкой, 3 предмета	NonCarParts
Шоколад молочный Ritter Sport Имбирное печенье, с какао-начинкой и пряным печеньем, 100 г	NonCarParts
Тортница "Dommix", с крышкой, диаметр 28 см	NonCarParts
Holy Land Увлажняющий крем для лица A-Nox Hydratant Cream, 70 мл	NonCarParts
Беспроводные наушники JBL Tune 120TWS, черный	NonCarParts
Стив Джобс	NonCarParts
Londa Professional Масло аргановое Velvet Oil 100 мл.	NonCarParts
Natura Siberica Kamchatka Минеральный ВВ-крем для лица "Сияние и энергия кожи" 	NonCarParts
Natura Siberica Облепиховый комплекс масел для поврежденных волос, 50 мл	NonCarParts
Скраб Cafe Mimi Разогревающий антицеллюлитный, 280 г	NonCarParts
Vivienne Sabo Пудра против изъянов кожи "Ideal Sublime", тон №А1 слоновая кость	NonCarParts
Гель для ухода за кожей BIOAQUA BIOAQUA Увлажняющий гель с натуральным соком ALOE VERA для лица и тела	NonCarParts
Искусство цвета	NonCarParts
Medela Средство для гигиенического ухода за сосками Purelan 100, 7 г	NonCarParts
Подъемный механизм для хранения велосипеда "МастерПроф"	NonCarParts
Holy Land Сокращающая маска Astringent Mask, 70 мл	NonCarParts
Alpro Миндальный напиток, обогащенный кальцием и витаминами, 1 л	NonCarParts
Счастлив по собственному желанию	NonCarParts
Nioxin Scalp Регенерирующий пилинг для кожи головы Renew Dermabrasion Treatment 75 мл	NonCarParts
NYX Professional Makeup Off Tropic Палетка теней для глаз, оттенок 01, Hasta La Vista, 10 г	NonCarParts
Робот-пылесос Roborock Xiaomi E4 (E452-02), Русская версия	NonCarParts
Белита-М Крем для тела против целлюлита и растяжек "МУМИе", 150 мл	NonCarParts
Bioderma Интенсивный оздоравливающий уход "Sebium Global", 30 мл	NonCarParts
Давай поговорим о том, откуда берутся дети. О зачатии, рождении, младенцах и семьях	NonCarParts
Путешествие хирурга по телу человека	NonCarParts
Natura Siberica Laboratoria Гель для умывания "Стимулятор молодости, Родиола розовая", очищающий, 300 мл	NonCarParts
L'Oreal Professionnel Шампунь Absolut Repair, для восстановления очень поврежденных волос, 300 мл	NonCarParts
Likato Professional / Тоник с гликолевой кислотой 150 мл	NonCarParts
Мини-микс с цельным орехом, 3 вкуса	NonCarParts
Jelly Belly Bean Boozled Game Драже жевательное + игра, 100 г	NonCarParts
KORA Крем-гель для проблемной и жирной кожи. Матирующий эффект, 50 мл	NonCarParts
Пилинг-гель скатка Limoni для лица с фруктовыми кислотами. Для всех типов кожи,100 мл.	NonCarParts
Подушка ортопедическая IQ Sleep Orto	NonCarParts
Carmex Бальзам для губ с ароматом мяты с защитой от воздействия ультрафиолета SPF15, туба в блистере	NonCarParts
Назови меня своим именем	NonCarParts
Тональный крем Art-Visage, устойчивый тон 201	NonCarParts
Будь лучшей версией себя. Как обычные люди становятся выдающимися	NonCarParts
Солевая лампа Proffi КРИСТАЛЛ из Гималайской соли с антибактериальным эффектом, розовый, 1,5-2 кг	NonCarParts
FarmStay Увлажняющий тонер с экстрактом улитки, 150 мл	NonCarParts
Активная маска-пилинг для лица Витэкс, с фруктовыми кислотами, 100 мл	NonCarParts
Приспособление для снятия нагрузки с позвоночника Bradex "Мостик", цвет: черный	NonCarParts
ВкусВилл. Как совершить революцию в ритейле, делая всё не так	NonCarParts
Спаси меня. Книга 1	NonCarParts
Набор кухонных ножей Nadoba, универсальный, 3 предмета	NonCarParts
Makeup Revolution Палетка теней Reloaded Palette, Newtrals 2, 16 г	NonCarParts
Классные эксперименты для детей. Открой дверь в науку	NonCarParts
Магний В6 "Эвалар", для крепких нервов, 60 таблеток	NonCarParts
Сковорода "Travola", с антипригарным покрытием, со съемной ручкой, 26 х 24 см	NonCarParts
Bioderma Очищающий мусс "Sebium", без помпы, 200 мл	NonCarParts
 L'Occitane Масло для душа "Миндаль", 250 мл	NonCarParts
Samsung Micro SDHC Card 128GB EVO Plus 2 U3 w/adapter	NonCarParts
Chupa chups Sour belts mini жевательный мармелад, 150 г	NonCarParts
Тонометр Omron M2 Basic + адаптер, с технологией интеллектуального измерения Intellisense	NonCarParts
Смартфон Huawei Y6 2019 2/32GB blue	NonCarParts
Тибетский аппликатор Лаборатория Кузнецова, валик для шеи, на мягкой подложке, более острые иглы, желтый	NonCarParts
Тушь для ресниц Белита "Королевский объем. Luxury", цвет: черный, 12 мл	NonCarParts
ФитПарад №7 заменитель сахара на основе эритритола, 180 г	NonCarParts
Holy Land Bio Repair Cleanser Gel, Очиститель кожи лица, 250 мл	NonCarParts
Zoe Dundee Щетка для сухого массажа тела  из бамбука и щетины кабана 	NonCarParts
Триммер для носа и ушей Philips NT1150/10	NonCarParts
Essence Блеск для губ shine shine shine lipgloss, 5 мл, 01 behind the scenes	NonCarParts
Compliment White Mask Лифтинг-маска Выравнивание Сужение пор, 80 мл	NonCarParts
Luxplast Пластырь-спрей, 40 мл	NonCarParts
Про бабулечек – топотулечек, хлопотулечек, выпекулечек...	NonCarParts
Petitfee Гидрогелевые патчи для кожи вокруг глаз, 60 шт	NonCarParts
Holy Land Лосьон Boldcarе Starting Lotion, 150 мл	NonCarParts
Batiste CHERRY Сухой шампунь 200 мл	NonCarParts
Кукла L.O.L. Surprise! Кукла с волосами, 556220	NonCarParts
Eveline Гиалуроновая мицеллярная вода 3в1 Facemed+, 400 мл	NonCarParts
Сладкая Сказка Маша и Медведь карамельные тросточки, 120 г	NonCarParts
Легкий увлажняющий крем-гель KORA "Защита от фотостарения", SPF-15, 50 мл	NonCarParts
Форма для выпечки печенья Kukmara "Орешница". Диаметр 14	NonCarParts
Mustela Солнцезащитное молочко с очень высокой степенью защиты SPF 50+, 100 мл	NonCarParts
FarmStay Тканевая маска с натуральным экстрактом граната, 23 г	NonCarParts
Многоразовые силиконовые беруши модель JEM11 / беруши для сна или плаванья/ надежная защита от шума и воды/ анатомическая форма/ яркий зеленый 	NonCarParts
Estrade Mon Secret Компактный скульптор, тон 208	NonCarParts
Смартфон Xiaomi Redmi Note 9 Pro 6/128GB gray	NonCarParts
Витамин D3 ДЕТРИЛАН 20 мл	NonCarParts
Фабрика Мастер игрушек Развивающая игра Ассоциации Природа	NonCarParts
CARMEX Бальзам для губ с ароматом граната с защитой от воздействия ультрафиолета SPF15, стик в блистере, 4,25 г	NonCarParts
Органик Шоп Китчен Разглаживающее масло для тела "Мимими"100мл	NonCarParts
Доска разделочная "Хозяюшка", диаметр 30 см	NonCarParts
Сундучок ящик деревянный, 610х320х300 мм	NonCarParts
К черту все! Берись и делай	NonCarParts
Fujifilm Instax Mini 9, Light Blue фотокамера мгновенной печати	NonCarParts
Estel Otium Aqua Hydro-маска для волос "Глубокое увлажнение" 300 мл	NonCarParts
Вертикальный отпариватель Philips EasyTouch Plus GC514/40	NonCarParts
Bioderma Очищающая вода "Sensibio",100 мл	NonCarParts
Набор бокалов для вина Pasabahce "Enoteca", 780 мл, 6 шт	NonCarParts
Смартфон Apple iPhone Xr 64GB red	NonCarParts
Силиконовая скатерть прозрачная 0,8мм (гибкое / мягкое стекло / защитная пленка) на стол (110*80)см	NonCarParts
BabyLine Натуральная детская губка для мытья и массажа	NonCarParts
Картина по номерам на холсте Paintboy Original  "Бэтмен и женщина-кошка", 40х50 см, PK24059	NonCarParts
Dove спрей  Кокосовое масло и миндальное молочко лосьон для тела, 190 мл	NonCarParts
Holy Land Восстанавливающий крем Alpha-Beta and Retinol Restoring Cream, 50 мл	NonCarParts
Galaxy Ванночка массажная для ног GL4901	NonCarParts
Haribo Ягоды жевательный мармелад, 3 кг	NonCarParts
Масло гидрофильное для сухой и возрастной кожи KORA "Очищение + уход", 150 мл	NonCarParts
Natura Siberica Crazy Desserts био-скраб для тела "Перечная клюква", разогревающий,450 мл	NonCarParts
ESTHETIC HOUSE Набор для волос  CP-1 BС Intense 500 (шампунь+кондиционер)	NonCarParts
Щипцы для завивки Galaxy GL 4606	NonCarParts
Makeup Revolution Палетка теней Reloaded Palette, Iconic Vitality, 16 г	NonCarParts
Шоколад Milka "Елка", 100 г	NonCarParts
Maybelline New York Бальзам для губ "Baby Lips, Персик", восстанавливающий и увлажняющий, с бежевым оттенком и запахом	NonCarParts
Арахисовая паста без сахара натуральная СНЕКИ №1, 250 грамм	NonCarParts
Витэкс Идеальное Отбеливание Отбеливающий Тоник-пилинг для лица, против веснушек и пигментных пятен 150 мл	NonCarParts
Сковорода для блинов "Travola", с мраморным покрытием, цвет: черный. Диаметр 26,5 см	NonCarParts
Стул DSW белый	NonCarParts
LEMLEO Кулинарный электронный термометр для приготовления пищи, термощуп для еды, овощей, кухонный пищевой щуп с иглой для жарки мяса и гриля, 	NonCarParts
"Фен IONIC Philips DryCare Essential BHD029/00, 1600 Вт
"	NonCarParts
Makeup Revolution Палетка теней Roxi Roxxsaurus Palette, Ride or Die, 14,4 г	NonCarParts
Шоколадная паста Баунти,  белый шоколад и кокосовая стружка, 200 гр.	NonCarParts
Копилка электронная "Банкомат", цвет: красный	NonCarParts
Знаток Звуковой плакат "Говорящая азбука". 2783750	NonCarParts
Погружной блендер Scarlett SC-HB42M33, белый	NonCarParts
Манифест инвестора. Готовимся к потрясениям, процветанию и всему остальному	NonCarParts
Конструктор LEGO Technic 42104 Гоночный грузовик	NonCarParts
Кукла Enchantimals дополнительная с питомцем Чериш Гепарди и Квик FJJ20	NonCarParts
Блины со вкусом малины Bombbar, 420 г	NonCarParts
LU MINATE Минеральная пудра для лица освежающая, 5 г	NonCarParts
Миниклинер для удаления катышков PROFFI Home PH8854 White Blue	NonCarParts
Carmex Бальзам для губ с ароматом вишни с защитой от воздействия ультрафиолета SPF15, туба в блистере	NonCarParts
Протеиновое печенье Bombbar "Шоколадный брауни", низкокалорийное, 40 г	NonCarParts
Витэкс Маска-скраб массажная Pharmacos Dead Sea, перед шампунем, для волос и кожи головы, 400 м	NonCarParts
Tropicana Кокосовое масло холодного отжима, 100 мл	NonCarParts
Sim Sensitive System 4 Oil Cure Hair Mask, Система 4 Терапевтическая пилинговая маска, 100 мл	NonCarParts
MINABAO Коллагеновые гидрогелевые патчи для глаз с муцином улитки и золотом, 60шт.	NonCarParts
SSD диск Samsung 860 EVO SATA III 500Gb (MZ-76E500BW)	NonCarParts
BEAUTIFIC Гель для умывания "Pure Black" глубокое очищение с активированным углем и чайным деревом, 150 мл	NonCarParts
Makeup Revolution Палетка теней 32 Eyeshadow Palette, Flawless, 16 гр	NonCarParts
Пять языков любви. Как выразить любовь вашему спутнику	NonCarParts
TIGI BED HEAD Small Talk Текстурирующее средство 3-в-1 для создания объема 200 мл	NonCarParts
Взлом маркетинга. Наука о том, почему мы покупаем	NonCarParts
Игровая консоль PlayStation 4 Slim 1TB + Жизнь после + God of War + Последние из нас	NonCarParts
La Roche-Posay Anthelios Спрей-вуаль для лица матирующий, для жирной и нормальной кожи, SPF 50, 75 мл	NonCarParts
Idea Ящик для игрушек Моби цвет бирюзовый 41,5 х 60 х 32 см	NonCarParts
Органик Шоп Китчен Нежный Гель для интимной гигиены "Цветок лотоса", 100 мл	NonCarParts
BIOAQUA Bioaqua маска-патчи для кожи вокруг глаз с лепестками Золотого Османтуса, 140 гр/80 шт.	NonCarParts
Lactacyd Средство для ежедневной интимной гигиены, 200 мл	NonCarParts
Знаток Конструктор электронный	NonCarParts
Сахарница "Rainstahl", с крышкой и ложкой, 460 мл. 8420-46 RS\SB	NonCarParts
Chupa Chups карамель "Do you love me", ассорти 150 шт по 12 г	NonCarParts
Сковорода Tefal "Tempo", с антипригарным покрытием. Диаметр 26 см	NonCarParts
Пастила Вкусная помощь "Мотиваторы", 300 г	NonCarParts
Стратегия голубого океана. Как найти или создать рынок, свободный от других игроков	NonCarParts
Holy Land Пилинг-крем Peeling Cream, 70 мл	NonCarParts
Парфэ Красители пищевые жидкие, 36 г	NonCarParts
ESTEL PROFESSIONAL Маска PRIMA BLONDE для холодных оттенков блонд серебристая 300 мл	NonCarParts
Коврик для раскатки теста, выпечки, силиконовый, антипригарный, размер 50х40 см, Bradex 	NonCarParts
Makeup Revolution Палетка теней 32 Ultra Eyeshadows, Flawless 3 Resurrection, 16 г	NonCarParts
Oral-B Электрическая зубная щетка Vitality 3D White	NonCarParts
Пока-я-не-Я. Практическое руководство по трансформации судьбы	NonCarParts
CATRICE Фиксирующий спрей для макияжа лица Prime And Fine Multitalent Fixing Spray, 50 мл	NonCarParts
Чайник стеклянный с деревянной крышкой, 1200мл	NonCarParts
Alpro Кокосовый напиток с Рисом, обогащенный кальцием и витаминами, 1 л	NonCarParts
Полка подвесная Metaltex "Babatex", цвет: белый, 30 х 26 х 14 см	NonCarParts
Муфта Полботинка и Моховая Борода;Муфта, Полботинка и Моховая Борода. Книги 1, 2	NonCarParts
Робот-пылесос Xiaomi Mi Robot Vacuum Cleaner, белый	NonCarParts
Наклейка интерьерная "Животные на шариках"	NonCarParts
Белита Крем-сатин для рук и ногтей "Витаминный" на пшенице, 300 мл	NonCarParts
KORA SPA-маска, обновляющая, с органоминеральным комплексом, 100 мл	NonCarParts
Динозавры. 4D Энциклопедия в дополненной реальности	NonCarParts
Белита Шампунь-пилинг с дозатором, 1 л	NonCarParts
Трансерфинг реальности. Ступени 2-5 (комплект из 4 книг)	NonCarParts
Акриловые краски по ткани Decola 6 цветов	NonCarParts
Набор тонированной цветной бумаги 20 цветов 20 листов 	NonCarParts
QVS Двусторонняя щетка-кисть для бровей. 82-10-1687	NonCarParts
Конструктор LEGO City Space Port 60225 Тест-драйв вездехода	NonCarParts
Смартфон Xiaomi Redmi Note 8 Pro 6/128GB gray	NonCarParts
Dr.Jart+ Увлажняющая альгинатная маска для лица Shake&Shot Hydro Shot	NonCarParts
Смартфон Apple iPhone 11 Pro 64GB midnight green	NonCarParts
Бальзам для губ Lumene Moomin "Черничный"	NonCarParts
Alorcolor Спонжи для макияжа кожи лица, для нанесения косметики и тонального крема, для чистки лица. Косметическая мягкая губка (2 штуки)	NonCarParts
Dr.Sante Keratin Маска для тусклых и ломких волос, 300 мл	NonCarParts
KORA Крем увлажняющий, с морскими экстрактами, для всех типов кожи, 50 мл	NonCarParts
CATRICE Консилер для лица Camouflage Cream, 3 г, 010 Ivory	NonCarParts
Стеллаж Моби Айс 10.133	NonCarParts
Сушилка для белья Nika, на батарею, СБ5-45, цвет в ассортименте, 45 х 23,5 см	NonCarParts
Dolce & Gabbana Туалетная вода "Light Blue", 100 мл	NonCarParts
Железнодорожный манеж	NonCarParts
Сертифицированная кольцевая лампа 26 см версия 2.0 со штативом 160 см, настольным штативом и пультом для селфи	NonCarParts
Камасутра для оратора	NonCarParts
Philips PerfectCare Performer GC8711/20, White Blue парогенератор	NonCarParts
Блюдо для запекания и сервировки 29х17х12 см 900 мл Elan Gallery Айсберг со стеклянной крышкой на деревянной подставке	NonCarParts
Драже жевательное Jelly Belly, ассорти Bean Boozled, 45 г	NonCarParts
Holy Land Лосьон для лица Ginseng & Carrot Lotion, 150 мл	NonCarParts
Кукла L.O.L. Surprise! Мини кукла или питомец, 556244	NonCarParts
 Inoface Альгинатная маска с витамином С для улучшения цвета и рельефа лица, 200гр	NonCarParts
Пуф Лотос Белая ЭкоКожа	NonCarParts
Пять травм, которые мешают быть самим собой 	NonCarParts
Отпариватель ручной Philips Steam&Go GC362/80	NonCarParts
QVS Профессиональный набор кистей для макияжа, 5 шт. 82-10-1693	NonCarParts
Валентин Пикуль. Избранные произведения в 4 томах (комплект из 4 книг)	NonCarParts
Без стресса. Научный подход к борьбе с депрессией, тревожностью и выгоранием	NonCarParts
Eunyul Маска с муцином улитки, 22 г	NonCarParts
Напиток миндальный Alpro, обогащенный кальцием и витаминами, без сахара, 1 л	NonCarParts
Kerasys Шампунь для волос Oriental Premium, 500 г	NonCarParts
Вкусная помощь Мотиваторы набор яблочной пастилы, 150 г	NonCarParts
Хроники Нарнии (ил. П. Бейнс)	NonCarParts
Peroni "Коктейли" мед-суфле подарочный набор, 3 шт по 30 г	NonCarParts
PUPA Пудра компактная запеченная "Luminys Baked Face Powder", тон 01 Ivory Beige	NonCarParts
Holy Land Крем для жирной кожи Youthful Cream For Normal To Oily Skin, 70 мл	NonCarParts
Беспроводной пылесос Deerma VC20 Cordless Vacuum Cleaner	NonCarParts
LANVIN Eclat D'Arpege,парфюмерная вода женская 30 мл.	NonCarParts
Набор разделочных досок "Fissman", 32 x 19 см, 3 шт	NonCarParts
DNC Крем-концентрат от трещин и сухости, для ног, 80 мл	NonCarParts
Agrado Крем-гель для душа + пена для ванны 2в1 без парабенов 750 мл., Испания, "Пина колада",  с ароматом кокоса	NonCarParts
Игрушка FurReal Friends Русский мишка	NonCarParts
Гимнастика для ума. Система тренировки интеллекта для детей  6-7  лет. Блокнот-тренажер.	NonCarParts
Смартфон Samsung Galaxy A21S 2020 4/64GB black	NonCarParts
Смартфон Xiaomi Redmi Note 8 Pro 6/128GB white	NonCarParts
Эссенциализм. Путь к простоте	NonCarParts
Увлажнитель воздуха AIC АС612, белый	NonCarParts
Natura Siberica Frozen Limonnik Nanai Шампунь "Энергия и рост волос", 400 мл	NonCarParts
Куриный бульон для души: 101 история о женщинах	NonCarParts
Кукла Enchantimals базовая с питомцем Пэттер Павлина и Флэп FXM74	NonCarParts
Правила развития мозга вашего ребенка / Brain Rules for Baby	NonCarParts
Эмоциональный интеллект ребенка. Практическое руководство для родителей	NonCarParts
LEMLEO Многоразовые экомешочки продуктовые, фасовочные пищевые эко пакеты для хранения фруктов и овощей, набор из 9 шт.	NonCarParts
Kapous Реструктурирующая маска с кератином Magic Keratin 500 мл	NonCarParts
Мягкая игрушка Budi Basa кот Басик - подушка 40 см, Kp40-012	NonCarParts
Вафельница Galaxy GL 2950	NonCarParts
Maple Joe кленовый сироп, 189 мл	NonCarParts
Маленькая жизнь	NonCarParts
Расческа Tangle Teezer The Large Wet Detangler Black Gloss	NonCarParts
Гель для бровей и ресниц Art-Visage Fix & Сare коричневый	NonCarParts
Наклейка интерьерная "Лисички с шариками"	NonCarParts
Все дело в папе. Работа с фигурой отца в психологическом консультировании	NonCarParts
Витаминно-минеральные комплексы Optimum Nutrition Opti Women (60 c)	NonCarParts
Organic Shop Kitchen Мерцающий крем-хайлайтер для лица и тела Загадочное полнолуние, 100 мл	NonCarParts
ETUDE HOUSE Очищающая пенка мягко отшелушивает кожу лица и глубоко очищает поры Baking Powder Pore Cleansing Foam 160 мл	NonCarParts
Акриловые краски по ткани Decola12 цветов	NonCarParts
Шоколад Ritter Sport Яркий мини-микс, 123 г	NonCarParts
CUREX THERAPY Vita-терапия Маска для повреждённых волос, 500 мл	NonCarParts
Estel Professional Thermokeratin - Кератиновая маска для волос 250 мл	NonCarParts
45 татуировок менеджера. Правила российского руководителя	NonCarParts
Непонятное искусство. От Моне до Бэнкси	NonCarParts
Sim Sensitive System 4 Bio Botanical Serum, Система 4 Сыворотка для волос Био Ботаническая, 100 мл	NonCarParts
Протеиновое печенье Bombbar, низкокалорийное, кокос, 12 шт по 40 г	NonCarParts
FarmStay Пенка для умывания с коллагеном Collagen Pure Cleansing Foam 180 мл	NonCarParts
Braun Oral-B Vitality 3D White D12.513DW электрическая зубная щетка	NonCarParts
Кукла L.O.L. Surprise! Winter Disco, 55967	NonCarParts
Кольца кулинарные "Metaltex", 3 шт	NonCarParts
QVS Кисть для тональной основы и консилера. 82-10-1683	NonCarParts
Набор мини-шоколада Ritter Sport Яркая коллекция, 7 вкусов, 150 г, 9 шт	NonCarParts
Энергетический напиток Black Monster Energy Ultra, 12 шт по 500 мл	NonCarParts
Гарри Поттер Магическая капсула с фигурками/ Harry Potter 19284	NonCarParts
Покрывало Гутен Морген "Капучино", 200 х 220 см	NonCarParts
Chupa Chups карамель "Двойная порция" ассорти, 24 шт по 16,8 г	NonCarParts
Koelf Гидрогелевые патчи для век с маслом ши и жемчужной пудрой Pearl & shea butter hydrogel eye patch (60 шт.)	NonCarParts
Кукла Zapf Creation Baby Born интерактивная, 43 см (825-938)	NonCarParts
Электрический чайник Bosch TWK8617P	NonCarParts
Настольная игра Экивоки (2-е издание)	NonCarParts
Сухоцветы для декора и интерьера, камыш натуральный	NonCarParts
Конструктор LEGO Creator 31090 Робот для подводных исследований	NonCarParts
Белита BB Крем для лица туба Belita Young, 30 мл	NonCarParts
Набор аксессуаров для ванной комнаты, 4 предмета "Агат"	NonCarParts
Конфеты жевательные Сладкая Сказка "Кислая атака", 270 г	NonCarParts
Низкокалорийный сироп Mr.Djemius ZERO молочный шоколад, 330 г	NonCarParts
Vivienne Sabo Репейное масло для роста и укрепления ресниц и бровей Ideal Sublime	NonCarParts
Контейнер для таблеток  Неделька 	NonCarParts
Бизиборд Jolly Kids Домик со светом Веселая Ферма	NonCarParts
Сумка Bradex "Элеонора", цвет: черный. AS 0251	NonCarParts
Кукла Barbie Игра с модой 103 FXL43	NonCarParts
Психология лжи. Обмани меня если сможешь	NonCarParts
Дневник памяти	NonCarParts
Телевизор Thomson T32RTL5131, white	NonCarParts
Масло кокосовое, рафинированное, 180г.	NonCarParts
AlorColor Гидрогелевые патчи для глаз, патчи под глаза от темных кругов и отеков (быстрый эффект, 60 штук)	NonCarParts
Коктейль Bombbar, фисташковое мороженое, 900 г	NonCarParts
Шоколад Alpen Gold Орео молочный, со вкусом клубники и кусочками печенья, 95 г	NonCarParts
Комплект для уборки Miley Magic Flat Mop: швабра, ведро с отжимом, цвет: бирюзовый	NonCarParts
Compliment Аква-спрей оживляющий с экстрактом ламинарии, 200 мл	NonCarParts
Клипсы для гирлянд Command, 17026CLR, прозрачный, 20 шт	NonCarParts
VILENTA Подарочный набор средств по уходу за кожей лица, тела и волос BEAUTY BOX WOW (7 средств)	NonCarParts
СЕПТИМА антисептик спрей для быстрой дезинфекции воздуха и поверхностей от вирусов, бактерий и грибков 250 мл 	NonCarParts
Hobby World Настольная игра Свинтус Премиум-издание	NonCarParts
Исправь свое детство. Универсальные правила	NonCarParts
Avene Очищающая пенка для нормальной и комбинированной чувствительной кожи, 150 мл	NonCarParts
Dove Мусс для душа, бессульфатный, с маслом кокоса, 200 мл	NonCarParts
Триммер для носа и ушей Philips NT3160/10, с возможностью подравнивания бровей	NonCarParts
Карта памяти Samsung EVO Plus MicroSDXC 64Gb, MB-MC64HA, + SD адаптер	NonCarParts
Жидкая помада-тинт Chupa Chups, оттенок Peach	NonCarParts
Compliment Маска-пленка против раздражений, прыщей и черных точек для жирной и проблемной кожи, 9 г	NonCarParts
Balvi Солонка Flaky	NonCarParts
Librederm Крем-антиоксидант для лица "Витамин Е", с увлажняющими свойствами, 50 мл	NonCarParts
Блюдо для лимона Pasabahce "Basic", с крышкой, диаметр 10 см	NonCarParts
Trussardi Donna Woman EDP 30 ml	NonCarParts
Щипцы-гофре для завивки Energy EN-851, Black White	NonCarParts
Нож для фигурной нарезки "Metaltex", цвет: оранжевый, длина лезвия 11,5 см	NonCarParts
 Lumene CC Тональный крем Абсолютное совершенство SPF 20, Medium, бежевый	NonCarParts
Makeup Revolution Хайлайтер Soph Highlighter Palette, 16 г	NonCarParts
Сушилка для посуды Plastic Centre "Лилия", 2-ярусная, с сушилкой для столовых приборов, цвет: бежевый, коричневый	NonCarParts
Parachute Coconut Oil Кокосовое Масло, 100 мл	NonCarParts
Паста соленая Chikalab "Карамель с кешью" 250 грамм	NonCarParts
Электрогриль Kitfort КТ-1626	NonCarParts
Органик Шоп Китчен Моделирующий крем для тела "90-60-90"100мл	NonCarParts
BEAUTIFIC  Пилинг для лица ACNE KILLA  против акне 18% с салициловой кислотой и цинком, 30 мл	NonCarParts
Бизнес с нуля. Метод Lean Startup для быстрого тестирования идей и выбора бизнес-модели	NonCarParts
Юрий Домбровский. Избранное в 2 томах (комплект)	NonCarParts
Barinoff Сироп Миндаль, 1 л	NonCarParts
Monopoly Настольная игра Банк без границ	NonCarParts
Морозильник Бирюса 114, белый	NonCarParts
Дао Toyota. 14 принципов менеджмента ведущей компании мира	NonCarParts
Сушилка для белья ЛакМет "Лиана", потолочная, цвет: белый, 1800 мм	NonCarParts
Vivienne Sabo Polynesie Francaise Хайлайтер-спрей для тела, тон № 01, 50 мл	NonCarParts
Столовый сервиз Luminarc Harena White, 19 предметов	NonCarParts
Смартфон Samsung Galaxy A10 2/32GB blue	NonCarParts
40" Телевизор Thomson (T40FSL5130), черный	NonCarParts
Мука кокосовая 100% натуральная бережной обработки 200 гр	NonCarParts
Парогенератор Tefal Fasteo SV6020E0	NonCarParts
Джем низкокалорийный BombJam, манго-банан, 250 г	NonCarParts
Fito Косметик Краска для бровей и ресниц Крем-хна горький шоколад	NonCarParts
CATRICE Пудра рассыпчатая для лица Nude Illusion Loose Powder матирующая, 11 г, Transparent Matt	NonCarParts
Makeup Revolution Палетка теней 32 Ultra Eyeshadows, Mermaids Forever, 16 г	NonCarParts
Без сахара низкоуглеводная Паста кешью с кокосом "CRUNCH-BRUNCH"	NonCarParts
TIGI BED HEAD Superstar Queen for a Day Лак для придания объема волосам 320 мл	NonCarParts
Карнитин (L-карнитин) VPLab L-Carnitine Capsules 90 капсул	NonCarParts
ВкусВилл Скраб для тела Кокос ВкусВилл, 150 г	NonCarParts
Витамин D3 ДЕТРИЛАН 50 мл	NonCarParts
Печенье неглазированное Bombbar Ассорти, 12/40 г	NonCarParts
Набор шоколада "Любимой маме"	NonCarParts
РАТАТУЙ / Нож для волнистой и фигурной нарезки овощей и фруктов, для картофеля фри из нержавеющей стали, с волнистым лезвием	NonCarParts
Смартфон Honor 20 Lite 4/128GB peacock blue	NonCarParts
Трансерфинг реальности. Ступень I. Пространство вариантов	NonCarParts
LONDA PROFESSIONAL Масло VELVET OIL для обновления волос без утяжеления 30 мл	NonCarParts
Ёska Натуральный лубрикант на водной основе - 75 мл.	NonCarParts
Органик Шоп Китчен Восстанавливающий бальзам для волос "Коса до пояса", 100 мл	NonCarParts
Форма-слайсер для нарезки коржей, Pro Series	NonCarParts
Рецепты бабушки Агафьи масло для тела интенсивное увлажнение кедрово-сливочное, 300 мл	NonCarParts
L'Oreal Paris "Pure Zone Абсолютная Чистота 7 в 1" Ежедневный скраб для лица от черных точек и прыщей, 150 мл	NonCarParts
Смартфон Huawei Y6 2019 2/32GB brown	NonCarParts
Кукла Barbie Игра с модой 104 FXL44	NonCarParts
Barinoff Сироп Амаретто, 1 л	NonCarParts
Пастила без сахара Пастилушка, ассорти 2 кг	NonCarParts
Смартфон realme C3 3/64GB blue	NonCarParts
Эпоксидная смола для творчества и рукоделия универсальная Artline Crystal Epoxy, 150 гр	NonCarParts
Психосоматика. Психотерапевтический подход. Универсальные правила	NonCarParts
Librederm Серацин лосьон для глубокого очищения пор 100 мл	NonCarParts
Смартфон Apple iPhone 11 128GB purple	NonCarParts
Крона Бизиборд Развивайка	NonCarParts
45 татуировок менеджера. Правила российского руководителя	NonCarParts
Tangle Teezer Расческа Thick & Curly Salsa Red	NonCarParts
Kerasys Шампунь для волос, восстанавливающий, 400 мл	NonCarParts
Little Angel Детский комод Пальма	NonCarParts
Vicenta Арахисовая паста с кусочками арахиса, 340 г	NonCarParts
Xiaomi Redmi AirDots беспроводные наушники, черный	NonCarParts
Смартфон Apple iPhone 7 32GB black	NonCarParts
Смартфон Samsung Galaxy M31 2020 6/128GB black	NonCarParts
Контейнер для стирального порошка "Полимербыт", 5 л	NonCarParts
QVS Матирующие салфетки для лица, 100 шт. 82-10-1709	NonCarParts
Jelly Belly Драже жевательное, ассорти Bean Boozled, 54 г	NonCarParts
Силиконовая скатерть прозрачная 0,8мм (гибкое / мягкое стекло / защитная пленка) на стол (120*80)см	NonCarParts
Смартфон Samsung Galaxy M31 6/128GB blue	NonCarParts
Foody Mac&Cheese карбонара с беконом макароны с сырным соусом, 143 г	NonCarParts
Шоколад с украшением Клубника, пекан, малина Chokodelika, 100 г	NonCarParts
Eva esthetic Маска альгинатная для любого типа кожи, 20 г	NonCarParts
Luke Hyaluron Essence Mask. Маска, с гиалуроновой кислотой, 21 г	NonCarParts
PUPA Пудра компактная запеченная "Luminys Baked Face Powder", тон 05 Amberlight	NonCarParts
Полка подвесная Metaltex "Babatex Color", цвет: белый, 40 х 26 х 14 см	NonCarParts
Препарат для суставов и связок Animal Flex 44 пак	NonCarParts
Набор тарелок Pasabahce "Токио", 19,5 х 19,5 см, 6 шт	NonCarParts
Natura Siberica Doctor Taiga Lift-Activе Активатор молодости Коллагеновая БИО сыворотка для лица, 30 мл	NonCarParts
Конструктор LEGO DUPLO Town 10904 Детишки животных	NonCarParts
Электрическая зубная щетка Oral-B Vitality DUO D190, голубой, белый, розовый, 2 шт	NonCarParts
Любовь на всю жизнь. Руководство для пар	NonCarParts
Tatkraft HORIZON Надверный держатель для полотенец, длина 23 см	NonCarParts
Вертикальный пылесос DEERMA DX700S	NonCarParts
Конфеты Вкусная помощь "Я тебя люблю", 250 мл	NonCarParts
Гарри Поттер. Трехмерная карта Хогвартса и Хогсмида	NonCarParts
Набор Philips Sonicare DiamondClean HX9368/35 электрические зубные щетки с зарядным стаканом и насадками для языка	NonCarParts
Расскажи мне о море	NonCarParts
Гении и аутсайдеры (новая обложка)	NonCarParts
Витэкс Маска-восстановление с кератином для волос Keratin Active, 300 мл	NonCarParts
Салатница Green Way "Калабаш", 10 см х 10 см х 4 см	NonCarParts
Быстрый ум. Как забывать лишнее и помнить нужное	NonCarParts
Гель и смазка Masculan с ароматом и вкусом вишни, массажный, 2 в 1, 130 мл	NonCarParts
Bradex Шахматы для тренировки памяти Мнемоники	NonCarParts
Кремлина Микс: чернослив, курага, финик и инжир в шоколаде, 1 кг	NonCarParts
Лолита	NonCarParts
Kerasys Маска для волос "Salon Care", 200 мл	NonCarParts
Термометр медицинский B.Well WF-1000 инфракрасный, 2 в 1 лобный/ушной	NonCarParts
Хлебница "Kesper", 32,5 х 15 х 21 см	NonCarParts
Смартфон Honor 10I 4/128GB black	NonCarParts
Капсульная кофемашина Nespresso Vertuo Plus, белый	NonCarParts
Печенье неглазированное Bombbar Мята и шоколад, овсяное, 12 шт по 40 г	NonCarParts
Пупс Крошки-Горошки	NonCarParts
Умные напольные весы Picooc Mini (Bluetooth), черный	NonCarParts
Троица. Будь больше самого себя	NonCarParts
Психология убеждения. 50 доказанных способов быть убедительным	NonCarParts
Набор игровой Enchantimals Джунгли-лодка кукла+питомец GFN58	NonCarParts
Bioderma Вода мицеллярная "Sensibio Н2О AR", 250 мл	NonCarParts
Презервативы Masculan 2 Ultra №10 особо тонкие, прозрачные, с обильной смазкой	NonCarParts
Паста арахисовая хрустящая Bombbar, 300 г	NonCarParts
Мягкая пенка для умывания с фруктовыми кислотами Витэкс, 150 мл	NonCarParts
Barinoff Сироп Пина Колада, 1 л	NonCarParts
Гель и смазка Masculan без запаха, с дозатором, 2 в 1, 130 мл	NonCarParts
Compliment Naturalis Набор Маска для волос с перцем 3 в 1, 2 шт по 500 мл	NonCarParts
Триммер для бороды и усов Philips OneBlade QP2520/60, с дополнительным лезвием и 3 насадками-гребнями	NonCarParts
Витэкс Perfect Skin Совершенная кожа ВВ крем-корректор	NonCarParts
Кукла Enchantimals базовая с питомцем Сэйдж Скунси и Кейпер FXM72	NonCarParts
Конструктор LEGO City Great Vehicles 60222 Снегоуборочная машина	NonCarParts
Стул DSW комплект 4 шт. белые	NonCarParts
Подарочный набор косметический по уходу за кожей лица, тела и волос MY BEAUTY BOX № 204, 9 шт	NonCarParts
Кукла Enchantimals дополнительная с питомцем Хиксби Ежик и Поинтер FJJ22	NonCarParts
DOLCE & GABBANA 3 LImperatrice Ж ТВ  50 мл	NonCarParts
Скетчбук А5. Ананас	NonCarParts
Holy Land Сокращающая маска для лица Double Action Mask, 70 мл	NonCarParts
Косметический набор Real Techniques Everyday Essentials, розовый, оранжевый, 5 предметов	NonCarParts
Светодиодный настольный неоновый светильник APEYRON electrics 12-69 "Фламинго", цвет: розовый	NonCarParts
Знаток Конструктор электронный 999 схем	NonCarParts
Копилка для денег "Пора в отпуск" 22,5x26 см массив дерева, венге Дубравия KD-037-120	NonCarParts
Психология влияния. Убеждай. Воздействуй. Защищайся	NonCarParts
Бумага для депиляции Kapous Professional Depilation, 7 х 20 см, 100 шт	NonCarParts
Доска пробковая для объявлений А3 342х484 мм, Brauberg, 231990	NonCarParts
Детский Кресло-мешок GoodPoof Груша Оксфорд L, розовый	NonCarParts
Avene CLEANANCE Очищающий, матирующий гель 400 мл	NonCarParts
MIXIT Голографический блестящий глиттер для лица и тела EUPHORIA Holographic Tears, 15 мл	NonCarParts
Карты Таро Уэйта, 78 карт	NonCarParts
KeraSys Кондиционер  для волос, восстанавливающий, сменная упаковка, 500 мл	NonCarParts
KENTON Сухая смесь для Торта Синий бархат + крем 	NonCarParts
Маска с алоэ Eunyul, 22 г	NonCarParts
Гель для стирки Clovin Wasche Meister универсальный ЭКО 4130 мл (51 стирка) Германия	NonCarParts
Карельский продукт Варенье из морошки и облепихи, 320 г	NonCarParts
CUREX CLASSIC Основной уход Маска для всех типов волос, 500 мл	NonCarParts
L'Oreal Professionnel Шампунь для волос Vitamino Color, для окрашенных волос, 300 мл	NonCarParts
MINABAO Гидрогелевые патчи с экстрактом ласточкиного гнезда от морщин, 60 шт	NonCarParts
Шубница 900 мл 28,5х15,5х5,5 Elan Gallery Белые розы блюдо сервировочное фарфор	NonCarParts
Медвежий угол	NonCarParts
Pure Paw Paw бальзам классический	NonCarParts
Кукла Barbie Безграничные движения (с артикуляцией тела) Брюнетка FTG82	NonCarParts
Капсульная кофемашина Bosch Tassimo Vivy II TAS1404, белый	NonCarParts
Brauberg Набор кистей 5 шт 200219	NonCarParts
Vivienne Sabo Пудра против изъянов кожи "Deal Sublime", тон №А2 светло-бежевый	NonCarParts
Мама и сын. Как вырастить из мальчика мужчину	NonCarParts
Жесткий менеджмент. Заставьте людей работать на результат	NonCarParts
Подарочный набор косметический по уходу за кожей лица, тела и волосами HEART BOX № 301, 9 шт.	NonCarParts
Дрофа-Медиа Развивающая игра Половинки	NonCarParts
Форма для мороженого "Cosmoplast", 4 ячейки	NonCarParts
Художественный набор Игрокат для рисования 220 предметов в деревянном кейсе	NonCarParts
Смартфон Samsung Galaxy A51 6/128 GB, белый	NonCarParts
Barinoff Сироп Айриш-Крим, 1 л	NonCarParts
Заповедник сказок 2014. Избранное	NonCarParts
Bioderma Тонизирующий увлажняющий лосьон "Hydrabio", 250 мл	NonCarParts
Этажерка "Бамбук"	NonCarParts
Jelly Belly Bean Boozled драже жевательное, 45 г	NonCarParts
Набор посуды Tefal "Ingenio BLACK", с антипригарным покрытием, со съемной ручкой, 3 предмета	NonCarParts
QVS Набор кистей для подведения глаз, 2 шт. 82-10-1689	NonCarParts
Наклейки Galerys Пионы, бежевый, розовый	NonCarParts
Батончик глазированный Bombbar Ассорти, 30/40 г	NonCarParts
Карельский продукт Варенье из морошки, 320 г	NonCarParts
Щипцы для выпрямления волос Scarlett TOP Style SC-HS60T80, черный	NonCarParts
Tactic Games Настольная игра Original Alias Скажи иначе	NonCarParts
CARMEX Бальзам для губ классический,стик в блистере, 4,25 г	NonCarParts
Xilitol Anytime карамель, молочная мята, 74 г	NonCarParts
CATRICE Компактная пудра с эффектом загара Sun Lover Glow Bronzing Powder, 8 г, 010 Sun-Kissed Bronze	NonCarParts
Smile Decor Обучающая игра Головоломка Солнечные зайчики	NonCarParts
Пылесос беспроводной PROFFI Multicomfort 2 в 1 PH8874 с электро-турбо щеткой и LED подсветкой	NonCarParts
Кукла в шарике L.O.L. Surprise! "Шипучий сюрприз", 558361	NonCarParts
Эмоциональный интеллект	NonCarParts
FarmStay Кислородная увлажняющая пенка для умывания O2 Premium Aqua Foam Cleansing 100 мл	NonCarParts
Agrado Крем-гель для душа + пена для ванны 2в1 без парабенов 750 мл., Испания, "Свежая клубника", с ароматом клубники	NonCarParts
Pure Paw Paw бальзам с ароматом арбуза, 25 г	NonCarParts
PIGEON Набор зубных щеток 6-18 мес, 3шт	NonCarParts
Kerasys Шампунь для волос, восстанавливающий, сменная упаковка, 500 мл	NonCarParts
L'Sanic Патчи для области вокруг глаз, с коллагеном и муцином черной улитки, 90 мл	NonCarParts
Капсулы для похудения Guarchibao Fat Burner Night ночные	NonCarParts
Робот-пылесос Samsung VR05R503PWG/EV, серый	NonCarParts
Librederm Серацин очищающий гель для умывания 150 мл	NonCarParts
Тональный крем Art-Visage, устойчивый, тон 202 светло-бежевый	NonCarParts
Растущий стул для детей "Компаньон", НАТУРАЛЬНОЕ ДЕРЕВО!	NonCarParts
Бытовой пылесос Philips PowerPro Compact FC8472/01, безмешковый	NonCarParts
Маска для волос Apotek's, с экстрактом красного перца и корицы, 250 мл	NonCarParts
Elizavecca Тоник-пилинг на основе фруктовых кислот Hell Pore Clean Up Aha Fruit Toner, 200 мл	NonCarParts
Настольная игра Hobby World Монополия. Рик и Морти	NonCarParts
Женская сумка через плечо из искусственной кожи 2020, модная универсальная цветная женская сумка через плечо, новая осеннезимняя маленькая к	NonCarParts
MIXIT Питательная гель маска для губ EUPHORIA Black Black Heart Lip Gelly Mask, 15 мл	NonCarParts
Кальян Honey Sigh модель Stick S Black 	NonCarParts
DNC Гиалуроновая кислота и Коллаген, 15 мл	NonCarParts
Сковорода-гриль квадратная 280х280мм со съемной ручкой и стеклянной крышкой.	NonCarParts
ELIZAVECCA Тоник пилинг на основе фруктовых кислот Hell Pore Clean Up Aha Fruit Toner 200 мл	NonCarParts
Тренируй свою память. Японская система сохранения здоровья мозга	NonCarParts
Печенье Савоярди Romeo e Giulietta сахарное для приготовления Тирамису, 400г	NonCarParts
Fluff зефир кремовый "Marshmallow" с клубничным вкусом, 213 г	NonCarParts
Набор инструментов для дома DEKO TZ100 (100 предметов)	NonCarParts
7DAYS Гель для тела с блестками и шиммером SHINE, BOMBITA! / 801 Frozen, 20 мл	NonCarParts
ArtMoon "Niagara" Напольная стальная сушилка для одежды складная	NonCarParts
Ящик "Idea", цвет: прозрачный, 5,5 л	NonCarParts
Floresan Пантенол Пенка после загара для всей семьи "Пантенол скорая помощь", 150 мл	NonCarParts
Makeup Revolution Палетка теней Forever Flawless, Constellation, 19,8 г	NonCarParts
Vivienne Sabo Женская туалетная вода Eau de toilette "Cherie", 50 мл	NonCarParts
Увлажнитель воздуха PPOFFI PH8750, желтый	NonCarParts
Jomtam Гидрогелевые патчи для области вокруг глаз с экстрактом морских водорослей, 60шт.	NonCarParts
Как чашка за чашкой строилась Starbucks	NonCarParts
Смартфон Samsung Galaxy A31 4/64GB white	NonCarParts
Кофеварка капельная Galaxy GL 0701, цвет: черный	NonCarParts
Конфеты M&M's Сани Подарочный набор шоколадный, 325 г	NonCarParts
Постельное белье 1,5 спальное, на молниях	NonCarParts
Гель для умывания Aevit By Librederm, матирующий, 200 мл	NonCarParts
Банка для сыпучих продуктов Pasabahce "Хоммейд", 80385SLB, 1 л	NonCarParts
Шоколад Alpen Gold Орео молочный, белый, с начинкой и кусочками печенья, 95 г	NonCarParts
Кедровые орехи очищенные, АЮ дух леса, 500 г.	NonCarParts
Набор для лепки Play-Doh Цвета и Фигуры	NonCarParts
CATRICE Блеск для губ Volumizing Lip Booster, 5 мл, 010 SomeBARE Over The Rainbow	NonCarParts
CeraVe Крем смягчающий, для сухой, огрубевшей и неровной кожи CeraVe sa smoothing, 177 г	NonCarParts
Сушилка для белья "Рыжий кот", 94 х 51 х 76 см	NonCarParts
Игровая клавиатура Defender Werewolf GK-120DL , черный	NonCarParts
QVS Эргономичный пинцет со скошенными кончиками. 82-10-1636	NonCarParts
ESTEL PROFESSIONAL Краска для бровей и ресниц ONLY looks тон коричневый 602	NonCarParts
Смартфон Xiaomi Redmi Note 8 Pro 6/128GB blue	NonCarParts
TIGI BED HEAD Ego Boost Крем-кондиционер для защиты волос от повреждений и сечения 200 мл	NonCarParts
Kerasys Шампунь для волос, увлажняющий, 400 мл	NonCarParts
Корпорация удачи Печенье песочное с предсказаниями удачи, 35 г (новогодний дизайн)	NonCarParts
Garnier Водостойкое солнцезащитное молочко Ambre Solaire, увлажнение 24ч, SPF 30, 200 мл	NonCarParts
Ароматический диффузор  ARIDA HOME ЗИМНИЙ ЛЕС 50 мл	NonCarParts
Сахарница "Rainstahl", с крышкой и ложкой, 560 мл. 8421-56 RS\SB	NonCarParts
Миф о красоте. Стереотипы против женщин	NonCarParts
Gess Массажер для лица моделирующий Face Lifting GESS-661	NonCarParts
Стань счастливым за 21 день. Самый полный курс любви к себе / Mirror Work	NonCarParts
VIVA Презервативы Ребристые, 12 шт	NonCarParts
Робот-пылесос PROFFI PH8964, 90 мин автономной работы	NonCarParts
Электробритва Philips Series 5000 S5100/06 для сухого бритья, темно-серый, синий	NonCarParts
Игровой набор Lost Kitties Котенок в молоке, в ассортименте	NonCarParts
Капсульная кофемашина Krups Infinissima KP170510	NonCarParts
Подарочный набор для укладки волос Galaxy GL4721 Фен + Щипцы + Конусная плойка + Расческа для волос + Сумка, черный, бежевый	NonCarParts
Близко к сердцу. Как жить, если вы слишком чувствительный человек	NonCarParts
DoDo Girl Палетка теней 88 цветов неон	NonCarParts
Обучающая игра Фабрика Мастер игрушек "Ассоциации. Цвета"	NonCarParts
Еда и мозг на практике. Программа для развития мозга, снижения веса и укрепления здоровья	NonCarParts
Сироп Barinoff Кленовый, ароматизированный, 1 л	NonCarParts
Беспроводные наушники TWS i9s, белые	NonCarParts
DNC Активатор роста волос, для тонких и окрашенных волос, 3х15 мл	NonCarParts
Кисть косметическая для растушевки теней Essence Blender Brush	NonCarParts
Ультрафиолетовая сушилка для обуви Тимсон	NonCarParts
7DAYS Крем-гель для ног "Мерцающие виртуальные чулки" ILLUMINATE ME MISS CRAZY/02Bitter gold, 200 мл	NonCarParts
Clarins Kit Sourcils Набор для ухода за бровями, 5,2 г	NonCarParts
LEMLEO Резинки для фитнеса и спорта, ленточный тренажер эспандер для спортивных тренировок, пилатеса и йоги, набор из 5 штук различной нагрузки	NonCarParts
Детям о важном. Про Диму и других. Как говорить на сложные темы	NonCarParts
Toffifee Рождественский поезд конфеты орешки в карамели, 250 г	NonCarParts
Термо ланч-бокс двойной Bradex Bento, зеленый, 1,5 л	NonCarParts
Pure Paw Paw бальзам с ароматом винограда, 25 г	NonCarParts
Органайзер универсальный серый Beauty Logic	NonCarParts
Гуашь художественная Master Class 16 цветов	NonCarParts
Комплекс жирных кислот VPLab Omega 3-6-9 / 60капс	NonCarParts
Смартфон Apple iPhone 7 Plus "Как новый" 256GB Black (ref.) 	NonCarParts
Petitfee Гидрогелевые патчи для кожи вокруг глаз Gold Hydrogel Eye Patch, 60 шт	NonCarParts
Легкоудаляемые самоклеящиеся полоски "Command" для плакатов, 12 шт	NonCarParts
FarmStay Пенка для умывания и глубокой очистки пор с углем Charcoal Pure Cleansing Foam 180 мл	NonCarParts
BCAA Rline BCAA 2:1:1 Caps, 200 капсул	NonCarParts
Императорский Чай Collection ассорти, 120 шт	NonCarParts
Страдающее Средневековье	NonCarParts
Финансы для нефинансистов	NonCarParts
Sim Sensitive System 4 «T» Climbazole Scalp Tonic, Система 4 Тоник для волос терапевтический, 200 мл	NonCarParts
Масло для кутикулы и ногтей Solomeya "Сладкий миндаль", с витаминами, 14 мл	NonCarParts
Суп с белыми грибами и пастой Yelli, 100 г	NonCarParts
Наушники Xiaomi Redmi AirDots	NonCarParts
Подарочный набор Сто рецептов красоты Mix Box: гель-масло для лица, 20 мл + маска-основа для лица, 20 мл + скраб для лица, 80 мл	NonCarParts
Dolce&Gabbana 3 L'imperatrice edt 100 ml	NonCarParts
Напольные весы Xiaomi Mi Body Composition Scale, White	NonCarParts
Пудовъ пектин яблочный для зефира и пастилы, 10 г	NonCarParts
Психология убеждения. Важные мелочи, гарантирующие успех	NonCarParts
Сотейник Tefal So Delight, 04185224, бордовый, с крышкой, диаметр 24 см	NonCarParts
Пицца-мейкер Princess 115000	NonCarParts
Himalaya Herbals Маска для лица "Очищающая", с нимом, для проблемной кожи, 75 мл	NonCarParts
Вкусная помощь "Тому, кто плохо себя вел" карамель леденцовая, 55 г	NonCarParts
Barinoff Сироп Ваниль, 1 л	NonCarParts
Казан чугунный "Добрыня", с крышкой и ручкой-дужкой, 7 л	NonCarParts
Organic Shop Kitchen Крем для тела безумно питательный Банановое безумие, 100 мл	NonCarParts
Жесткий SMM. Выжать из соцсетей максимум	NonCarParts
Невская палитра Акварель художественная Белые ночи 24 цвета	NonCarParts
Видеокамера Xiaomi Mi Home Security Camera 360 1080P	NonCarParts
Смартфон Honor 9X Premium 6/128GB midnight black	NonCarParts
Ингалятор Omron NE-C20 компрессорный небулайзер	NonCarParts
Вертикальный пылесос Bosch Athlet 18 В BCH6ATH18, черный	NonCarParts
Кукла в шарике L.O.L. Surprise! Конфетти/Confetti Pop, 551515	NonCarParts
Erborian ВВ крем Натурально-бежевый	NonCarParts
Natura Siberica Doctor Taiga "Био. Увлажняющая для сухих волос" Маска, 300 мл	NonCarParts
Влажный корм Cat Chow для котят с индейкой и кабачками в желе, 24 шт х 85 г	NonCarParts
Увлажнитель воздуха LUMME LU-1557, 3 литра белый жемчуг	NonCarParts
Mustela Мягкий гель для купания, 500 мл	NonCarParts
Швабра с отжимом Guocai, длина 150 см	NonCarParts
Полка для специй Oriental Way, 16 банок BS4016R	NonCarParts
Дегидратор Kitfort КТ-1904, черный	NonCarParts
Погружной блендер Bosch SilentMixx MSM6B100, белый	NonCarParts
Набор игровой Enchantimals Комната кукла+питомец Фелисити Лис и Флик FRH45	NonCarParts
KENTON Сухая смесь для Торта Красный бархат + крем 	NonCarParts
Подарочный набор Черный жемчуг "Экстремальное увлажнение": дневной крем-гель, 46 мл + ночной крем для лица, 46 мл	NonCarParts
Maybelline New York Тушь для бровей "Brow Drama", щеточка-скульптор + цветной гель, светло-коричневый	NonCarParts
Кофемашина Philips Grind & Brew HD7767/00, черный, серый металлик	NonCarParts
Декоративный светильник APEYRON electrics Полумесяц, желтый	NonCarParts
Lebel Proedit Care Маска для мягких/очень поврежденных волос Works Bounce Fit Plus 250 мл	NonCarParts
Витаминно-минеральный комплекс Optimum Nutrition "Opti-Women", 120 капсул	NonCarParts
CeraVe SA Гель для ухода за кожей Смягчающий, очищающий, для сухой, огрубевшей и неровной кожи, 236 мл	NonCarParts
Органайзер "Idea", навесной, с контейнерами, цвет: белый, 10 х 29 х 38 см	NonCarParts
Главное в истории фотографии. Жанры, произведения, темы, техники	NonCarParts
La Roche-Posay Hydreane BB-крем для чувствительной кожи, SPF 20, тон светлый	NonCarParts
451' по Фаренгейту 	NonCarParts
Шубница 1000 мл 29х15,5х5,5 Elan Gallery Птички на ветке блюдо сервировочное фарфор	NonCarParts
Почему никто не рассказал мне это в 20? Интенсив по поиску себя в этом мире	NonCarParts
Средство для уборки за животными Лайна дезинфицирующее, концентрат, 1 л	NonCarParts
Рецепты бабушки Агафьи Травы и сборы Агафьи Мыло для бани "Черное мыло Агафьи" 500 мл	NonCarParts
Набор стаканов с двойными стенками и двойным дном 350 мл (2 шт). Двойные стаканы не обжигают руки, легко моются, выдерживают нагревание от - 20 до	NonCarParts
Кукла Enchantimals базовая с питомцем  Уинсли Вульф и Троппер FRH40	NonCarParts
Скраб для тела Planeta Organica Ямайский кокос и органическое масло папайи, 300 мл	NonCarParts
Комплекс жиров и аминокислот VP Laboratory "Fish Oil", 1000 мг, 60 капсул	NonCarParts
Смартфон Samsung Galaxy M21 4/64GB black	NonCarParts
Смартфон Huawei P40 Lite E NFC 4/64GB aurora blue	NonCarParts
Batiste «Лёгкий и свежий аромат FRESH» Шампунь сухой, 200 мл	NonCarParts
Ножи HOFFBURG-60350 6 предметов из нержавеющей стали	NonCarParts
BBK 32LEM-1045/T2C телевизор	NonCarParts
Повязка для волос Etude Organix Зайка, светло-серый	NonCarParts
Решетка-гриль PROFFI PH9178, Соль	NonCarParts
Набор посуды "Travola", с керамическим покрытием, 3 предмета	NonCarParts
Антисептический гель для рук Дай пять! 60 мл	NonCarParts
Organic Shop Kitchen Скраб для лица сухой освежающий Царевна-улыбашка 100 мл	NonCarParts
Мини-печь Galaxy GL 2617	NonCarParts
Шейкер "Vplab", со спиралью, цвет: прозрачный, синий, 700 мл	NonCarParts
Чай в пакетиках Greenfield Подарочный набор, в деревянной шкатулке, 4 вида чая, 90 г	NonCarParts
Витаминно-минеральный комплекс VP Laboratory "Ultra Women's Multivitamin Formula", 180 капсул	NonCarParts
Витэкс Крем-сыворотка с люмисферами для век Устранение темных кругов под глазами, 20 мл	NonCarParts
Смартфон Honor 8A Prime 3/64GB midnight black	NonCarParts
Набор настольных игр Bondibon "Удачная партия", 4в1: нарды, шашки, шахматы, карты	NonCarParts
Вешалка напольная "Рыжий кот", на колесах, 81 х 40 х 94 х 160 см	NonCarParts
Книга радости. Как быть счастливым в меняющемся мире	NonCarParts
Чай растворимый Polezzno Голубая Матча, 50 г	NonCarParts
Как работать по 4 часа в неделю и при этом не торчать в офисе "от звонка до звонка", жить где угодно и богатеть	NonCarParts
НАНОПЯТКИ/ Средство для педикюра Нанопятки набор 1	NonCarParts
То, как мы работаем — не работает. Проверенные способы управления жизненной энергией	NonCarParts
Наука о сексе. Универсальные правила	NonCarParts
Расческа Tangle Teezer Fine & Fragile Pink Dawn	NonCarParts
Вкусная помощь Конфеты  "Для хорошего настроения" 150 мл	NonCarParts
Batiste XXL VOLUME SPRAY Спрей для экстра объема волос 200 мл	NonCarParts
Vivienne Sabo Тушь для ресниц Femme Fatale с эффектом накладных ресниц (золотая коллекция), тон 01,	NonCarParts
Твой первый миллион. Как его заработать и не потерять	NonCarParts
Отделитель косточек от вишен "Cherrymat"	NonCarParts
Маленький Мук	NonCarParts
Крем-мыло бессульфатное Dove Объятия нежности Масло ши и аромат пряной ванили, 100 г	NonCarParts
Кровать Giovanni Dream White 160*80	NonCarParts
Кукла базовая Barbie Игра с модой в черно-белом платье FXL68	NonCarParts
Brauberg Краски акриловые 24 цвета 191124	NonCarParts
Наушники Sennheiser CX 300-II Precision, черный	NonCarParts
Клей ПВА универсальный Столяр белый 250 г	NonCarParts
Диппер и Мэйбл. Сокровища Пиратов Времени	NonCarParts
Смартфон Xiaomi Redmi Note 8 Pro 6/128GB forest green	NonCarParts
Вешалка напольная переносная Anyday Tet-A-Tet, VTAT-1т, темно-коричневый	NonCarParts
Смартфон ZTE Blade V10 Vita 3/64GB blue aquamarin	NonCarParts
Neobio Натуральная гелевая зубная паста для детей без фтора с био-яблоком и папайей 50 мл	NonCarParts
Органик Шоп Китчен Масло для кончиков волос "Space Girls", 100 мл	NonCarParts
Подвесное кресло Капля ротанг коричневый промо бежевая подушка	NonCarParts
Подарочный набор косметический по уходу за кожей лица, тела и волос MY BEAUTY BOX № 205, 9 шт	NonCarParts
Бластер Nerf "Зомби Цепевик"	NonCarParts
Семь навыков высокоэффективных людей. Мощные инструменты развития личности. Краткая версия	NonCarParts
Сухой паек ИРП Армейский, 2.1 кг	NonCarParts
Конструктор LEGO Friends 41369 Дом Мии	NonCarParts
Большая книга японских узоров. 260 необычных схем для вязания спицами	NonCarParts
Смартфон Huawei P40 Lite E 4/64GB black	NonCarParts
Romana Качели-гнездо	NonCarParts
На пределе. Неделя без жалости к себе	NonCarParts
Робот-пылесос Genio Deluxe 500	NonCarParts
Смартфон Samsung Galaxy A51 6/128GB red	NonCarParts
16 Гб Флеш-накопитель Kingston DataTraveler, USB 2.0 (DTSE9H/16GB), металл, серебристый	NonCarParts
История с кладбищем	NonCarParts
Блины со вкусом шоколада Bombbar, 420 г	NonCarParts
BEAUTIFIC Тоник для лица Res-Q Water с кислотами от черных точек и несовершенств с гамамелисом и BHA, 150 мл	NonCarParts
Compliment Гель для умывания с гиалуроновой кислотой, 250 мл	NonCarParts
Набор ключей комбинированных "Matrix", полированный хром, 12 шт	NonCarParts
Энергетический напиток Monster Energy Ultra Violet (Польша), 500 мл	NonCarParts
Носки Unisex - Гарри Поттер	NonCarParts
Мультиварка Polaris PMC 0577D, белый	NonCarParts
Valiant Мини-коврик для ванной комнаты Микс на присосках 5 шт	NonCarParts
Сухоцвет лаванда для декора, пучок 50 грамм	NonCarParts
Туалет для кошек "HomeCat", с бортиком, цвет: серый, 37 х 27 х 11,5 см	NonCarParts
Электрогриль GFgril GF-060	NonCarParts
Погружной блендер Bosch ErgoMixx MSM66050RU, серый, белый	NonCarParts
DNC Дрожжи для роста волос	NonCarParts
Мир и человек. Географический атлас	NonCarParts
Губная помада Vivienne Sabo Merci, тон 05 натурально-розовый холодный	NonCarParts
Подарочный набор косметический по уходу за кожей лица, тела и волосами MY BEAUTY BOX № 203, 9 шт.	NonCarParts
Эффект Люцифера. Почему хорошие люди превращаются в злодеев	NonCarParts
Iwoodplay Бизиборд Развивающий домик со светом	NonCarParts
Капсульная кофемашина Krups Nescafe Dolce Gusto Piccolo KP100B10	NonCarParts
Швабра COSTWAY S600BL ведром и отжимом в комплекте с насадками . Цвет : Синий	NonCarParts
Kerasys Шампунь для волос, увлажняющий, 600 мл	NonCarParts
Dove Красота и уход Масло для душа, бессульфатное, 200 мл	NonCarParts
Лукашинские лимоны с имбирем, 450 г	NonCarParts
Электрический чайник PROFFI PH9586, из закаленного ECO-стекла, с вращением на 360 гр, c LED подсветкой, синий, прозрачный, белый	NonCarParts
Avene Очищающий гель "Cleanance" для лица и тела, 200 мл	NonCarParts
Ножницы для зелени "Bradex", 5 лезвий. TK 0172	NonCarParts
Вафельница Kitfort, КТ-1646, для бельгийских вафель, белый	NonCarParts
Внешний аккумулятор Xiaomi Mi Power Bank 2S, Black (10000mAh)	NonCarParts
Набор разделочных досок Fissman, 8016, серый, 29 х 22 см, 4 шт	NonCarParts
Holy Land Подсушивающий лосьон Double Action Drying Lotion, 30 мл	NonCarParts
Психология. Люди, концепции, эксперименты	NonCarParts
Мой гербарий. Цветы и травы	NonCarParts
Напиток миндальный Alpro Professionals, обогащенный кальцием, 1 л	NonCarParts
Рисовые палочки Topokki, 500 г	NonCarParts
4Life соль гималайская розовая мелкая, 500 г	NonCarParts
Супер сжигатель жира Ironman "Super Cuts", 30 капсул	NonCarParts
BEAUTIFIC Косметический набор Perfect Body для тела против целлюлита: кофейный скраб и антицеллюлитное масло /Подарок маме, девушке, на день рождения,	NonCarParts
Отвертка аккумуляторная Bosch Go	NonCarParts
Бизиборд Jolly Kids Дом со светом	NonCarParts
Маленький шеф. Простые рецепты для всей семьи	NonCarParts
Кружка Easy Life "Натура", с крышкой-подставкой, 350 мл	NonCarParts
Kerasys Шампунь для волос, увлажняющий, сменная упаковка, 500 мл	NonCarParts
Сковорода Berlinger Haus "Forest Line", с мраморным покрытием, с подставкой. Диаметр 26 см	NonCarParts
Чайник заварочный "Calve", 750 мл. CL-7005	NonCarParts
Elizavecca Сыворотка с гиалуроновой кислотой 97% Hell Pore Control Hyaluronic Acid , 50 мл.	NonCarParts
100 стихов малышам	NonCarParts
Игра настольная Games Scrabble Y9618	NonCarParts
Гирлянда-шторы светодиодные мигающие Огни в шаре 2,5х1 м (Золотой)	NonCarParts
Микротоковый массажер для лица и тела OLZORI D-LIFT, для лифтинга кожи, золотой	NonCarParts
Ящик для хранения чая из бамбука "Oriental way", размер 21,5 х 11 х 9,5 см	NonCarParts
Жирафики Набор игрушек для ванной Мама уточка и утята 4 шт	NonCarParts
SMPLBeauty сыворотка с гиалуроновой кислотой и витамином C	NonCarParts
Набор тарелок обеденных "Органик" 26 см (6 штук), цвет серый космос	NonCarParts
Витэкс Идеальное Отбеливание Крем ночной для лица, против веснушек и пигментных пятен в коробке, 50 мл	NonCarParts
LEMLEO Пуходерка, рукавичка для расчесывания шерсти кошек и собак, расческа, груминг перчатка для вычесывания шерсти домашних животных, щетка-	NonCarParts
Джем низкокалорийный BombJam, вишня, 250 г	NonCarParts
Подушка ортопедическая Darwin Life 1.0 Mini с эффектом памяти	NonCarParts
Смартфон Honor 9X 4/128GB sapphire blue	NonCarParts
Плед-покрывало меховое 240*220 Крем	NonCarParts
Витамин D3 "Эвалар", 60 таблеток для рассасывания	NonCarParts
Невская палитра Акварель художественная Санкт-Петербург 24 цвета	NonCarParts
Кукла Enchantimals дополнительная с питомцем Хиксби Ежик и Поинтер FJJ22	NonCarParts
Ирригатор полости рта Aquajet LD-A7	NonCarParts
Гравити Фолз. Забытые легенды. Графический роман.	NonCarParts
Страх близости. Как перестать защищаться и начать любить	NonCarParts
Умные часы Samsung Galaxy Watch Active, нежная пудра	NonCarParts
Italwax Полоски для депиляции 7х20 см из высококачественного нетканого материала, белые, 100 шт	NonCarParts
Выпечка  BH - 6431/ 3пр.с решеткой/34х24;31,5х21,5;28,5х18хх4см ( х12 )	NonCarParts
Леденец Chupa Chups B-POP, со вкусом тропических фруктов, 45 шт по 15 г	NonCarParts
Беспроводные наушники JBL T450BT, черный	NonCarParts
Кукла Enchantimals дополнительная с питомцем Сиеста Кэт и Клаймбер GJX40	NonCarParts
St. Moriz Professional Лосьон тонирующий "Автобронзант", темный оттенок, 250 мл	NonCarParts
В конце они оба умрут	NonCarParts
CIRACLE Салфетки для удаления черных точек Pore Control Blackhead Off Sheet - 30 шт	NonCarParts
Лежак для животных BIGZU Совушка 50*40 см бязь серый	NonCarParts
Стайлер (Щипцы) Galaxy GL 4633	NonCarParts
VILENTA Подарочный набор средств по уходу за кожей лица, тела и волос BEAUTY BOX MUST HAVE (7 средств)	NonCarParts
Кратчайшая история времени	NonCarParts
Манипулирование и защита от манипуляций	NonCarParts
Смартфон Honor 10I 4/128GB blue	NonCarParts
Фитнес-браслет Xiaomi Mi Band 4, черный	NonCarParts
Презервативы Unilatex Multifruits, 12 шт. + 3 шт. в подарок	NonCarParts
IP-камера Xiaomi Mi Home Security Camera, белый	NonCarParts
ESTHETIC HOUSE Восстанавливающая эссенция для волос CP-1 The Remedy Silk, 150 мл	NonCarParts
Сковорода для блинов Tefal Teddy Bear, коричневый, 22 см	NonCarParts
Сам себе MBA	NonCarParts
Miolla, Пуф складной с отделением для хранения, 38x38x38 см	NonCarParts
BIO WORLD, Крио-маска для лица увлажняющая "МЯТА, КЛУБНИКА, БАЗИЛИК", 100мл	NonCarParts
Маленький принц с подробными объяснениями и иллюстрациями	NonCarParts
Подарочный набор Organic Shop Kitchen Спящая красавица, 5 шт по 100 мл	NonCarParts
Vladi Toys Игра настольная Ферма Лото 	NonCarParts
Болт крепления ГБЦ (шестигранник) TD 226	CarParts
Вал коленчатый WP6	CarParts
Венец маховика WP6G125 (131 зуб)	CarParts
Вкладыши коренные (st.) к-т 	CarParts
Вкладыши шатунные (st.) к-т	CarParts
Впускная труба (коллектор)  двигатель TD226B-6G	CarParts
Втулка впускного клапана (направляющая) TD-226	CarParts
Втулка выпускного клапана (направляющая) TD-226	CarParts
Генератор JFZ2301, (28V, 36A),  DEUTZ	CarParts
Гильза цилиндров  TD-226	CarParts
Датчик давления масла ДВС	CarParts
Клапан впускной	CarParts
Клапан ТНВД (электронный) TD226B-6	CarParts
Кольцо стопорное поршневого пальца  TD-226	CarParts
Комплект поршневых колец TD226B-6G	CarParts
Комплект прокладок двигателя TD-226 (малый)	CarParts
Комплект прокладок двигателя TD226B (большой)	CarParts
Компрессор воздушный	CarParts
Крышка клапанов	CarParts
Крышка ФТОТ  (TD226-B)	CarParts
Насос водяной TD226B	CarParts
Палец поршневой TD-226	CarParts
Поршень  TD-226	CarParts
Поршневая группа в сборе DEUTZ TD226B-6G	CarParts
Поршневая группа в сборе DEUTZ WP6G	CarParts
Прокладка водяного насоса TD-226	CarParts
Прокладка впускного коллектора  WP6G	CarParts
Прокладка выпускного коллектора  WP6G	CarParts
Прокладка головки блока цилиндров TD226B-6G	CarParts
Прокладка крышки клапанов TD226B	CarParts
Пружина клапана внутреняя TD226B	CarParts
Пружина клапана наружняя TD226B	CarParts
Распылитель CN-DLLA151S011	CarParts
Распылитель DLLA152S295	CarParts
Ремень 1180 (кондиционера) 1215	CarParts
Ремень 1280 (компрессора) 1219	CarParts
Ремень AV10x1330LA (генератора ) клиновой XK13-210-00005 (1275)	CarParts
Ролик натяжной TD226B-6G	CarParts
Ролик натяжной с кронштейном TD226B	CarParts
Сальник 106х130х15 (коленвала задний)   TD-226B,WP6	CarParts
Сальник 78х100х14 (коленвала передний) TD-226B,WP6	CarParts
Соленойд остановки ДВС	CarParts
Стартер M93R3007SE  24V 6KW DEUTZ	CarParts
Стартер QDJ 279A  24V 6KW DEUTZ	CarParts
Тарелка пружины клапана TD-226B	CarParts
Теплообменник двс TD226B-6G	CarParts
ТНВД B6AD548G-R (двиг. Deutz)	CarParts
ТННД  SAD/H 2206	CarParts
Толкатель штанги TD-226B	CarParts
Трубка подачи масла на воздушный компрессор TD226B	CarParts
Турбокомпрессор  J76D WP6G125E-23	CarParts
Фильтр воздушный KL2139 (высота 390 мм, d=210 мм) 13023273	CarParts
Фильтр топливный грубой очистки (элемент сетчатый)	CarParts
Фильтр топливный грубой очистки 13022658  в сб. RL8802-15 (SORL)	CarParts
Фильтр топливный грубой очистки 13022658 в сб. TD226D	CarParts
Фильтр топливный тонкой очистки 13020488	CarParts
Форсунка  KBEL- S007G  (распыл 152S015)	CarParts
Форсунка KBAL-P035 130626	CarParts
Форсунка KBAL-P035 со стопором	CarParts
Форсунка смазки цилиндра TD-226B	CarParts
Шатун TD226B-6G	CarParts
Шкив коленвала TD-226B	CarParts
Шланг подачи охл. жидкости на воздуш. компрессор  TD226B-6G	CarParts
Шланг слива охл. жидкости на воздуш. компрессор  TD226B-6G	CarParts
Штуцер ТНВД	CarParts
Болт M8x110 DIN 933	CarParts
Болт маховика	CarParts
Болт шатуна	CarParts
Болт-штуцер М6  (обратки)	CarParts
Вал распределительный WD615	CarParts
Венец маховика (двигатель WD615) 136 зубов	CarParts
Вкладыши коренные стандарт  (WD615) к-т 	CarParts
Вкладыши шатунные стандарт  (WD615) к-т	CarParts
Водяной коллектор WD-615	CarParts
Втулка верхней головки шатуна WD-615 (к-т)	CarParts
Втулка распредвала WD-615 комплект	CarParts
Гайка шпильки ГБЦ	CarParts
Генератор WD61509FD, JFZ255-1601, (28V, 55A) оригинал	CarParts
Гильза цилиндра (WD615)	CarParts
Заглушка чашечная медная на ДВС (к-т WD615)	CarParts
Заглушка чашечная медная на ДВС WD615	CarParts
Колпачок маслосъемный WD615	CarParts
Кольцо стопорное поршневого пальца WD-615	CarParts
Комплект поршневых колец WD-615	CarParts
Комплект прокладок двигателя  WD-615 малый (поддона,паронит)	CarParts
Комплект прокладок двигателя WD-615	CarParts
Комплект прокладок двигателя WD-615 (без сальников и упл.колец)	CarParts
Комплект прокладок двигателя WD-615 (полный) сальники,упл.кольца,герметик,поддона	CarParts
Компрессор воздушный WD10  WEICHAI POWER	CarParts
Компрессор воздушный WD615  STR 168Y3	CarParts
Компрессор воздушный WD615 старого образца	CarParts
Крыльчатка охлаждения двигателя (670*90) WD-10	CarParts
Крыльчатка охлаждения двигателя (760*90) WD-615	CarParts
Крыльчатка охлаждения двигателя эл.муфту(770*120) WD-10	CarParts
Крышка головки ГБЦ	CarParts
Крышка клапанная 6-го цилиндра WD-615	CarParts
Крышка охлаждения двигателя  61401008313	CarParts
Крышка охлаждения двигателя (WD615)	CarParts
Насос водяной (нов./образца) 8РК-8РК	CarParts
Насос масляный  двигателя двухступенчатый WD-615 	CarParts
Палец поршневой WD615	CarParts
Плунжерная пара P511  (WD615 c/о)	CarParts
Плунжерная пара P928  (WD615 н/о)	CarParts
Подушка крепления ДВС WD10/WD615	CarParts
Полукольцо коленвала  (к-т 4 шт.) WD615	CarParts
Поршень WD615	CarParts
Поршневая группа в сборе  WD10	CarParts
Привод ТНВД   612600080186 CDM855 150	CarParts
Привод ТНВД  VG1560080300 HOWO (110х124)	CarParts
Привод ТНВД VG1560080275 HOWO (210x124)	CarParts
Прокладка впускного коллектора WD-615	CarParts
Прокладка выпускного коллектора WD-615	CarParts
Прокладка головки блока WD-615.220 (Металл)	CarParts
Прокладка крышки клапанов WD615	CarParts
Прокладка турбокомпрессора (приемной трубы)	CarParts
Распылитель WD10 (DLLA 155P179)	CarParts
Распылитель WD10 (DLLA 155P793)	CarParts
Распылитель WD10 (DLLA 155P793) (оригинал)	CarParts
Распылитель WD615	CarParts
Рем.комплект компрессора (воздушного) 612600130043	CarParts
Рем.комплект ТНВД	CarParts
Рем.комплект ТНВД (138) HOWO	CarParts
Ремень 10РК1334 (привода агрегатов)	CarParts
Ремень 8РК1112 (гидромуфта)	CarParts
Ремень 8РК1350 (привода агрегатов) н/о	CarParts
Ремень 8РК790 (генератор) CDM 855	CarParts
Ремень 8РК950 (генератор) WD10	CarParts
Ролик натяжной  WD10 (10 руч.)	CarParts
Соленойд остановки двигателя (WD-002) 24V 2 контактный	CarParts
Соленойд остановки двигателя (WD-32) 24V 3 контактный	CarParts
Стартер WD61509QD  (оригин.) WEICHAI POWER	CarParts
Стартер WD61509QD WP10 (оригин.) 	CarParts
Топливопровод  L=3000mm  WD-615	CarParts
Турбокомпрессор J90S-2  WD615	CarParts
Фильтр воздушный в сборе (Циклон)  Complex Multistage Air Filter	CarParts
Фильтр масляный двигателя  WEICHAI POWER	CarParts
Фильтр топливный грубой очистки (PW804)	CarParts
Фильтр топливный грубой очистки 612600081335 WEICHAI POWER	CarParts
Фильтр топливный тонкой очистки (бумажный) ZL-50	CarParts
Фильтр топливный тонкой очистки (войлочный) ZL-50	CarParts
Форсунка KBEL 132P110  (WD10)	CarParts
Форсунка KBEL 132P34 (WD615)	CarParts
Шайба A6.5x9.5 DIN	CarParts
Шайба d=14 мм (медная)	CarParts
Шайба уплотнительная обратки 8 мм	CarParts
Шайба форсунки (медная)	CarParts
Шатун WD-615	CarParts
Шестерня ГРМ (паразитная) в сб. WD-615	CarParts
Шланг ТНВД	CarParts
Шпилька блока цилиндров WD-615	CarParts
Шпилька с гайкой М12х1,5-50	CarParts
Шпилька с гайкой маховика  М10х1	CarParts
Штанга толкателя	CarParts
Блок клавиш CDM833	CarParts
Вал 2-й передачи в сборе	CarParts
Вал 3-й передачи в сборе CDM 833	CarParts
Вал карданный Lmin-345 мм (между ГМП и ГТР) 302100D крест 35 мм	CarParts
Вал карданный Lmin-345 мм (между ГМП и ГТР) оригинал	CarParts
Вал карданный задний/средний 304303D (CDM833)	CarParts
Вал карданный передний 304100D (CDM833)	CarParts
Втулка D=40x50 мм, L= 45 мм  (рулевого цилиндра) CDM833	CarParts
Втулка D=50x62 мм, L=70 мм (крепления подрамника) CDM833	CarParts
Втулка D=50х60 мм, L= 70 мм CDM833	CarParts
Втулка D=60x70 мм, L= 60 мм (соединения рамы нижняя) CDM833	CarParts
Втулка D=60x70 мм, L=70 мм (крепления ковша и тяги) CDM833	CarParts
Втулка D=60х70 мм, L= 45мм  (соединения рамы верхняя) CDM833	CarParts
Втулка D=65x80 мм, L=90 мм (крепления ковша и стрелы) CDM833	CarParts
Гидротрансформатор в сборе CDM833 (YJ315S)	CarParts
Гидроцилиндр ковша CDM 833	CarParts
Гидроцилиндр подъема стрелы CDM 833	CarParts
Гидроцилиндр рулевой (левый) CDM 833	CarParts
Гидроцилиндр рулевой (правый) CDM 833	CarParts
Диск тормозной CDM833	CarParts
Диск фрикционный ГМП ( с внутр. зуб) CDM833	CarParts
Диск фрикционный ГМП ( с наруж. зуб) CDM833	CarParts
Зуб ковша боковой CDM 833	CarParts
Зуб ковша фронтальный (не приварной) CDM 833	CarParts
Зуб ковша фронтальный (приварной) CDM 833	CarParts
Клапан переключения передач CDM 833	CarParts
Колодка тормозная ZL-30EX (CDM833)	CarParts
Кольцо тефлоновое ГМП	CarParts
Комплект прокладок КПП CDM833/CDM835 (ZL30E.5-3+ZL30E.5-8+ ZL30E.5-10)	CarParts
Комплект трубок ГМП CDM833 (ZL30E.5.15A / ZL30E.5.16A / ZL30E.5.19A)	CarParts
Комплект уплотнений и сальников ГТР CDM 833	CarParts
Комплект уплотнений и тефлоновых колец ГМП CDM 833	CarParts
Крестовина карданного вала (33х93 mm)  CDM 833	CarParts
Крестовина карданного вала (39х118 mm)  CDM 833	CarParts
Насос ГМП GJCB-40-X-LG (CB-Fe)  CDM833	CarParts
Насос дозатор рулевой BZZ1-E400C  CDM 833	CarParts
Палец D=40 мм, L=124 мм (рулевого г/ц) CDM833, SDLG LG952,953	CarParts
Палец D=60 мм, L=190 мм (ковша нижний)  CDM 833	CarParts
Палец D=60 мм, L=190 мм соединения рамы (нижний) CDM 833	CarParts
Палец D=60 мм, L=195 мм  соединения рамы (верхний, фланец маленький)	CarParts
Палец D=60 мм, L=195 мм  соединения рамы (верхний) CDM833	CarParts
Палец D=65 мм, L= 210 мм (ковша верхний и коромысла) CDM833	CarParts
Палец D=65 мм, L= 230 мм (стрелы)  CDM 833	CarParts
Палец D=65 мм, L=190 мм (ковша нижний)  CDM 833	CarParts
Подшипник 12308 (NF308)	CarParts
Подшипник 32212 (соединения рамы)	CarParts
Прокладка клапана переключения передачь  CDM 833	CarParts
Промежуточная опора  CDM833	CarParts
Радиатор водяной в сборе CDM 833	CarParts
Радиатор водяной в сборе CDM 833 оригинал	CarParts
Редуктор бортовой CDM833	CarParts
Редуктор заднего моста CDM 833	CarParts
Редуктор переднего моста CDM 833	CarParts
Рем.комплект гидроцилиндра рулевого (45х55)  CDM833	CarParts
Рем.комплект гидроцилиндра стрелы 70х85  CDM 833	CarParts
Рычаг ковша CDM833 L-980	CarParts
Сальник 60x80x10 (соед. рамы верхний)	CarParts
Сальник 60x85x12	CarParts
Сальник 65x90x10	CarParts
Сальник 65x90x12	CarParts
Сальник 70x90x12 (соед. рамы нижний)	CarParts
Сердцевина гидротрансформатора CDM833	CarParts
Трос управления гидрораспределителем CDM833  2120 мм	CarParts
Фильтр гидравлический без клапана (подача) CDM 833	CarParts
Фильтр гидравлический с клапаном (обратка) CDM 833	CarParts
Фильтр-элемент ГМП YL-98-00  (CDM833)	CarParts
Фонарь задний CDM833 (блок)	CarParts
Адаптер коронки на ковш	CarParts
Амперметр DL-93307C  (30A)	CarParts
Бендикс к стартеру  (QD2827) 10 зубьев	CarParts
Блок клавиш CDM855	CarParts
Блок плавких предохранителей ВХ508	CarParts
Блок-фара левая HDF-02D(LEFT)	CarParts
Блок-фара правая HDF-02D(RIGHT)	CarParts
Блок-фара правая HDF-02D(RIGHT) галоген	CarParts
Болт (дифференциала)	CarParts
Болт М12х1.25x30-10.9 карданного вала	CarParts
Болт М12х1.25x55	CarParts
Болт М12х1.5x30-10.9 карданного вала	CarParts
Болт М12х1.5x40-10.9 (с гайкой) карданного вала	CarParts
Болт М20х1.5x50 с гровером (тормозного диска)	CarParts
Болт М20х50 (крепления суппорта ) 408120	CarParts
Болт М20х80 квадрат с гайкой (центрального зуба ковша)	CarParts
Болт М24х60-10.9 квадрат (подрезного бокового ножа)	CarParts
Болт М30х2х110-10.9 с гайкой (крепления заднего моста)	CarParts
Болт М30х2х120-10.9 с гайкой (крепления переднего моста)	CarParts
Болт М30х2х145-10.9 с гайкой (крепления переднего моста)	CarParts
Болт М8*14	CarParts
Болт-штуцер М12 (суппорта)  408101	CarParts
Вал карданный задний/средний LG50F.04203A (CDM855E)	CarParts
Вал карданный передний LG50F.04201A CDM855E	CarParts
Вал колеса полуось (26 щлиц), L=1190 мм  ZL50EX с/о	CarParts
Вал колеса полуось (41 шлиц), L=1190 мм ZL50EX н/о	CarParts
Вал колеса полуось (41 шлиц), L=1220 мм ZL50EX н/о	CarParts
Вал привода насоса рабочего оборудования D (вн.) =30мм, (6 шлиц, 42 зуб.)	CarParts
Вал привода рулевого насоса (оригинал LONKING)	CarParts
Втулка D=120х140 мм, L=105 мм  (средней оси коромысла) LG50F.11015	CarParts
Втулка D=55x72 мм, L= 70 мм (крепления подрамника)	CarParts
Втулка D=70x85мм, L=85 мм	CarParts
Втулка D=70х90 мм, L=120 мм (крепления стрелы к ковшу)	CarParts
Втулка D=75x85 мм, L=66 мм (соединения рамы нижняя) 510017С	CarParts
Втулка D=75х85 мм, L= 52мм  (соединения рамы верхняя) LG50F.10020A	CarParts
Втулка D=80x100 мм, L=120 мм  (крепления ковша к тяги) CDM 855	CarParts
Втулка D=80x100 мм, L=135 мм (крепления стрелы к раме)	CarParts
Втулка D=80х95 мм, L=90 мм (гидроцилиндра ковша) CDM855, SDLG953	CarParts
Гайка бортового редуктора (центральная) н/о	CarParts
Гайка бортового редуктора (центральная) с/о 404012	CarParts
Гайка М24 подрезного бокового ножа цинк	CarParts
Гайка М24 подрезного бокового ножа черная	CarParts
Гайка фланца ГМП	CarParts
Гидрораспределитель раб. оборудования CAT-YDF32.2 (гидро. управление ) CDM 855 н/о	CarParts
Гидроцилиндр подъема стрелы (шток 100) (LONKING)	CarParts
Гидроцилиндр подъема стрелы (шток 90) (LONKING)	CarParts
Гидроцилиндр рулевой левый (LONKING)	CarParts
Гидроцилиндр рулевой правый (LONKING)	CarParts
Диск ведомый (стальной) прямой передачи КПП 403507	CarParts
Диск ведущий (фрикцион) прямой передачи КПП 403505-506	CarParts
Диск колеса 23.5х25 (10 отв.)  CDM855E	CarParts
Диск тормозной	CarParts
Диск фрикционный  (внутренними. зуб.)	CarParts
Диск фрикционный стальной  (внеш. зуб.)	CarParts
Дифференциал в сборе  н/о 41 шлиц	CarParts
Дифференциал в сборе  с/о 26 шлиц	CarParts
Замок зажигания JK324C (ZL-30,50)	CarParts
Зеркало заднего вида (малое)	CarParts
Зеркало заднего вида ZL-50 (большое)	CarParts
Зуб ковша боковой ZL-50	CarParts
Зуб ковша фронтальный LonGong ZL-50	CarParts
Игла бортового редуктора с/о (d=5 x 45)	CarParts
Игла планетарной шестерни (d=4 x 35)	CarParts
Клапан гидрораспределителя	CarParts
Клапан гидрораспределителя (завод Linghai)	CarParts
Клапан отсечки ГМП	CarParts
Клапан переключения передач (без ручного тормоза)	CarParts
Клапан переключения передач (с ручным тормозом)	CarParts
Клапан подачи масла WYF65	CarParts
Клапан приоритета YXL-F250F-N7	CarParts
Клапан разгрузочный EQ153	CarParts
Клапан рессивера воздуха JN150-350110	CarParts
Клапан стояночного тормоза QZ50	CarParts
Клапан тормозной с педалью ( 3 выхода) XM60D-3514002	CarParts
Клапан тормозной с педалью (4 выхода c датчиком)	CarParts
Колодка тормозная (CDM855)	CarParts
Колодки тормозные стояночного тормоза (к-т 2 шт)	CarParts
Кольцо стопорное 83х93	CarParts
Кольцо стопорное 90	CarParts
Кольцо стопорное планетарной шестерни (c/о) 404016	CarParts
Кольцо стопорное планетарной шестерни (н/о)	CarParts
Кольцо уплотнительное (пальцев ковша и стрелы) CDM855	CarParts
Кольцо уплотнительное (фланца редуктора с/о)	CarParts
Кольцо уплотнительное бортового редуктора (н/о)	CarParts
Кольцо уплотнительное бортового редуктора (с/о) (400х3,5)	CarParts
Кольцо уплотнительное крышки борт. редуктора CDM855	CarParts
Кольцо уплотнительное сердцевины ГТР	CarParts
Кольцо упорное (планетарной шестерни борт. редуктора)	CarParts
Комплект клапанов ГТР (пружинами и крышкой) CDM 855	CarParts
Комплект прокладок и уплотнений ГМП (полный) CDM855	CarParts
Комплект уплотнений поршня ГМП (резина) CDM855	CarParts
Коническая пара заднего редуктора моста н/о 8-45-37	CarParts
Коническая пара заднего редуктора моста с/о 7-17-37	CarParts
Коническая пара переднего редуктора моста н/о 8-45-37	CarParts
Коническая пара переднего редуктора моста с/о 7-17-37	CarParts
Коронка ковша (палец +стопор) CDM 855	CarParts
Корпус бортового редуктора  н/о	CarParts
Корпус бортового редуктора  с/о	CarParts
Корпус поршня переднего хода	CarParts
Корпус фрикционных дисков ГМП	CarParts
Корпус цилиндра Gear I	CarParts
Крепление РВД (гидрораспределителя)	CarParts
Крестовина дифференциала  ст/образца 28 mm	CarParts
Крестовина карданного вала (45х126 mm)	CarParts
Крестовина карданного вала (52х133 mm)	CarParts
Крышка бортового редуктора CDM 855	CarParts
Крышка заливного бака с фильтром	CarParts
Крышка пакетника ГМП (средняя)	CarParts
Крышка подшипника соединения рамы (верхняя)	CarParts
Крышка подшипника соединения рамы (нижняя)	CarParts
Лампа 24V-21/5W	CarParts
Лампа 24v-5W  габарит	CarParts
Лампа А24v-2	CarParts
Манжета 70х78х5   403101	CarParts
Насос ГМП LGCBG070 (403600)	CarParts
Насос дозатор рулевой BZZ-1-Е800С 13070041	CarParts
Насос дозатор рулевой TLF-E1000C	CarParts
Насос дозатор рулевой TLF1-Е800С	CarParts
Насос рабочего оборудования CBGJ-2100 / JHP2100 (шпонка)	CarParts
Насос рабочего оборудования CBGJ-2100/JHP-2100 (шлиц) (2300 r/min. 16MPa)	CarParts
Насос рабочего оборудования сдвоенный CBGJ-3100/1010-XF (Вал D=30мм, 6 шлиц)	CarParts
Насос рулевой CBGJ-2080/JHP2080  (2300 r/min. 20MPa)	CarParts
Отопитель под сиденье в сборе CDM 855	CarParts
Палец  (шестерни бортового редуктора)  нов./образца	CarParts
Палец  (шестерни бортового редуктора)  ст./образца 404015	CarParts
Палец D=120 мм, L=360 мм (средней оси коромысла)	CarParts
Палец D=50 мм, L=120 мм (рулевого г/ц  передний)	CarParts
Палец D=50 мм, L=135 мм (рулевого г/ц задний)	CarParts
Палец D=50 мм, L=145 мм LG50F.10011-012A (рулевого г/ц задний)	CarParts
Палец D=55 мм, L=160 мм (крепления подрамника)	CarParts
Палец D=70 мм, L=210 мм (крепления цилиндров к стреле)	CarParts
Палец D=70 мм, L=230 мм (ковша нижний)	CarParts
Палец D=70 мм, L=350 мм  (крепления цилиндра стрелы к раме)	CarParts
Палец D=75 мм, L=210 мм (соединения рамы)	CarParts
Палец D=80 мм, L= 220 мм (ковша и тяги)	CarParts
Палец D=80 мм, L=250 мм (крепления цилиндра ковша к раме)	CarParts
Палец D=80 мм, L=350 мм (крепления стрелы к раме)	CarParts
Палец коронки со стопорным кольцом	CarParts
Палец шестерни 1-го вала ГМП	CarParts
Патрубок гофрированый 51 мм	CarParts
ПГУ (ручного тормоза)	CarParts
ПГУ тормоза LYG60A	CarParts
Переключатель отопителя и кондиционера	CarParts
Переключатель подрулевой (оригинал)	CarParts
Переключатель подрулевой JK321D1	CarParts
Пластина соединения ГМП и ДВС (к-т 2 шт)	CarParts
Поддон ГМП  CDM855	CarParts
Подрамник  (CDM855) LG50F.10300B	CarParts
Подушка крепления ГМП	CarParts
Подшипник 117 (сердцевины ГМП)	CarParts
Подшипник 2207	CarParts
Подшипник 22205CAX	CarParts
Подшипник 31310 (27310)  (хвостовик редуктора 26 ) СДМ 855	CarParts
Подшипник 31311 (27311) (хвостовик редуктора 26 ) СДМ 855	CarParts
Подшипник 31313/Р6Х (хвостовик редуктора 41) СДМ 855	CarParts
Подшипник 31314Е/Р6Х (хвостовик редуктора 41) СДМ 855	CarParts
Подшипник 32024 (ступица колеса внут. )	CarParts
Подшипник 32026 (ступица колеса наруж. н/о)	CarParts
Подшипник 32221 (ступица колеса наруж. с/о)	CarParts
Подшипник 3505	CarParts
Подшипник 42204л (NJ204ET)	CarParts
Подшипник 47620А/47686 корпуса дифференциала 41	CarParts
Подшипник 51111 упорный БКУ-1	CarParts
Подшипник 6-303	CarParts
Подшипник 6010  БКУ-2	CarParts
Подшипник 6012/С3 (вала насоса раб.оборудования)	CarParts
Подшипник 6016 БКУ-1	CarParts
Подшипник 6022 (122) БКУ-3	CarParts
Подшипник 6210/С3 БКУ-2	CarParts
Подшипник 6210N/С3 (вал рулевого насоса)	CarParts
Подшипник 6211/С3 вала рулевого насоса	CarParts
Подшипник 6311 (6-180311) (ГМП)	CarParts
Подшипник 6312 БКУ 4	CarParts
Подшипник 6411 (6-411) БКУ-3	CarParts
Подшипник 7311а (30311)	CarParts
Подшипник 7515 (32215) корпуса дифференциала 26	CarParts
Подшипник GE50ES-C3  (ШСП50к) рулевого цилиндра	CarParts
Подшипник NUP 2306E (92606)  зад. опора хвостовик редуктора 26	CarParts
Подшипник NUP 2307EM (NJ2307ENVX3) (со стопором) зад. опора хвост. ред. н/о	CarParts
Подшипник NUP 2307EU (без стопора) зад. опора хвост. ред. н/о	CarParts
Подшипник NUP 312E   БКУ-4	CarParts
Подшипник ШС 40 ES	CarParts
Поршень Gear I ГМП	CarParts
Поршень БКУ 3-ей оси	CarParts
Поршень задней передачи	CarParts
Прокладка  задней крышки ГМП	CarParts
Прокладка клапана переключения скоростей	CarParts
Прокладка крышки борт. редуктора	CarParts
Пружина II  ГМП	CarParts
Радиатор кондиционера	CarParts
Радиатор масляный КПП (охладитель масла ГМП)	CarParts
Радиатор охлаждения ГМП 2-SX48Z8-00-00	CarParts
Радиатор охлаждения с охладителем гидравлики в сборе 4 ряд	CarParts
РВД    20411-27/20491-36Та*1W16*750  (с фильтра на ГМП)	CarParts
РВД   20491-36Т/20401-30Та180*1W16*1080/270 (с ГМП на фильтр)	CarParts
РВД   20491-36Т/71041*27LG*1W16*2100 (с охладителя на ГМП)	CarParts
РВД   20491-36Т/71091-27LG*1W16*1930/300 (с ГМП на масляный охладитель)	CarParts
РВД  (подвода масла в ГМП)	CarParts
РВД  30F(32)-H/25/28-2S-L1500 (с распределителя на ковшевой цилиндр)	CarParts
РВД  45F(32)-270-90F(32)/25/28-2S-L500 (с насоса на распределитель)	CarParts
РВД 80H-H/25/28-2S-L1500 (с распределителя на стреловой цилиндр)	CarParts
РВД 90F-F/25/28-2S-L940 (с приоритетного клапана)	CarParts
РВД 90F(32)-В/25/28-II-L800 (распределителя на насос)	CarParts
РВД 90F(38)-H/32/34-4S-L800 (с насоса на распределитель)	CarParts
РВД 90H-F(32)/25/28-4S-L570 (с рулевого насоса на приоритетный клапан)	CarParts
РВД 90H-H/8/14-I-L800 (с приоритетного клапана на дозатор)	CarParts
РВД 90Н-90*90Н/8/8-I-L650 (на джойстик с клапана подачи масла)	CarParts
РВД 90Н-Н/13/14-I-L1500 (с джойстика, обратка)	CarParts
РВД 90Н-Н/19/18-II-L550 (с приоритетного клапана на механизм управления)	CarParts
РВД 90Н-Н/8/8-I-L1152 (с распределителя на джойстик)	CarParts
РВД 90Н-Н/8/8-I-L600 (c распределителя на джойстик)	CarParts
РВД 90Н-Н/8/8-I-L800 (с распределителя на джойстик)	CarParts
РВД 90С-С/8 I-L=3200 (с ПГУ на педаль)	CarParts
РВД 90С-С/8 I-L1400 (с заднего ПГУ на педаль)	CarParts
РВД 90С-С/8-L=1400 (с клапана ручного тормоза на клапан переключения скоростей)	CarParts
РВД 90С-С/8I-L=1400 (на ПГУ ручника)	CarParts
РВД 90С-С/8I-L=1800 (на ПГУ ручника)	CarParts
РВД H-H/19/18-I-L3600 (с дозатора)	CarParts
РВД H-H/19/18-II-L1252 (с дозатора на трубопровод рулевого цилиндра)	CarParts
РВД H-H/32/34-4S-L1260 (подачи на распределитель с насоса)	CarParts
РВД H-H/38/42-II-L1152 (с распределителя в бак)	CarParts
РВД Н-Н/19/18-I-L2300 (с масляного охладителя)	CarParts
РВД Н-Н/19/18-II-L685 (рулевого цилиндра)	CarParts
РВД Н-Н/38/42-I-L435 (c распределителя в бак)	CarParts
РВД Н-Н/38/42-I-L540 (с распределителя в бак)	CarParts
РВД Н-Н/8/8-I-L1152 (с распределителя на джойстик)	CarParts
РВД С/8 I-L=3300 (от ресивера на педаль)	CarParts
Редуктор бортовой в сб. (3 саттелита)  без солнечной шестерни (51 зуб, 50 щлиц) CDM 855 c/o	CarParts
Редуктор бортовой в сб. (4 саттелита) без солнечной шестерни (10 шпилек) CDM855 н/о	CarParts
Редуктор бортовой в сб. (4 саттелита) со ступицей   67 зуб 61 шлиц (оригинал)  CDM855	CarParts
Редуктор заднего моста 7:37 (26 шлиц)  404300D	CarParts
Редуктор заднего моста 8:37 (41 шлиц) CDM855	CarParts
Редуктор переднего моста 7:37 (26 шлиц) 404300C CDM855	CarParts
Редуктор переднего моста 8:37 (41 шлиц)  CDM855	CarParts
Реле втягивающее стартера 612600090340	CarParts
Реле поворотов	CarParts
Рем.комплект  ПГУ LG853.08.10	CarParts
Рем.комплект гидроцилиндра ковша (110*125) 200х110	CarParts
Рем.комплект гидроцилиндра рулевого (55*65) CDM855	CarParts
Рем.комплект гидроцилиндра стрелы (90*105) 100х90	CarParts
Рем.комплект гидроцилиндра стрелы 100х115	CarParts
Рем.комплект насоса JHP2080	CarParts
Рем.комплект суппорта CDM855	CarParts
Рем.комплект уплотнительных колец на гидросистему (малый)	CarParts
Рем.комплект уплотнительных колец на гидросистему (полный)	CarParts
Рычаг ковша CDM 855	CarParts
Сальник 140x170x16 (бортового редуктора с/о)	CarParts
Сальник 150x180x15 (бортового редуктора н/о)	CarParts
Сальник 150x180x16 (бортового редуктора н/о)	CarParts
Сальник 18х30х10 (штока клапана переключения передачь) HG4-692-67	CarParts
Сальник 62x93x12 (редуктора моста с/о)	CarParts
Сальник 62x93x13 (редуктора моста с/о)	CarParts
Сальник 70x95x12 ГМП	CarParts
Сальник 75x100x12 (соединения рамы верхний)	CarParts
Сальник 80x100x10 (редуктора моста н/о)	CarParts
Сальник 85x110x12 (соединения рамы нижний)	CarParts
Сапун ГМП	CarParts
Сапун ГМП (нов. обр.)	CarParts
Саттелит дифференциала (28 mm) с/о	CarParts
Сервоклапан  DJS2-UX/UU управления ковшом  с/о (рычаги)	CarParts
Сервоклапан DXS-00 управления ковшом  н/о (джостик управления раб.обор)	CarParts
Сердцевина гидротрансформатора (LONKING) оригинал	CarParts
Сигнал заднего хода	CarParts
Стакан сердцевины CDM855 (оригинал)	CarParts
Стекло кабины заднее CDM855 н/о	CarParts
Стекло кабины заднее CDM855 с/о	CarParts
Стекло кабины лобовое (CDM855E) с/о	CarParts
Стекло кабины лобовое (CDM855F) н/о	CarParts
Стекло фары (круглое)	CarParts
Стопорная пластина (планетарного редуктора ГМП)	CarParts
Суппорт ручного тормоза TC5Z (A)	CarParts
Суппорт тормозной  ZL-50,CDM855	CarParts
Счетчик моточасов GS-3	CarParts
Счетчик моточасов R8865A-3 (электронный)	CarParts
Тавотница d= 10 мм угловая (45градусов)	CarParts
Термостат CDM855	CarParts
Тройник  тормозных трубок	CarParts
Трос переключения скоростей  CDM855 L=2100mm	CarParts
Трубка ПВХ тормозная L=1300 мм	CarParts
Трубка ПВХ указатель давления двигателя L=3500 мм	CarParts
Трубка ПВХ указатель давления масла ГМП L=1700 мм	CarParts
Трубка тормозная заднего моста (левая) гайка-гайка	CarParts
Трубка тормозная заднего моста (правая) гайка-гайка	CarParts
Трубка тормозная ПГУ (гайка-штуцер)	CarParts
Трубка тормозная переднего моста (гайка-гайка)	CarParts
Трубка тормозная суппорта	CarParts
Трубопровод (гидрораспределителя ) LG50F.07009-009А	CarParts
Трубопровод (гидрораспределителя ) LG50F.07012-012A	CarParts
Трубопровод (гидрораспределителя 3 отвода ) LG50F.07006-008A	CarParts
Трубопровод (гидросистемы 3 отвода) LG50F.07017-018А	CarParts
Трубопровод (гидросистемы возврата масла уголок 90) LG50F.07034-034A	CarParts
Трубопровод (гидроситемы возврата масла) LG50F.07019-020A	CarParts
Трубопровод (от насоса CBGJ 2080 до клапана приоритета ) CDM855	CarParts
Трубопровод I855.07.12	CarParts
Трубопровод LG30F-07I.05.G	CarParts
Трубопровод LG50F.07032-033A	CarParts
Трубопровод LG50F.07036-036B	CarParts
Трубопровод возврата масла г/распределителя  LG50F.07015-015A/LG50F.07015-015B	CarParts
Трубопровод задний (г/ц ковша) LG50F.07003-003A	CarParts
Трубопровод задний левый (г/ц стрелы)  LG50F.07005-005A	CarParts
Трубопровод задний правый (г/ц стрелы)	CarParts
Трубопровод передний (г/ц ковша) LG50F.07001-002A	CarParts
Трубопровод передний левый (г/ц стрелы) LG50F.07004-004A	CarParts
Трубопровод передний правый (г/ц стрелы)	CarParts
Трубопровод подводящий  (рулевого насоса) 506002-003C	CarParts
Трубопровод с отводом  (от насоса CBGJ 2080 до клапана приоритета YXL-F250F-N7) LG-50	CarParts
Указатель давление масла в ГМП 0-3,2MPa	CarParts
Указатель давление масла ДВС (0-0.8 мРа)	CarParts
Указатель температуры двигателя 40С-120С DW2	CarParts
Указатель температуры масла КПП 40С-140С DW2	CarParts
Фара прожектор	CarParts
Фильтр гидравлический без клапана (подача) CDM 853	CarParts
Фильтр гидравлический без клапана (подача) CDM 855	CarParts
Фильтр гидравлический с клапаном (обратка) LG50F-1000*120-H	CarParts
Фильтр масляный ГМП в сборе   (CDM855) оригинал	CarParts
Фильтр сетка картера ГМП (CDM855)	CarParts
Фильтр сетчатый поддона ГМП	CarParts
Фильтр топливного бака (Air cleaner)	CarParts
Фильтр-элемент ГМП CDM 855	CarParts
Фильтр-элемент ГМП CDM 855 (нов. обр.)	CarParts
Фланец ГМП ( 403301D)	CarParts
Фланец редуктора моста c/o	CarParts
Фонарь задний CDM855 (блок)	CarParts
Фонарь задних огней круглый (белый)	CarParts
Фонарь задних огней трех-цветный (круглый белый красный желтый)	CarParts
Шайба  (саттелита планетарного редуктора ГМП) бронза	CarParts
Шайба 10 (Гровер)	CarParts
Шайба 8 (Гровер)	CarParts
Шайба замковая (ступицы бортового редуктора)	CarParts
Шайба пальца нижнего соединения рамы (нижняя)	CarParts
Шайба пальца соединения рамы (нижняя)	CarParts
Шайба пальца соединения рамы верхняя  510011C	CarParts
Шайба регулировочная подшипника полурам CDM 855 (120х130х1,5)	CarParts
Шайба регулировочная сердцевины ГТР	CarParts
Шайба регулировочная шестерни бортового редуктора с/о 404025	CarParts
Шайба сателлита крестовины дифференциала (латунная) 28 mm с/о	CarParts
Шайба сателлита крестовины дифференциала (сталь) 28 mm с/о	CarParts
Шайба упорная шестерни бортового редуктора с/о 404017	CarParts
Шайба шестерни полуоси (редуктор) н/о	CarParts
Шайба шестерни полуоси (редуктор) с/о	CarParts
Шайба-сеппаратор (планетарного редуктора ГМП)	CarParts
Шестерня (БКУ-4й оси) 403311 (44 зуб)	CarParts
Шестерня (саттелит) ГМП  Planet gear	CarParts
Шестерня ГМП (Gear I inner ring gear)	CarParts
Шестерня задней передачи ГМП в сб. (оригинал)	CarParts
Шестерня задней передачи ГМП в сборе	CarParts
Шестерня первой передачи ГМП в сб (оригинал)	CarParts
Шестерня первой передачи ГМП в сборе	CarParts
Шестерня планетарная бортового редуктора н/о (24 зуб.)	CarParts
Шестерня планетарная бортового редуктора с/о (18 зуб.) 404020	CarParts
Шестерня полуоси бортового редуктора н/о внутр. 41 щлиц., внеш.15 зуб (17 зуб)	CarParts
Шестерня полуоси бортового редуктора с/о внутр.26 щлиц.,внеш.15 зуб. 404021	CarParts
Шестерня полуоси дифференциала с/о (26 шлицов) 404317	CarParts
Шестерня привода валов насосов ГМП (42 зуб) CDM855	CarParts
Шестерня привода валов насосов ГМП (44 зуб) CDM855 ориг.	CarParts
Шестерня привода рулевого насоса	CarParts
Шестерня реверса внутренняя ГМП	CarParts
Шестерня с диском (Direct gear connecting disc)	CarParts
Шестерня солнечная бортового редуктора н/о 67 зуб. (61 щлиц)	CarParts
Шестерня солнечная бортового редуктора с/о 51 зуб. (50 шлиц)  404011В	CarParts
Шестерня солнечная ГМП	CarParts
Шестерня-корпус  планетарного редуктора ( Gear I planet carrier )	CarParts
Шланг тормозной ( с разгрузочного клапана на рессивер)	CarParts
Шланг тормозной (от трубки ПГУ на задний мост)	CarParts
Шланг тормозной системы (под штуцер М14)	CarParts
Шпилька крепления колеса с гайкой  (404022+404023)	CarParts
Шпонка 14х36	CarParts
Штуцер РВД	CarParts
Штуцер соединения ПВХ и клапана ГМП	CarParts
Штуцер соединения РВД	CarParts
Штуцер топливный переходной М14	CarParts
Щетка стеклоочистителя  с рычагом (500x600) с двойным поводком	CarParts
Щетка стеклоочистителя с рычагом  (500x700)	CarParts
Щетка стеклоочистителя с рычагом и форсункой CDM855  (550x700)	CarParts
Электродвигатель ZD2332B стеклоочистителя  (95 град)	CarParts
Электродвигатель ZD2530 стеклоочистителя (85 град)	CarParts
Электродвигатель ZFF-21034 отопителя с крыльчаткой  под панель	CarParts
Электродвигатель ZHF-328 отопителя с крыльчаткой (под сиденье)	CarParts
Электродвигатель кабины (верхний)	CarParts
Гидрораспределитель Parker KM300-2 (гидро.управление ) CDM 856	CarParts
Клапан приоритета VLE-150/882-5902-059-9	CarParts
Насос рабочего оборудования CBGJ-2100/JHP-2100 (Parker 60301000044) ориг.	CarParts
Панель приборов в сборе CDM856	CarParts
Трос переключения скоростей CDM856D	CarParts
Фара прожектор WD105x105	CarParts
Фильтр воздушный (высота 420 мм, d= 250 мм 2440)  WD-10	CarParts
Фильтр-элемент ГМП возврата	CarParts
БОЛТ М10-6ДХ30.58.019   ГОСТ 7798-70	CarParts
БОЛТ М12-6ДХ35.58.019   ГОСТ 7798-70	CarParts
БОЛТ М16-6ДХ85.58.019   ГОСТ 7798-70	CarParts
БОЛТ М24-6ДХ75.58.019   ГОСТ 7798-70	CarParts
ГАЙКА М10-6Н.5.019      ГОСТ 5915-70	CarParts
ГАЙКА М12-6Н.5.019      ГОСТ 5915-70	CarParts
ГАЙКА М16-6Н.5.019      ГОСТ 5915-70	CarParts
ГАЙКА М20-6Н.5.019      ГОСТ 5915-70	CarParts
ГАЙКА М30Х2-6Н.5.019    ГОСТ 5918-73	CarParts
ГАЙКА М36Х3-6Н.6.019    ГОСТ 5918-73	CarParts
ШАЙБА 20.65Г.019        ГОСТ 6402-70	CarParts
ШАЙБА 24.65Г.019        ГОСТ 6402-70	CarParts
ШАЙБА 30.65Г.019        ГОСТ 6402-70	CarParts
ШАЙБА С27.02.019         ГОСТ 11371-78	CarParts
ШАЙБА С30.02.019         ГОСТ 11371-78	CarParts
ШПЛИНТ 6.3Х63.019       ГОСТ 397-79	CarParts
МАСЛЕНКА 1.3.Ц6      ГОСТ 19853-74	CarParts
КРАНИК ПРОХОДНОЙ 2201С28-Б	CarParts
БЛОК КОММУТАЦИОННЫЙ БК-УРАЛАЗ 483235.006РЭ ТУ4573-001-075112	CarParts
ПРИЕМ.УКАЗ.ТЕМП.36.3807 ОСТ 37.003.073-86	CarParts
СЧЕТЧИК МОТОЧАСОВ/ВОЛЬТМЕТР УК34.2	CarParts
СЕЛЕКТОР ПЕРЕДАЧ 6006 040 002	CarParts
ФАРА ПЕРЕДНЯЯ ЛЕВАЯ 05.483.000ТУ37.003.024-77	CarParts
ФАРА ПЕРЕДНЯЯ ПРАВАЯ 05.479.000ТУ37.003.024-77	CarParts
ФАРА ПЕРЕДНЯЯ ЛЕВАЯ СМ025L 	CarParts
ФАРА ПЕРЕДНЯЯ ПРАВАЯ СМ025Р 	CarParts
ВЫКЛЮЧАТЕЛЬ МАССЫ 1410.3737 ГОСТ Р52230-2004	CarParts
АМОРТИЗАТОР А120.11.00.015	CarParts
ВЕНТИЛЯТОР НАКРЫШНЫЙ 02-0300 24-Х ВОЛЬТ	CarParts
КОЛЕСО ДИСКОВОЕ 1700/2-2.5(08032801) 	CarParts
КОЛЕСО ДИСКОВОЕ 24-11.25/2.0(08050701) 	CarParts
КОЛЕСО ДИСКОВОЕ 409-3101012-80(11.25-24/2.5)	CarParts
МУФТА СЦЕПЛЕНИЯ 18-14-4СБ	CarParts
МУФТА ЛМД 0459 СБ LMD-Y-236-90M2	CarParts
МУФТА ЛМД 0484 СБ LMD-Y-236-90М4-60	CarParts
КРЫШКА ДЗ-98.10.04.173-01	CarParts
КРЫШКА(ПЛАСТИК) ДЗ-98.10.06.081-01	CarParts
ПОДОГРЕВАТЕЛЬ ПЖД 30-1015006	CarParts
РАДИАТОР ВОДЯНОЙ 130У.13.010-Ч	CarParts
БЛОК РАДИАТОРОВ 918.15.61 СБ	CarParts
РАДИАТОР ВОДЯНОЙ 54115-1301010-10	CarParts
УПОР ГАЗОВЫЙ 2112-8231015	CarParts
РАДИАТОР МАСЛЯНЫЙ 50К-1013010-04	CarParts
БЛОК РАДИАТОРОВ Б238К.1301.0000	CarParts
ШЕСТЕРНЯ А120.62.00.015	CarParts
УПОР ГАЗОВЫЙ 2111-8231015(СТОЙКА БАГАЖНИКА)	CarParts
ГАЙКА КОЛЕСА 375-3101040-Б/ПРАВАЯ/	CarParts
ГИДРОМОТОР 310.4.56.000	CarParts
ГИДРОЗАМОК FYYS 20-03 	CarParts
ГИДРОЗАМОК Г 18.04.000СБ	CarParts
БЛОК КЛАПАНОВ БОПК 16.1 16МПА	CarParts
КЛАПАН ПРИОРИТЕТНЫЙ YXL-F160L-17,5N7-А	CarParts
ГИДРОЦИЛИНДР ДЗ-98В.43.03.000	CarParts
ГИДРОЦИЛИНДР ДЗ-98В.43.03.000-01	CarParts
ГИДРОЦИЛИНДР ДЗ-98В1.14.01.000	CarParts
ГИДРОЦИЛИНДР ДЗ-98М.1.14.01.000	CarParts
Гидроцилиндр поворота отвала левый ДЗ-98Д.43.02.300	CarParts
Гидроцилиндр поворота отвала правый ДЗ-98Д.43.02.300-01	CarParts
ДАТЧИК УКАЗАТЕЛЯ ДАВЛЕНИЯ 11.3829000	CarParts
ФИЛЬTP ФЛ.1.1.32-25 МАСЛЯНЫЙ	CarParts
ДИСК ФРИКЦ.Д395А-0201921	CarParts
ДИФФУЗОР(ПЛАСТИК) ДЗ-98В.7.33.11.015	CarParts
ПНЕВМОГИДРОАККУМ.С ГИДРОКЛ.64000А ТУ22-5	CarParts
ГИДРОРАСПРЕДЕЛИТЕЛЬ ZL25B-OGU-OU 	CarParts
ГИДРОРАСПРЕДЕЛИТЕЛЬ ZL20B-40Т ПРАВЫЙ	CarParts
ГИДРОРАСПРЕДЕЛИТЕЛЬ ZL20B-40T(В)ЛЕВЫЙ БЕЗ КЛАПАНА 	CarParts
ГИДРОРУЛЬ BZZ5-E 800B+FKBR-3022 (НАСОС-ДОЗАТОР)	CarParts
ГИДРОРУЛЬ BZZ1-E500B+FKA-166022(НАСОС ДОЗАТОР BZZ500)	CarParts
ФИЛЬТР ВОЗДУШНЫЙ KLQ 335-0000 	CarParts
ФИЛЬТР СЛИВНОЙ MPF400 2A.G3.P25 NBT	CarParts
ФИЛЬТР ГРУБОЙ ОЧИСТКИ ТОПЛИВА 204АТ-1105510-Б	CarParts
ФИЛЬТР ВОЗДУШНЫЙ КД 2640 	CarParts
ГИДРОЦИЛИНДР ДЗ-98БО.43.02.000	CarParts
ГИДРОЦИЛИНДР ДЗ-98БО.43.01.000	CarParts
ГИДРОЦИЛИНДР ДЗ-98БО.43.03.000	CarParts
БЛОК ПИТАНИЯ НС-SU2	CarParts
БЛОК УПРАВЛЕНИЯ 220 ВНМ	CarParts
КОЛЬЦО С62               ГОСТ 13943-86	CarParts
КОЛЬЦО С110 СТОПОР.ВНУТР.ГОСТ 13943-86/П	CarParts
КОЛЬЦО С140 СТОПОР.ВНУТР.ГОСТ 13943-86/П	CarParts
КОЛЬЦО С180 СТОПОР.ВНУТР.ГОСТ 13943-86/П	CarParts
КОЛЬЦО С150 СТОПОР.ВНУТР.ГОСТ 13943-86/П	CarParts
КОЛЬЦО С25              ГОСТ 13942-86	CarParts
КОЛЬЦО С50               ГОСТ 13942-86	CarParts
КОЛЬЦО С75              ГОСТ 13942-86	CarParts
КОЛЬЦО С100 СТОПОР.НАРУЖ.ГОСТ 13942-86/П	CarParts
КОЛЬЦО С110             ГОСТ 13941-86	CarParts
КОЛЬЦО С115             ГОСТ 13941-86	CarParts
КОЛЬЦО С90               ГОСТ 13943-86	CarParts
КОЛЬЦО С130             ГОСТ 13941-86	CarParts
КОЛЬЦО С170            ГОСТ 13943-86	CarParts
ПAЛEЦ Д395Б-01-121	CarParts
СЕРВОМЕХАНИЗМ ДЗ-98.10.03.200	CarParts
ПОДШИПНИК 6-111 (6011 П6 Q6) ГОСТ 8338-75	CarParts
ПОДШИПНИК 308 ГОСТ 8338-75	CarParts
ПОДШИПНИК 316	CarParts
ПОДШИПНИК 118 ГОСТ 8338-75	CarParts
ПОДШИПНИК 6-219 П6 Q6 ГОСТ 8338-75	CarParts
ПОДШИПНИК 212 ГОСТ 8338-75	CarParts
ПОДШИПНИК 220 ГОСТ 8338-75	CarParts
ПОДШИПНИК 312 ГОСТ 8338-75	CarParts
ПОДШИПНИК 6-313 П6.Q6 ГОСТ 8338-75	CarParts
ПОДШИПНИК 315 ГОСТ 8338-75	CarParts
ПОДШИПНИК 317	CarParts
ПОДШИПНИК 2313 ГОСТ 8328-75	CarParts
ПОДШИПНИК 2411 ГОСТ 8328-75	CarParts
ПОДШИПНИК 32615 ГОСТ 8328-75	CarParts
ПОДШИПНИК 292213К ГОСТ 5377-79	CarParts
ПОДШИПНИК 5-3616 ГОСТ 5721-75	CarParts
ПОДШИПНИК 5-3610 ГОСТ 5721-75	CarParts
ПОДШИПНИК 29908 УПОРНЫЙ ОДИНАРНЫЙ НЕСТАНДАРТНЫЙ	CarParts
ПОДШИПНИК ШС-40 ШАРНИРНЫЙ	CarParts
ПОДШИПНИК ШСП50К	CarParts
ПОДШИПНИК ШСЛ60К ШАРНИРНЫЙ  	CarParts
НАСОС ГИДРАВЛИЧ.CBGV 2100-2040 (КИТАЙ)	CarParts
НАСОС ГИДРАВЛИЧ.CBGV 2060-2040 (КИТАЙ)	CarParts
НАСОС-ДОЗАТОР НДП-500-16 К-ТЕ СО ВСТАВКОЙ 101901.021	CarParts
НАСОС НШ-10-ЛЕВЫЙ (НШ 10Г-3Л) ТУ 3-25-180-97	CarParts
НАСОС НШ-32Д-10Д-3 ПРАВЫЙ	CarParts
НАСОС НШ-32М-3(MASTER) УКРАИНА	CarParts
НАСОС НШ-71 ЛЕВЫЙ (НШ 71А-3Л ТУ 3-25-180-97 )	CarParts
НАСОС НШ 112Г-32УКФ-3	CarParts
ВТУЛКА ПА-010.02.00.001-01	CarParts
ВТУЛКАПА-010.04.00.001-03	CarParts
ВТУЛКА ПА-010.01.00.001	CarParts
ВТУЛКА ПА-010.01.00.001-1	CarParts
ВТУЛКА ПА-010.02.00.001	CarParts
КОЛЬЦО Е21-160-15-4.0 ОПОРНО-НАПРАВЛЯЮЩЕЕ ПОРШНЕВОЕ	CarParts
КОЛЬЦО Е11-160-1 УПЛОТНЯЮЩЕЕ ПОРШНЕВОЕ	CarParts
КОЛЬЦО Е11-080 УПЛОТНЯЮЩЕЕ ПОРШНЯ	CarParts
КОЛЬЦО Е21-080-12-3.0 ОПОРНО-НАПРАВ.ШТОКА	CarParts
КОЛЬЦО Е52-050-1 ГРЯЗЕСЪЕМНИКА	CarParts
КОЛОНКА РУЛЕВАЯ ZL-50Е	CarParts
ОТОПИТЕЛЬ С ВОЗДУХОВОДОМ	CarParts
KOMПPECCOP              5336-3509012	CarParts
BAЛ KAPДAHHЫЙ          210-2201010-19	CarParts
ВАЛ КАРДАННЫЙ 358.119041 (В140)	CarParts
КРЕСТОВИНА 4310-2205025-04	CarParts
BAЛ KAPДAHHЫЙ           210Г-2204010-19	CarParts
ВАЛ КАРДАННЫЙ           4016-2201010	CarParts
ВАЛ КАРДАННЫЙ В160-2202010	CarParts
ВАЛ КАРДАННЫЙ           Д395А-0115000	CarParts
ВАЛ КАРДАННЫЙ В140-2201010	CarParts
ВАЛ КАРДАННЫЙ 529И-2201010-03/-04	CarParts
ПЕДАЛЬ ГАЗА  	CarParts
РЕГУЛЯТОР ДАВЛЕНИЯ 100-3512010 С ПРЕДОХР.КЛАПАНОМ	CarParts
KPAH TOPMOЗHOЙ          100-3514008	CarParts
КРАН ПНЕВМАТИЧЕСКИЙ 100-3537110	CarParts
КРАН ТОПЛИВНЫЙ ШАРОВЫЙ В140.31.02.100	CarParts
КЛАПАН ЗАЩИТНЫЙ 100-3515110	CarParts
ПРОТИВОЗАМЕРЗАТЕЛЬ 11.3515150-11	CarParts
КЛАПАН ДВУХМАГИСТРАЛЬНЫЙ 100-3562010	CarParts
СТЕКЛО 1432Х1250 ЛОБОВОЕ ДЗ-140А.51.01.085	CarParts
СТЕКЛО ПЕРЕДНЕЕ КА-51.00.00.001 ПРОЗРАЧНОЕ	CarParts
СТЕКЛО БОКОВОЕ КА-51.00.00.002 ПРОЗРАЧНОЕ	CarParts
СТЕКЛО БОКОВОЕ КА-51.00.00.002-01 ПРОЗРАЧНОЕ	CarParts
СТЕКЛО БОКОВОЕ ЗАДНЕЕ КА-51.00.00.003-01 ПРОЗРАЧНОЕ	CarParts
СТЕКЛО ЗАДНЕЕ КА-51.00.00.004 ПРОЗРАЧНОЕ	CarParts
СТЕКЛО ДВЕРНОЕ КА-51.00.00.005 ПРОЗРАЧНОЕ	CarParts
СТЕКЛО ДВЕРНОЕ КА-51.00.00.005-01 ПРОЗРАЧНОЕ	CarParts
СТЕКЛО 1358Х569 ДВЕРНОЕ ДЗ-140А.51.01.086	CarParts
СТЕКЛО 1556Х548 БОКОВОЕ ДЗ-140А.51.01.084	CarParts
СТЕКЛО 1242Х792 ЗАДНЕЕ ДЗ-140А.51.01.083	CarParts
МАНЖЕТА М50х70-2	CarParts
МАНЖЕТА М80Х105-2	CarParts
КОЛЬЦО РЕЗ.018-022-25-2-2 ГОСТ 18829-73/9833-73	CarParts
КОЛЬЦО РЕЗ.030-035-30-2-2 ГОСТ 18829-73/9833-73	CarParts
КОЛЬЦО РЕЗ.035-040-30-2-2	CarParts
КОЛЬЦО РЕЗ.045-050-30-2-2 ГОСТ 18829-73/9833-73	CarParts
КОЛЬЦО РЕЗ.052-058-36-2-2 ГОСТ 18829-73/9833-73	CarParts
КОЛЬЦО РЕЗ.060-065-30-2-2 ГОСТ19823-79/9	CarParts
КОЛЬЦО РЕЗ.070-080-58-2-2 ГОСТ 18829-73/9833-73	CarParts
КОЛЬЦО 150-160-58-2-2	CarParts
КОЛЬЦО РЕЗ.190-200-58-2-2 ГОСТ 18829-73/9833-73	CarParts
КОЛЬЦО РЕЗ.195-200-36-2-2 ГОСТ 18829-73/9833-73	CarParts
КОЛЬЦО РЕЗ.170-180-59-2-2	CarParts
КОЛЬЦО РЕЗ.090-100-58-2-2 ГОСТ 18829-73/9833-73	CarParts
МАНЖЕТА АРМИР.1.2-75Х100-1  ГОСТ 8752-79/ОСТ 38.05146-78	CarParts
МАНЖЕТА АРМИР.1.2-90Х120-2  ГОСТ 8752/ОСТ 38.05146-78	CarParts
МАНЖЕТА АРМИР.1.2-130Х160-1 ГОСТ 8752/ОСТ 38.05146-78	CarParts
МАНЖЕТА АРМИР.1.2-110Х135-1 ГОСТ 8752-79/ОСТ 38.05146-78	CarParts
МАНЖЕТА АРМИР.1.1-130Х160-1 ГОСТ 8752-79/ОСТ 38-05146-78	CarParts
КОЛЬЦО ВОЙЛОЧ.СП 210-178-14    ГОСТ 6308	CarParts
ПРОВОД ДЗ-98В.41.02.070-06	CarParts
ПРОВОД ДЗ-98В.41.30.500	CarParts
ЖГУТ В140.41.30.070	CarParts
ЖГУТ В140.41.30.090(ФАРЫ)	CarParts
ЖГУТ В140.41.30.300(ПЖД)	CarParts
ВСТАВКИ ПЛАВКИЕ ПВ-10	CarParts
ЛАМПА АВТОМОБИЛЬНАЯ А24-1(А24-2)	CarParts
ЛАМПА АВТОМОБИЛЬНАЯ А24-5-1	CarParts
ЛАМПА АВТОМОБИЛЬНАЯ А24-21-3	CarParts
БАТАРЕЯ АККУМУЛЯТОРНАЯ 6СТ-190АПЗ СТТУ40652818034-2007	CarParts
Ремкомплект уплотнительных колец КПП ZL50	CarParts
ШТУЦЕР 10мм	CarParts
ШТУЦЕР 11мм	CarParts
ШТУЦЕР 12мм	CarParts
ШТУЦЕР 13мм	CarParts
ШТУЦЕР 14мм	CarParts
ШТУЦЕР 15мм	CarParts
БОЛТ м-8	CarParts
БОЛТ м-10	CarParts
БОЛТ м-12	CarParts
БОЛТ м-14	CarParts
РЫМ-БОЛТ 	CarParts
БОЛТ м-16	CarParts
БОЛТ м-18	CarParts
БОЛТ м-20	CarParts
БОЛТ м-22	CarParts
ГАЙКА м-8	CarParts
ГАЙКА м-10	CarParts
ГАЙКА м-12	CarParts
ГАЙКА м-14	CarParts
ГАЙКА ПРОРЕЗНАЯ	CarParts
ГАЙКА м-16	CarParts
ГАЙКА м-18	CarParts
ГАЙКА м-20	CarParts
ГАЙКА м-22	CarParts
ГАЙКА м-24	CarParts
ГАЙКА м-26	CarParts
ГАЙКА м-28	CarParts
ШАЙБА медная диам. 8	CarParts
ШАЙБА медная диам. 10	CarParts
ШАЙБА медная диам.12	CarParts
ШАЙБА медная диам.14	CarParts
ШАЙБА медная диам.16	CarParts
ШАЙБА медная диам.18	CarParts
ШАЙБА медная диам.20	CarParts
ШАЙБА медная диам.22	CarParts
ПРОКЛАДКА паранит	CarParts
ПРОКЛАДКА  бумага	CarParts
КОЛЬЦО уплотнительное диам.8	CarParts
КОЛЬЦО уплотнительное диам.10	CarParts
КОЛЬЦО уплотнительное диам.12	CarParts
КОЛЬЦО уплотнительное диам.14	CarParts
ХОМУТ диам.20	CarParts
ХОМУТ диам.25	CarParts
ОСЬ рычага навески	CarParts
ПАЛЕЦ рычага навески	CarParts
НОЖ СРЕДНИЙ длинный	CarParts
НОЖ СРЕДНИЙ короткий	CarParts
ПНЕВМОГИДРОАККУМУЛЯТОР DGF-00 (аналог ПНЕВМОГИДРОАККУМ.С ГИДРОКЛ.64000А ТУ22-5)	CarParts
Ремкомплект цилиндра стрелы CDM853 (160x105x90)	CarParts
Ремкомплект цилиндра стрелы LongGong ZL50EX (180x120x100)	CarParts
Сальник пальца соедин рамы CDM855 (75*100*12)	CarParts
Сальник 85*100*12	CarParts
Ролик сателлита редуктора борт LG50F.04406A d=5 L=45	CarParts
Ролик сателлита редуктора борт D=6мм, L=30мм LG50F	CarParts
Ремкомплект цилиндра ковша CDM843 (160x95x80)	CarParts
Ремкомплект цилиндра рулевого управл-я ZL50 55*65	CarParts
КОМПЛЕКТ З/Ч УСТАНОВКА ПОДОГРЕВАТЕЛЯ ПЖД	CarParts
КОМПЛЕКТ З/Ч ГИДРОРАЗВОДКА ТОРМ.СИСТЕМЫ	CarParts
КОМПЛЕКТ З/Ч ГИДРОРАСПРЕДЕЛИТЕЛЬ ZL25B	CarParts
КОМПЛЕКТ З/Ч БЛОК ПИТАНИЯ 64000А	CarParts
КОМПЛЕКТ З/Ч СИЛОВЫХ РВД	CarParts
КОМПЛЕКТ З/Ч ТОРМОЗНАЯ СИСТЕМА	CarParts
КОМПЛЕКТ З/Ч СИЛОВЫЕ РВД	CarParts
ПОЛУМУФТА ВНУТРЕННЯЯ (заказывать необходимо только в паре с ДЗ-98В.11.00.001)	CarParts
ПОЛУМУФТА НАРУЖНАЯ (заказывать необходимо только в паре с ДЗ-98.10.06.002)	CarParts
Фильтр-элемент гидрав  с клапаном	CarParts
Фильтр-элемент гидравбез клап	CarParts
Фильтр-элемент гидрав с клапаном	CarParts
Шайба саттелита дифференциала	CarParts
Фильтр-элемент гидравлический без клап	CarParts
Фильтр-элемент гидравлический с клапаном	CarParts
Барабан ручного тормоза 	CarParts
Диск тормозной 	CarParts
Зуб ковша боковой (плоский)	CarParts
Щеткодержатель стеклоочистителя в сборе	CarParts
Вкладыш коренной 	CarParts
Колпачек маслосъемный 	CarParts
Кольцо поршневое 	CarParts
Насос водяной 4отв.	CarParts
Насос водяной помпа  7отв.	CarParts
Ремень С6121	CarParts
Фильтр воздушный 28х34 D9	CarParts
Гидромуфта электрическая  ( Генераторная установка )	CarParts
Датчик температуры масла 	CarParts
Клапан электромагнитный остановки двигателя	CarParts
Лопасть вентилятора D=670 мм	CarParts
Распылитель DLLA 150 P 91 	CarParts
Ремень 8РК1112 вентилятора	CarParts
Ремень 8РК790 генератора	CarParts
Ремень 8РК790 генератора 	CarParts
Ремень 8РК795 генератора 	CarParts
Ролик натяжной ZL50	CarParts
ТНВД BHT120R	CarParts
Фильтр ГО топлива сепаратор в сборе 	CarParts
Фильтр топливный 	CarParts
Фильтр топливный тонкой очистки	CarParts
Фильтр топливный тонкой очистки Createk	CarParts
Фильтр топливный тонкой очистки в сборе	CarParts
Вкладыш коренной YC6108 красн	CarParts
Втулка шатуна 	CarParts
Крышка клапанов передняя 	CarParts
Лопасть вентилятора 	CarParts
Маховик в сборе 	CarParts
Муфта опережения впрыска ТНВД 	CarParts
Насос масляный ДВС 	CarParts
Прокладка ГБЦ 	CarParts
Прокладка коллектора выпускн 	CarParts
Прокладка крышки ГБЦ 	CarParts
Прокладка поддона 	CarParts
Распылитель YC6108 	CarParts
Ремень 22х1536 	CarParts
Ремкомплект прокладок ДВС (полный)	CarParts
Сальник коленвала передний (65х90х12)	CarParts
Форсунка в сборе 	CarParts
Шатун 	CarParts
Штанга толкателя 	CarParts
Цилиндр рулевой левый 	CarParts
Сальник хвостовика редуктора внутр 80х100х12	CarParts
Сальник хвостовика редуктора наруж 80х100х10	CarParts
Трубка тормозная 	CarParts
ВИЛОЧНЫЙ ПОГРУЗЧИК	CarParts
Гайка М20-7Н.10.40Х.019*15523-70 з/ч	CarParts
Гайка М22х1,5-7H.5.019*15523-70з/ч	CarParts
Шпилька М20х55.109.40Х*22034-76з/ч	CarParts
Кольцо В52*13941-86 (з/ч)	CarParts
Кольцо В 55  *13941-86(з/ч)	CarParts
Кольцо В 105 *13941-86 (з/ч)	CarParts
Кольцо В 125 *13941-86	CarParts
Кольцо В 85  *13943-86	CarParts
Клапан "ИЛИ"(з/ч)	CarParts
Крыльчатка	CarParts
Шестерня 000070300013_01(з/ч)	CarParts
Кольцо распорное(з/ч)	CarParts
Кольцо уплотнительное(з/ч)	CarParts
Кольцо стопорное(з/ч)	CarParts
Проушина(з/ч)	CarParts
Шток 000084699010 10 (з/ч)	CarParts
Вал 000090330006_02(з/ч)	CarParts
КрышкаЭО-3322Б.03.30.051(ЦНИИМ-И)зч	CarParts
Клапан пневмогидравлический(з/ч)	CarParts
Колодка тормозная (з/ч)	CarParts
Клапан 000130807110_10(з/ч)	CarParts
Клапан 000130807110_20(з/ч)	CarParts
Клапан подпорный	CarParts
Блок предохранит.клапанов з/ч	CarParts
Фланец  ЭО-3323А.08.07.500-10(з/ч)	CarParts
Втулка 000137100004_00(з/ч)	CarParts
Тяга верхняя(з/ч)	CarParts
Тяга попер.буксир.(з/ч)	CarParts
Гидрозамок двухсторонний ЭО-3323А.71.80.670-10  (з/ч)	CarParts
Гидрозамок двухсторонний (з/ч)	CarParts
Гидрозамок односторонний(з/ч)	CarParts
Проушина 3323А 71.82.001_11 (з/ч)	CarParts
Блок управления левый з/ч	CarParts
Блок управления 138004820 00(з/ч)	CarParts
Блок управления правый з/ч	CarParts
Блок управления педальный з/ч	CarParts
Блок управления138004940 10(з/ч)	CarParts
Блок управления(з/ч)	CarParts
Звездочка з/ч	CarParts
Муфта(з/ч)	CarParts
Диск неподвижный(з/ч)	CarParts
Диск подвижный(з/ч)	CarParts
Коллектор(з/ч)	CarParts
Крышка(з/ч)	CarParts
Вал-шестрня (з/ч)	CarParts
Гидроклапан противообгонный з/ч	CarParts
Пружина (з/ч)	CarParts
Дышло (з/ч)	CarParts
Барабан тормозной з/ч	CarParts
Ступица(литье,спец.оборуд.) з/ч	CarParts
Шестерня коронная штамповка(з/ч)	CarParts
Ступица шестерни коронной(з/ч)	CarParts
Кольцо стопорное	CarParts
Ось колодки(з/ч)	CarParts
Гайка (труба) з/ч	CarParts
Кольцо стопорное (з/ч)	CarParts
Контргайка(труба) з/ч	CarParts
Кольцо опорное (з/ч)	CarParts
Прокладка регулировочная (з/ч)	CarParts
Шайба торцовая	CarParts
Пружина	CarParts
Цапфа (з/ч)	CarParts
Вилка сдвоенная (з/ч)	CarParts
Вилка 000232030060_01(з/ч)	CarParts
Вилка 000232030060(з/ч)	CarParts
Втулка шкворня(з/ч)	CarParts
Кулак тормозной левый (з/ч)	CarParts
Кулак тормозной правый (з/ч)	CarParts
Вилка з/ч	CarParts
Полуоси в сборе(з/ч)	CarParts
Колодка торм.(з/ч)	CarParts
Рычаг регулир.(з/ч)	CarParts
Суппорт левый (з/ч)	CarParts
Суппорт правый (з/ч)	CarParts
Передача главная (з/ч)	CarParts
Шестерня 000232031006 01(з/ч)	CarParts
Шестерня полуоси (з/ч)	CarParts
Шайба  (з/ч)	CarParts
Шестерня ведущая (з/ч)	CarParts
Вал-шестерня 20.31.103_01(з/ч)	CarParts
Тяга поперечная (з/ч)	CarParts
Прокладка регулировочная	CarParts
Валик (з/ч)	CarParts
Коллектор з/ч	CarParts
Корпус з/ч	CarParts
Полуось (з/ч)	CarParts
Картер моста в сборе(з/ч)	CarParts
Кулак тормозной левый з/ч	CarParts
Кулак тормозной правый з/ч	CarParts
Фланец	CarParts
Наконечник рулевых тяг в сборе	CarParts
Водило в сборе(чугун)(з/ч)	CarParts
Шток 000346400805 10 (з/ч)	CarParts
Проушина 000346400901_01(з/ч)	CarParts
Шток(з/ч)	CarParts
Кольцо защитное (з/ч)	CarParts
Гайка натяжная (з/ч)	CarParts
Фиксатор (з/ч)	CarParts
Клапан обратный (з/ч)	CarParts
Сухарь (з/ч)	CarParts
Кольцо (з/ч)	CarParts
Установка стекол	CarParts
Стекло рамки	CarParts
Стекло нижнее	CarParts
Полоз	CarParts
Колесо с шиной в сборе(8.25-15)(з/ч	CarParts
Регулятор расхода(з/ч)	CarParts
Корпус 005-01-03.01.100-10(з/ч)	CarParts
Корпус 005-01-03.01.100(з/ч)	CarParts
ролик з/ч	CarParts
Каретка (з/ч)	CarParts
Подшипник (з/ч)	CarParts
Ось(з/ч)	CarParts
Палец(з/ч)	CarParts
Колесо с шиной в сборе(8.25-20)(з/ч	CarParts
Втулка(з/ч)	CarParts
Шкворень (з/ч)	CarParts
Втулка  (з/ч)	CarParts
Шайба регулировочная(з/ч)	CarParts
Балка моста (з/ч)	CarParts
Управление поворотом колес (з/ч)	CarParts
Шатун	CarParts
Полуось левая(005017090001-01)з/ч	CarParts
Полуось правая(з/ч)	CarParts
Трубопровод	CarParts
Клапан дроссельный (з/ч)	CarParts
Глушитель  (з/ч)	CarParts
Упр-ние двиг.005040321000_10(з/ч)	CarParts
Гидрораспределитель раб. оборудования CAT-YDF32.2 (гидро. управление ) 	CarParts
Гидроцилиндр подъема стрелы (шток 100) 	CarParts
Гидроцилиндр подъема стрелы (шток 90)	CarParts
Вал привода рулевого насоса 	CarParts
Фильтр гидравлический без клапана (подача) 	CarParts
Фильтр гидравлический с клапаном (обратка) 	CarParts
Фильтр-элемент ГМП YL-98-00  	CarParts
Фонарь задний  (блок)	CarParts
Радиатор водяной в сборе 	CarParts
Радиатор водяной в сборе оригинал	CarParts
Редуктор бортовой 	CarParts
Редуктор заднего моста 	CarParts
Редуктор переднего моста	CarParts
Рем.комплект гидроцилиндра рулевого (45х55) 	CarParts
Рем.комплект гидроцилиндра стрелы 70х85  	CarParts
Комплект уплотнений и сальников ГТР 	CarParts
Комплект уплотнений и тефлоновых колец	CarParts
Крестовина карданного вала (33х93 mm)  	CarParts
Крестовина карданного вала (39х118 mm)  	CarParts
Насос ГМП GJCB-40-X-LG (CB-Fe) 	CarParts
Насос дозатор рулевой BZZ1-E400C  	CarParts
Палец D=40 мм, L=124 мм (рулевого г/ц) 	CarParts
Палец D=60 мм, L=190 мм (ковша нижний) 	CarParts
Палец D=60 мм, L=190 мм соединения рамы (нижний)	CarParts
Фильтр воздушный в сборе	CarParts
Фильтр масляный двигателя  	CarParts
Фильтр топливный грубой очистки 	CarParts
Фильтр топливный грубой очистки 612600081335 	CarParts
Фильтр топливный тонкой очистки (бумажный) 	CarParts
Фильтр топливный тонкой очистки (войлочный) 	CarParts
Форсунка KBEL 132P110  	CarParts
Форсунка KBEL 132P110 	CarParts
Форсунка KBEL 132P34	CarParts
Ремень 8РК950 (генератор) 	CarParts
Соленойд остановки двигателя  24V 2 контактный	CarParts
Соленойд остановки двигателя 24V 3 контактный	CarParts
Стартер  	CarParts
Топливопровод  L=3000mm  	CarParts
Турбокомпрессор J90S-2  	CarParts
Ремень  (привода агрегатов)	CarParts
Ремень (гидромуфта)	CarParts
Ремень (привода агрегатов) н/о	CarParts
Распылитель  	CarParts
Насос масляный  двигателя двухступенчатый 	CarParts
Плунжерная пара P511  	CarParts
Плунжерная пара P928  	CarParts
Подушка крепления ДВС 	CarParts
Полукольцо коленвала  (к-т 4 шт.) 	CarParts
Поршень 	CarParts
Поршневая группа в сборе  	CarParts
Привод ТНВД   612600080186 	CarParts
Привод ТНВД  VG1560080300  (110х124)	CarParts
Привод ТНВД VG1560080275  (210x124)	CarParts
Прокладка впускного коллектора 	CarParts
Прокладка выпускного коллектора 	CarParts
Прокладка головки блока  (Металл)	CarParts
Прокладка крышки клапанов 	CarParts
Крыльчатка охлаждения двигателя (670*90) 	CarParts
Крыльчатка охлаждения двигателя (760*90) 	CarParts
Крыльчатка охлаждения двигателя эл.муфту(770*120) 	CarParts
Компрессор воздушный 	CarParts
Генератор 	CarParts
Гильза цилиндра 	CarParts
Заглушка чашечная медная на ДВС	CarParts
Колпачок маслосъемный	CarParts
Кольцо стопорное поршневого пальца 	CarParts
Комплект поршневых колец 	CarParts
Комплект прокладок двигателя   малый (поддона,паронит)	CarParts
Комплект прокладок двигателя 	CarParts
Комплект прокладок двигателя (без сальников и упл.колец)	CarParts
Комплект прокладок двигателя  (полный) сальники,упл.кольца,герметик,поддона	CarParts
Вал распределительный 	CarParts
Венец маховика двигатель  136 зубов	CarParts
Вкладыши коренные стандарт  к-т 	CarParts
Вкладыши шатунные стандартк-т	CarParts
Водяной коллектор	CarParts
Втулка верхней головки шатуна  (к-т)	CarParts
Втулка распредвала  комплект	CarParts
102211М (N211V)       подшипник бортовой передачи УАЗ редукторного  " Волжский стандарт"	CarParts
102304М (N304V)       подшипник хвостовика моста УАЗ	CarParts
102304М (N304V)       подшипник хвостовика моста УАЗ  " Волжский стандарт"	CarParts
102605М (N2305V)     подшипник хвостовика моста ГАЗ 53, ГАЗ 3307  " Волжский стандарт"	CarParts
127509                         подшипник ступицы  УАЗ	CarParts
127509                         подшипник ступицы  УАЗ     (CS 551)	CarParts
127509                         подшипник ступицы  УАЗ     (ES 130509)	CarParts
127509                         подшипник ступицы  УАЗ     BTL-B410	CarParts
127509АК                    подшипник ступицы  УАЗ  "Волжский стандарт"   (6-127509) 	CarParts
150208 (6208)              подшипник первич. вала КПП УАЗ задний	CarParts
15276                           подшипник пром. вала ГАЗель Next (роликовый конический) средний	CarParts
16013                           подшипник входного вала РК DYMOS УАЗ " Патриот", " Хантер"  задний	CarParts
180202 (6202)              подшипник инжект. генератора ВАЗ, ГАЗ	CarParts
180202 (6202)              подшипник инжект. генератора ВАЗ, ГАЗ      HF 300 013	CarParts
180203 (6203 2RS)     подшипник  колен. вала ГАЗ, УАЗ    HF 300 520	CarParts
180203 (6203 2RS)     подшипник  колен. вала ГАЗ, УАЗ   (CT 203)	CarParts
180203 (6203)             подшипник  колен. вала ГАЗ, УАЗ	CarParts
180203 (6203)             подшипник  колен. вала ГАЗ, УАЗ    (ES 156230)	CarParts
180203 (6203)             подшипник колен. вала ГАЗ, УАЗ, вторич. вала КПП ГАЗ 24, 3302    BTL-B300	CarParts
180204 (6204)              подшипник рулев. механизма ГАЗ 3307, 3306, 3309, 4301, КАВЗ	CarParts
180205 (6205 2RS)      подшипник коленвала ГАЗ 4301, 	CarParts
180205С17 (6205)        подшипник коленвала ГАЗ 4301, 	CarParts
180206АС17 (6206)     подшипник опоры пром. вала кард. перед. ГАЗ 3302	CarParts
180206АС17 (6206)     подшипник опоры пром. вала кард. перед. ГАЗ 3302     	CarParts
180206АС17 (6206)     подшипник опоры пром. вала кард. перед. ГАЗ 3302     ES150386	CarParts
180207АС17                подшипник ведущ. шестерни редукт. моста УАЗ внутр.	CarParts
180302С17 (6302)       подшипник генератора перед. ГАЗ 4301	CarParts
180302С17 (6302)       подшипник генератора перед. ГАЗ 4301, ВАЗ    BTL-B102	CarParts
180306АК1УС17Ш      подшипник полуоси ВАЗ 2101 "Волжский стандарт"	CarParts
180308 (6308)              подшипник полуоси ГАЗ 24 (В6-308-АУШ1)	CarParts
180502 (6-180502)       подшипник генератора задн. ГАЗ 24, 53, УАЗ, (62202)	CarParts
180502 (6-180502)       подшипник генератора задн. ГАЗ 24, 53, УАЗ, (62202)    	CarParts
180502 (6-180502)       подшипник генератора задн. ГАЗ 24, 53, УАЗ, (62202)    (CA 502)	CarParts
180502 (6-180502)       подшипник генератора задн. ГАЗ 24, 53, УАЗ, (62202)    (ES 156202)	CarParts
180502 (6-180502)       подшипник генератора задн. ГАЗ 24, 53, УАЗ, (62202)    (VPZ/VBF)	CarParts
180502 (6-180502)       подшипник генератора задн. ГАЗ 24, 53, УАЗ, (62202)    BRB12502	CarParts
180502 (6-180502)       подшипник генератора задн. ГАЗ 24, 53, УАЗ, (62202)    HF 300 015	CarParts
180502 УС9Ш1 (6-180502) подшипник генератора задн. ГАЗ 24, 53, УАЗ, (62202)	CarParts
180502/180603          подшипник генератора перед./зад. ГАЗ 24, 53, УАЗ,  (к-т 2 шт.)  (CA 724)	CarParts
180503 (62203)           подшипник генератора ГАЗ, ПАЗ, 	CarParts
180603 (62303)           подшипник генератора перед. ГАЗ 24, 53, УАЗ,    (CA 603)	CarParts
180603 (62303)           подшипник генератора перед. ГАЗ 24, 53, УАЗ,    (VPZ/VBF)	CarParts
180603 (62303)           подшипник генератора перед. ГАЗ 24, 53, УАЗ,    BRB12603	CarParts
180603 (62303)           подшипник генератора перед. ГАЗ 24, 53, УАЗ,    BTL-B104	CarParts
180603 (62303)           подшипник генератора перед. ГАЗ 24, 53, УАЗ,    HF 300 016	CarParts
2007108А                     подшипник ступицы перед. ВАЗ 2121, 2123 	CarParts
2007108АЕ (32008)      подшипник ступицы перед. ВАЗ 2121, 2123 "Волжский стандарт"	CarParts
2007109 (32009)          подшипник задн. ступицы ГАЗ 2217	CarParts
2007109АК (32009)     подшипник задн. ступицы ГАЗ 2217 "Волжский стандарт"	CarParts
2007109АКШ2             подшипник роликовый конической пластины КПП ГАЗель NEXT  (ТД ЕПК)	CarParts
2007117А (32017)       подшипник ступицы задней наружн.  "Волжский стандарт"	CarParts
2007120А (32020)        подшипник ЗИЛ,   " Волжский стандарт"	CarParts
2007124А (302024)      подшипник ступицы  УРАЛ,  "Волжский стандарт"	CarParts
2007807АЕ                   подшипник дифференциал ВАЗ 2123 "Шеви Нива" " Волжский стандарт"	CarParts
207 (6207)                    подшипник компрессор ГАЗ 66. тормоз ЗИЛ	CarParts
20703АК                      подшипник насоса водяного задн. ГАЗ 24, 53, УАЗ, ПАЗ 	CarParts
20803 (6-20803)           подшипник насоса водяного перед. ГАЗ 24, 53, УАЗ, ПАЗ, 	CarParts
215 (6215)                    подшипник пром. вала  РК ГАЗ 33027	CarParts
220А (6220)                 подшипник раздат. коробки , УРАЛ, трактора "Волжский стандарт"	CarParts
256706Е10L20            подшипник ступицы задней ВАЗ 2108, 2170, 1118 	CarParts
256706Е10L20            подшипник ступицы задней ВАЗ 2108, 2170, 1118 "Волжский стандарт"	CarParts
256707ЕК14 (6707)     подшипник ступицы перед. ВАЗ 1118, 2170 "Волжский стандарт"	CarParts
256907ЕК12L20          подшипник ступицы перед. ВАЗ 2108-2115 "Волжский стандарт"	CarParts
264706                         подшипник вторич. вала КПП ГАЗ 31106 " Валдай" передний (игольч.)	CarParts
264706                         подшипник вторич. вала КПП ГАЗ 31106 " Валдай" передний (игольч.) "Волжский стандарт"	CarParts
27307А (31307)           подшипник опорный шкворня ГАЗ 66, 3308 (1027307)	CarParts
27307А (31307)           подшипник опорный шкворня ГАЗ 66, 3308 (1027307) "Волжский стандарт"	CarParts
27308АКУ1Ш2 (31308)       подшипник хвостовика моста ГАЗ 53, ГАЗ 3307 "Волжский стандарт"	CarParts
27310НА (31310)                подшипник задн. моста   " Волжский стандарт"	CarParts
27606АШ2                    подшипник хвостовика моста ГАЗ 3302 "Волжский стандарт"	CarParts
27607                           подшипник хвостовика моста ГАЗ 3302     (ES 6607)             	CarParts
27607АШ (32307)        подшипник хвостовика моста ГАЗ 3302      (CT 607)	CarParts
27607АШ2 (32307B)    подшипник хвостовика моста ГАЗ 3302 "Волжский стандарт"	CarParts
27613А                         подшипник хвостовик моста   " Волжский стандарт"	CarParts
27709К1У (31309)       подшипник хвостовика моста ГАЗ 3306, 3309, 33104  "Волжский стандарт"	CarParts
27709У4Ш2 (31309)     подшипник хвостовика моста ГАЗ 3306, 3309, 33104  "Волжский стандарт"	CarParts
27911А                         подшипник задн. моста ГАЗ 4301, , сред. моста  " Волжский стандарт"	CarParts
292213К1М                  подшипник пром. вала делителя передач  "Волжский стандарт"	CarParts
292305                         подшипник перед. пром. вала РК УАЗ	CarParts
292305АЕМ (RNU305TN) подшипник перед. пром. вала РК УАЗ "Волжский стандарт"	CarParts
29908                           подшипник опорный шкворня ПАЗ, ЗИЛ	CarParts
29908                           подшипник опорный шкворня ПАЗ, 	CarParts
3007205AШ2                подшипник пром. вала перед. КПП ГАЗель NEXT (ТД ЕПК)	CarParts
3007212А (33212)        подшипник ступица ЛИАЗ 677, 5256  " Волжский стандарт"	CarParts
3056207 (3207)            подшипник вторич. вала КПП УАЗ 	CarParts
305А (6305)                  подшипник пром. вала КПП УАЗ "Волжский стандарт"	CarParts
305А (6305)                  подшипник пром. вала КПП УАЗ (6-80305С17)	CarParts
306 (6306)                    подшипник вала привода перед. моста РК УАЗ	CarParts
307 (6307)                    подшипник вала привода задн. моста РК УАЗ 	CarParts
307 (6307)                    подшипник вала привода задн. моста РК УАЗ "Волжский стандарт"	CarParts
33205/Q                       подшипник пром. вала КПП ГАЗель NEXT	CarParts
348702KL20                 подшипник передней стойки ВАЗ 2108 "Волжский стандарт"	CarParts
406 (6406)                    подшипник ведущей шестерни колесн. редукт. моста внутр. УАЗ 	CarParts
42205                           подшипник первич. вала ВАЗ 2108-2115    	CarParts
42205А1Е1УШ1 (NJ205)    подшипник пром. вала РК УАЗ "Волжский стандарт"	CarParts
42207КМ (NJ207)        подшипник бл шестерен передн. КПП ГАЗ 53 "Волжский стандарт"	CarParts
42305                           подшипник пром. вала РК УАЗ      (ES 122305)	CarParts
42305                           подшипник пром. вала РК УАЗ      BTL-B302	CarParts
42305АЕ1УШ1 (NJ305EC) подшипник пром. вала РК УАЗ "Волжский стандарт"	CarParts
42306  (NJ306E)          подшипник пром. вала перед. РК ГАЗ 33027	CarParts
42308КМ                      подшипник КПП , , Урал	CarParts
464706Е1                     подшипник КПП ВАЗ 2108-2112 (игольч.) "Волжский стандарт"	CarParts
464904Е                       подшипник КПП ВАЗ 2101, 2121, 2123 "Волжский стандарт"	CarParts
50208 (6208N)             подшипник первич. вала КПП УАЗ	CarParts
50208 (6208N)             подшипник первич. вала КПП УАЗ          (VPZ/VBF)	CarParts
50208 (6208N)             подшипник первич. вала КПП УАЗ "Волжский стандарт"	CarParts
50209 (6209N)             подшипник первич. вала КПП ГАЗ 53, ГАЗ 66	CarParts
50305 (6305N)             подшипник пром. вала КПП ГАЗ 24, 3302 5-ти ступ.	CarParts
50305 (6305N)             подшипник пром. вала КПП ГАЗ 24, 3302 5-ти ступ. 	CarParts
50306                          подшипник раздат. коробки, пром. вала КПП УАЗ  (ES125036)	CarParts
50306 (6306N)             подшипник раздат. коробки, пром. вала КПП УАЗ   BTL-B303	CarParts
50306АЕ5УШ1            подшипник раздат. коробки, пром. вала КПП УАЗ  (пласт. сепар.)	CarParts
50307 (6307N)             подшипник первич. вала КПП ГАЗ 3110, 3302, бл шест. КПП 53, 66	CarParts
50307 (6307N)             подшипник первич. вала КПП ГАЗ 3110, 3302, бл шест. КПП 53, 66         (VPZ/VBF)	CarParts
50307 (6307N)             подшипник первич. вала КПП ГАЗ 3110, 3302, бл шест. КПП 53, 66         HF 300 521	CarParts
50307АКШ (6307)        подшипник первич. вала КПП ГАЗ 3110, 3302, бл шест. КПП 53, 66         (CT 307)	CarParts
50409 (6409)                подшипник КПП ГАЗ 3309, , , УРАЛ "Волжский стандарт"	CarParts
50412АК (6412)           подшипник вторич. вала КПП , ЛиАЗ 	CarParts
50706                           подшипник вторич. вала КПП ГАЗ 24, 3110, 3302 	CarParts
50706                           подшипник вторич. вала КПП ГАЗ 24, 3110, 3302     BTL-B304	CarParts
537906Е3С35               подшипник ступицы ВАЗ  " Волжский стандарт"	CarParts
537907С17                   подшипник ступицы ВАЗ, ИЖ, ЗАЗ (JRM3534) "Волжский стандарт"	CarParts
537908С17                   подшипник ступицы   " Волжский стандарт"	CarParts
537909                         подшипник ступицы перед. ГАЗ 27527 Соболь полн.привод	CarParts
537909К1С17              подшипник ступицы перед. ГАЗ 27527 Соболь полн.привод "Волжский стандарт"	CarParts
57707                           подшипник ведущ. шестерни п/м, з/м УАЗ 	CarParts
57707АУ                      подшипник ведущ. шестерни п/м, з/м УАЗ  "Волжский стандарт"	CarParts
6311-2RS1                    подшипник первич. вала КПП ГАЗон NEXT (ООО СКФ)	CarParts
636905                         подшипник рулевой колонки ГАЗ 24, 53, УАЗ, ПАЗ "Волжский стандарт"	CarParts
636906С17                  подшипник рулевой колонки ЗИЛ, , , ЛИАЗ "Волжский стандарт"	CarParts
64706Е                        подшипник промеж. шест. з/хода КПП ГАЗ 31106 " Валдай" (игольч.)	CarParts
64907К                        подшипник КПП , , УРАЛ (игольч.) "Волжский стандарт"	CarParts
664706Е5                    подшипник сателлита п/м, з/м  "Волжский стандарт"	CarParts
664908Е                      подшипник вторич. вала КПП УАЗ н/обр. (игольч.)	CarParts
664913Е                      подшипник КПП , ЗИЛ, УРАЛ (игольч.) "Волжский стандарт"	CarParts
664916Е                      подшипник вторич. вала КПП , УРАЛ (игольч.) "Волжский стандарт"	CarParts
692306К2МШ2            подшипник вала привода перед. и зад. моста РК УАЗ "Волжский стандарт"	CarParts
7203А (30203)              подшипник шкворня УАЗ 452, 469, 3163, 31519 "Волжский стандарт"	CarParts
7204 (30204)                подшипник турбины ПАЗ 	CarParts
7204А (30204)              подшипник турбины ПАЗ "Волжский стандарт"	CarParts
7205А (30205)             подшипник насоса топл. высокого давления 5301,  (6-7205А) "Волжский стандарт"	CarParts
7207АЕК1 (30207)       подшипник пром. вала КПП ГАЗ 3310, 3308, 3309 "Волжский стандарт"	CarParts
7207АК1Ш2                 подшипник пром. вала КПП ГАЗ 3310, 3308, 3309   (30207) 	CarParts
7208А (30208)              подшипник пром. вала КПП ГАЗ 4301 "Волжский стандарт"	CarParts
7210А (30210)              подшипник БЕЛАЗ, трактора "Волжский стандарт"	CarParts
7304А (30304)             подшипник насоса топл. высокого давления ГАЗ 3306, 4301 "Волжский стандарт"	CarParts
7305АШ (30305)           подшипник ступицы наружн. ГАЗ 24, 3302    (CT 673)	CarParts
7307 (30307)                подшипник ступицы внутр. ГАЗ 3302           ES 137307	CarParts
7310А (30310)              подшипник УРАЛ, трактора Т-150, Т-100, Т-102 "Волжский стандарт"	CarParts
7311А (30311)              подшипник , УРАЛ, трактор ДТ-75 "Волжский стандарт"	CarParts
7312А (30312)              подшипник , УРАЛ, МТЗ  " Волжский стандарт"	CarParts
7313АК(30313)            подшипник трактора Т-150, ТТ-4, МТ-15  " Волжский стандарт"	CarParts
7314А (30314)              подшипник , ЛИАЗ, трактора  " Волжский стандарт"	CarParts
7315А (30315)              подшипник , УРАЛ, трактора  " Волжский стандарт"	CarParts
750306                        подшипник адаптера карданной передачи УАЗ Профи 4*2  (236021)	CarParts
7507А (32207)              подшипник трактора  " Волжский стандарт"	CarParts
7509 (32209)                подшипник ступицы задней наружн. ГАЗ 3302	CarParts
7509 (32209)                подшипник ступицы задней наружн. ГАЗ 3302         (ISO 32209)	CarParts
7509А (32209)             подшипник ступицы задней наружн. ГАЗ 3302 "Волжский стандарт"	CarParts
7510 (32210)                подшипник дифференциала з/м, п/м ГАЗ 24, 3110, УАЗ	CarParts
7510 (32210)                подшипник дифференциала з/м, п/м ГАЗ 24, 3110, УАЗ     (ES 137501)	CarParts
7510 (32210)                подшипник дифференциала з/м, п/м ГАЗ 24, 3110, УАЗ     BR 3302-7510	CarParts
7510А (32210)             подшипник дифференциала з/м, п/м ГАЗ 24, 3110, УАЗ "Волжский стандарт"	CarParts
7510АШ (32210)           подшипник дифференциала з/м, п/м ГАЗ 24, 3110, УАЗ     (CS 210)	CarParts
7510АШ (32210)           подшипник дифференциала з/м, п/м ГАЗ 24, 3110, УАЗ     HF 300 076	CarParts
7510АШ (32210)           подшипник дифференциала з/м, п/м ГАЗ 24, 3110, УАЗ "Волжский стандарт"	CarParts
7511А (32211)              подшипник трактора, с/х машины  " Волжский стандарт"	CarParts
7512А (32212)              подшипник трактора, с/х машины  " Волжский стандарт"	CarParts
7513А (32213)              подшипник , трактора  " Волжский стандарт"	CarParts
7514А (32214)             подшипник трактора, с/х машины  " Волжский стандарт"	CarParts
7515А (32215)              подшипник ступицы задней внутр. ГАЗ 3307, ГАЗ 53 "Волжский стандарт"	CarParts
7516А1(32216)            подшипник задн., сред. моста , ЗИЛ, УРАЛ  " Волжский стандарт"	CarParts
7517А (32217)              подшипник ПАЗ, ЗИЛ, , УРАЛ, трактора  " Волжский стандарт"	CarParts
7518А (32218)              подшипник , , трактора  " Волжский стандарт"	CarParts
7519А (32219)              подшипник , , трактора  " Волжский стандарт"	CarParts
7520А (32220)              подшипник ступицы задней внутр. ,  "Волжский стандарт"	CarParts
7605 (32305)                подшипник ступицы перед.  ГАЗ 3110, 31105                   BR 3110-7605	CarParts
7605А (32305)              подшипник ступицы перед.  ГАЗ 3110, 31105 "Волжский стандарт"	CarParts
7606 (32306)               подшипник  ступицы перед. наружн. ГАЗ 3110, 3307, 53	CarParts
7606АУ (32306)           подшипник ступицы перед. наружн. ГАЗ 3110, 3307, 53 "Волжский стандарт"	CarParts
7606АУШ (32306)        подшипник хвостовика УАЗ редукт. и "Спайсер" внутр.   (CS 606)	CarParts
7606АУШ (32306)        подшипник хвостовика УАЗ редукт. и "Спайсер" внутр. "Волжский стандарт" 	CarParts
7607А (32307)             подшипник хвостовика задн. моста ГАЗ 24, ЗИЛ, МТЗ  " Волжский стандарт"	CarParts
7607АУ (32307)          подшипник хвостовика задн. моста ГАЗ 24, ЗИЛ, МТЗ  " Волжский стандарт"	CarParts
7607АУШ (32307)       подшипник хвостовика задн. моста ГАЗ 24, ЗИЛ, МТЗ  " Волжский стандарт"	CarParts
7608А (32308)             подшипник хвостовика моста "Спайсер" УАЗ наруж.  "Волжский стандарт"	CarParts
7609А (32309)              подшипник ступицы перед. внутр. ГАЗ 53, 5301, МТЗ "Волжский стандарт"	CarParts
7609АК (32309)            подшипник ступицы перед. внутр. ГАЗ 53, КПП  "Волжский стандарт"	CarParts
7610А (32310)              подшипник ступицы ГАЗ 4301, , ЗИЛ, , УРАЛ "Волжский стандарт"	CarParts
7611АК (32311)            подшипник ступицы перед. внутр. ПАЗ, "Волжский стандарт"	CarParts
7613А (32313)             подшипник ЗИЛ, , , ЛИАЗ " Волжский стандарт"	CarParts
7618А (32315)               подшипник БЕЛАЗ, трактора " Волжский стандарт"	CarParts
7705АЕШЗ                   подшипник ведущей шестерни моста ВАЗ 2101-2107, 2121 перед. "Волжский стандарт"	CarParts
7718АК                        подшипник , ,   " Волжский стандарт"	CarParts
7804У                          подшипник ступицы наруж. ВАЗ 2101 (LM11949/LM11910) "Волжский стандарт"	CarParts
7805У                          подшипник ступицы внутр. ВАЗ 2101 (512786) "Волжский стандарт"	CarParts
7806                            подшипник ступицы внутр. ГАЗ 2410     (ES 7806)	CarParts
7806                            подшипник ступицы внутр. ГАЗ 2410     BR 24-7806	CarParts
7806А                          подшипник ступицы внутр. ГАЗ 2410 "Волжский стандарт"	CarParts
7807ЕУШЗ                  подшипник ведущей шестерни моста ВАЗ 2101-2107, 2121 зад. (HM88649A/HM88613)  "Волжский стандарт"	CarParts
7809А                          подшипник 5301, МТЗ  " Волжский стандарт"	CarParts
7815А                          подшипник ЗИЛ, ПАЗ,   " Волжский стандарт"	CarParts
807813                         подшипник ступицы задней наружн. ГАЗ 3307, 53, 5301, дифференциал ПАЗ  	CarParts
807813АК1                  подшипник ступицы задней наружн. ГАЗ 3307, 53, 5301 "Волжский стандарт"	CarParts
834904Е                       подшипник шестерни з/хода КПП УАЗ (игольч.) (СПЗ) завод	CarParts
877907                         подшипник червяка рул. упр. нижний ГАЗ 24, УАЗ "Волжский стандарт"	CarParts
92705АЕУШ1               подшипник КПП ВАЗ  " Волжский стандарт"	CarParts
943/25                          подшипник игольчатый рычага маятника ГАЗ 2217	CarParts
97506А                          подшипник двигатель   " Волжский стандарт"	CarParts
977906К1 (6-977906)   подшипник червяка рул. упр.  "Волжский стандарт"	CarParts
977907К1 (6-977907)   подшипник червяка рул. упр. верхний ГАЗ 24, УАЗ "Волжский стандарт"	CarParts
977908 (6-977908)       подшипник червяка рул. упр. верхний ГАЗ 53	CarParts
977908К (6-977908)     подшипник червяка рул. упр. верхний ГАЗ 53 "Волжский стандарт"	CarParts
98206                           подшипник опорный шкворня ГАЗ 53	CarParts
987910К                       подшипник червяка рул. упр. нижний ГАЗ 53	CarParts
Автолампа  АКГ 12-100-90 Н4 цоколь 43 	CarParts
Автолампа  АКГ 12-55 H1	CarParts
Автолампа  АКГ 12-55 H1  (VL-H1-01)	CarParts
Автолампа  АКГ 12-55 H3	CarParts
Автолампа  АКГ 12-55 H3   "Маяк"	CarParts
Автолампа  АКГ 12-55 Н11	CarParts
Автолампа  АКГ 12-55 Н7 (ГАЗ 3302 н/обр.)	CarParts
Автолампа  АКГ 12-60-55 Н4 цоколь 43	CarParts
Автолампа  АКГ 12-60-55 Н4 цоколь 43   (VL-H4-01)	CarParts
Автолампа  АКГ 12-60-55 Н4 цоколь 43  12342PRС1	CarParts
Автолампа  АКГ 12-60-55 Н4 цоколь 43  BILUX  OSRAM	CarParts
Автолампа  АКГ 12-60-55 Н4 цоколь 43+30% Super OSRAM	CarParts
Автолампа  АКГ 24-100 Н7    "Маяк"	CarParts
Автолампа  АКГ 24-100-90 Н4 цоколь 43	CarParts
Автолампа  АКГ 24-70 Н1	CarParts
Автолампа  АКГ 24-70 Н1 	CarParts
Автолампа  АКГ 24-70 Н7 	CarParts
Автолампа  АКГ 24-75-70 H4	CarParts
Автолампа  освещ. салона АС 12-5-1 35мм	CarParts
Автолампа  освещ. салона АС 12-5-1 35мм светодиод.     "Маяк"	CarParts
Автолампа  освещ. салона АС 12-5-1 41мм	CarParts
Автолампа  освещ. салона ГАЗ 3110    "Маяк"	CarParts
Автолампа  освещ. салона ГАЗ 3302	CarParts
Автолампа 12-1 безцокольная с патроном OSRAM 2721 MF                  	CarParts
Автолампа 12-1,2 безцокольная 	CarParts
Автолампа 12-1,2 безцокольная     "Маяк"	CarParts
Автолампа 12-1,2 безцокольная с патроном     "Маяк"	CarParts
Автолампа 12-1,2 безцокольная светодиодная (белая) 1 диод     "Маяк"	CarParts
Автолампа 12-10  (патрон BA15S)	CarParts
Автолампа 12-10  (патрон BA15S)     "Маяк"	CarParts
Автолампа 12-10  (патрон BA15S)     12814CP	CarParts
Автолампа 12-10-5 светодиодная (белая)  9 диодов     "Маяк"	CarParts
Автолампа 12-18 безцокольная (стоп сигнала)     "Маяк"	CarParts
Автолампа 12-21	CarParts
Автолампа 12-21     "Маяк"	CarParts
Автолампа 12-21 (желтая) безцокольная	CarParts
Автолампа 12-21 (желтая) смещённый цоколь	CarParts
Автолампа 12-21 (желтая) смещённый цоколь 	CarParts
Автолампа 12-21 (желтая) смещённый цоколь     "Маяк"	CarParts
Автолампа 12-21 безцокольная	CarParts
Автолампа 12-21 светодиодная (белая) 12 диодов     "Маяк"	CarParts
Автолампа 12-21+5	CarParts
Автолампа 12-21+5 	CarParts
Автолампа 12-21+5   Premium       12499CP	CarParts
Автолампа 12-21+5 (желтая)	CarParts
Автолампа 12-21-4 (евроразъём) смещённый цоколь     "Маяк"	CarParts
Автолампа 12-3    	CarParts
Автолампа 12-3 безцокольная    12256CP	CarParts
Автолампа 12-4     "Маяк"   	CarParts
Автолампа 12-45+40	CarParts
Автолампа 12-5	CarParts
Автолампа 12-5      "Маяк"	CarParts
Автолампа 12-5 безцокольная	CarParts
Автолампа 12-5 безцокольная    "Маяк"	CarParts
Автолампа 12-5 безцокольная (желтая)     "Маяк"	CarParts
Автолампа 12-5 безцокольная светодиодная (белая)     "Маяк"	CarParts
Автолампа 24-1,2 безцокольная	CarParts
Автолампа 24-10	CarParts
Автолампа 24-2	CarParts
Автолампа 24-2,3  безцокольная	CarParts
Автолампа 24-21	CarParts
Автолампа 24-21+5	CarParts
Автолампа 24-4	CarParts
Автолампа 24-5	CarParts
Автолампа 24-55+50     "Маяк"	CarParts
Агрегат УАЗ 315195 " Хантер" (с 5-ти ступ. КПП) в сб. 	CarParts
Агрегат УАЗ 3163 " Патриот" (с 5-ти ступ. КПП) в сб.	CarParts
Агрегат УАЗ 452 н/обр.	CarParts
Агрегат УАЗ 469 н/обр.	CarParts
Адаптер карданной передачи УАЗ 236021 " Профи"  4х2 	CarParts
Адсорбер Волга, ГАЗель ЗМЗ 40524 Евро 3, УМЗ 4216, "Крайслер"(Волга ВОС НПО) ( 22171-1164010)	CarParts
Адсорбер ГАЗ 31105 дв. Chrysler, ГАЗель ЗМЗ 40522 Евро 2	CarParts
Адсорбер УАЗ 315195 " Хантер", 3163 " Патриот"   	CarParts
Адсорбер УАЗ 315195 " Хантер", 3163 " Патриот"  ЕВРО 2 ( 31105-1164010)  с клапаном	CarParts
Актуатор (датчик давления топлива, соленоид ТНВД) Cummins ISF 2,8, 3,8	CarParts
Амортизатор  Газель Бизнес, Next  задн. (газомасл.)  	CarParts
Амортизатор  Газель Бизнес, Соболь  задн. (газомасл.)     	CarParts
Амортизатор ГАЗ 2217  перед. (газомасл.) 	CarParts
Амортизатор ГАЗ 3302 перед/задн., 2217 	CarParts
Амортизатор ГАЗ 3308, 3310 "Валдай", 4301 перед./задн.  (маслян.)      А12023 О7      	CarParts
Амортизатор ГАЗ 53, 3307 (маслян.) 	CarParts
Амортизатор ГАЗон NEXT перед.  	CarParts
Амортизатор двери задка ГАЗ 2217 (к-т 2 шт.)           A901015C3	CarParts
Амортизатор двери задка ГАЗ 2217 (к-т 2 шт.) усиленный   A901115C3	CarParts
Амортизатор двери задка УАЗ 315195 " Хантер "  (к-т 2 шт.)    А901022	CarParts
Амортизатор двери задка УАЗ 3163 " Патриот" 3163-8407108-30  (12.8231)	CarParts
Амортизатор двери задка УАЗ 390945 (упор) (ЕВРО крепление)    А901009	CarParts
Амортизатор   (маслян.) металл. 	CarParts
Амортизатор   (маслян.) металл.     	CarParts
Амортизатор 5301 "Бычок" задн. (маслян.)    А22322 О7	CarParts
Амортизатор  подрессоривания кабины	CarParts
Амортизатор капота Газель Next  (устан. к-т 2 шт.)     	CarParts
Амортизатор капота УАЗ 31519 " Хантер" (к-т 2 шт.)     GS 3153	CarParts
Амортизатор капота УАЗ 3163 " Патриот"   (291624)	CarParts
Амортизатор капота УАЗ 3163 " Патриот"   GS 0302	CarParts
Амортизатор капота УАЗ 3163 " Патриот" (к-т 2 шт.)     GS 3163	CarParts
Амортизатор капота УАЗ 3163 " Патриот" (к-т 2 шт.)     А901023 C3	CarParts
Амортизатор крышки грузового отсека УАЗ 2363 "Патриот Пикап" 	CarParts
Амортизатор крышки люка задн. двери УАЗ 31514, капота УАЗ 3160 (121.8231)	CarParts
Амортизатор крышки люка задн. двери УАЗ 31514, капота УАЗ 3160 (к-т 2 шт.)     GS 3160	CarParts
Амортизатор ПАЗ 3205,  (маслян.)	CarParts
Амортизатор УАЗ  (газомасл.) перед., задн.   	CarParts
Амортизатор УАЗ 3153, 3163 " Патриот", 452 задн. 	CarParts
Амортизатор УАЗ 3163 " Патриот" перед. (газомасл.)  в сб.	CarParts
Амортизатор УАЗ 33036, 39094 (с АБС), задний Профи, Патриот, Пикап   (газомасл.)   усиленный	CarParts
Арка задн. колеса ГАЗ 3102, 31029 в сб.  прав.	CarParts
Арка задн. колеса ГАЗ 3102, 31029 в сб. лев.	CarParts
Арка задн. колеса ГАЗ 3102, 31029 наружн. лев.	CarParts
Арка задн. колеса ГАЗ 3102, 31029, 3110 внутрен.  прав.	CarParts
Арка задн. колеса ГАЗ 3102, 31029, 3110 внутрен. лев.	CarParts
Арка задн. колеса ГАЗ 3102, 31029, 3110 наружн.  прав.	CarParts
Арка задн. колеса ГАЗ 3102, 31029, 3110 наружн. лев.	CarParts
Арка задн. колеса ГАЗ 3110, 31105 в сб.  прав.	CarParts
Арка задн. колеса ГАЗ 3110, 31105 в сб. лев.	CarParts
Арка крыла ГАЗ 2705 задн. колеса (металл.)	CarParts
Бак топливный ГАЗ 2217 фургон, автобус ЗМЗ 4063, УМЗ 4215 (68 л)	CarParts
Бак топливный ГАЗ 2217 фургон, автобус ЗМЗ 4063, УМЗ 4215 (70 л) 190.221770И	CarParts
Бак топливный ГАЗ 2705 с дв.ЗМЗ 4063, 40522  (68 л)	CarParts
Бак топливный ГАЗ 2752 Соболь фургон, автобус ЗМЗ 4052, 40524 (под погружной насос)	CarParts
Бак топливный ГАЗ 3110 (70 л)	CarParts
Бак топливный ГАЗ 31105 (70 л) (под погружной насос)	CarParts
Бак топливный ГАЗ 3221 ЗМЗ 402	CarParts
Бак топливный ГАЗ 3221 ЗМЗ 4052, 40524 (под погружной насос)	CarParts
Бак топливный ГАЗ 3221 ЗМЗ 4052, 40524 (под погружной насос) 105л (увелич. объем)  установочный к-т	CarParts
Бак топливный ГАЗ 3221 ЗМЗ 4052, 40524 (под погружной насос) 70л	CarParts
Бак топливный ГАЗ 3221 ЗМЗ 4052, 40524 (под погружной насос) 70л   (инжектор)    190.270570И	CarParts
Бак топливный ГАЗ 3221 ЗМЗ 4052, 40524 (под погружной насос) удлиненная база 100л (увелич. объем)	CarParts
Бак топливный ГАЗ 3221 ЗМЗ 4052, 40524 (под погружной насос) удлиненная база 140л (увелич. объем)	CarParts
Бак топливный ГАЗ 3302 (борт, фермер)	CarParts
Бак топливный ГАЗ 3302 (борт, фермер) 70л   (карбюр.)  190.3302270К	CarParts
Бак топливный ГАЗ 3302 (борт, фермер) удлиненная база 100л (увелич. объем)	CarParts
Бак топливный ГАЗ 3302 (под погружной насос)	CarParts
Бак топливный ГАЗ 3302 (под погружной насос) 70л  (инжектор)   190.3302270И	CarParts
Бак топливный ГАЗ 3302 бортовые дв. Cummins, ЗМЗ 40522, Штайер	CarParts
Бак топливный ГАЗ 3307, 3309, 33104 ЕВРО 3, ГАЗон NEXT	CarParts
Бак топливный ГАЗ 3307, 3309, 33104 ЕВРО 3, ГАЗон NEXT 105л	CarParts
Бак топливный ГАЗ 3307, 3309, 33104 ЕВРО 3, ГАЗон NEXT 200л (увелич. объем)	CarParts
Бак топливный ГАЗ 3307, 3309, 33104 ЕВРО 3, ГАЗон NEXT 250л (увелич. объем)	CarParts
Бак топливный ГАЗ 3307, 3310 "Валдай", 4301   105л	CarParts
Бак топливный ГАЗ 66  правый	CarParts
Бак топливный ГАЗ 66 левый	CarParts
Бак топливный ГАЗель Next дв.A274, A275 А31R22,32  в сб.	CarParts
Бак топливный ГАЗель Next Сummins А31R22,32 2,8  в сб.	CarParts
Бак топливный ГАЗель Next Сummins А31R22,32 2,8 100л (увелич. объем) (вместо пластикового) с 2018 г.в.	CarParts
Бак топливный ГАЗель Next Сummins автобус  100л  (увелич. объем)	CarParts
Бак топливный ГАЗель Next удлиненная база 140л  (увелич. объем)	CarParts
Бак топливный ГАЗель Бизнес, ГАЗль Next борт А274, А275 (пластик бенз. с модулем без штуцера подогревателя)  в сб.	CarParts
Бак топливный ГАЗель борт УМЗ 4216  ЕВРО 3,4 	CarParts
Бак топливный  175л	CarParts
Бак топливный 131  прав.  175л	CarParts
Бак топливный 131 лев. 175л	CarParts
Бак топливный 5301 "Бычок" 125л	CarParts
Бак топливный   125л  (680*405*498)	CarParts
Бак топливный   170л  (950*405*498)	CarParts
Бак топливный   210л  (1150*405*498)	CarParts
Бак топливный   210л  (690*530*650)	CarParts
Бак топливный   250л  (1360*405*498)	CarParts
Бак топливный   250л  (830*530*650)	CarParts
Бак топливный   300л  (810*650*650)  (увелич. объем)  установочный к-т	CarParts
Бак топливный   300л  (990*530*650)	CarParts
Бак топливный   350л  (1150*530*650)	CarParts
Бак топливный   350л  (950*650*650)  (увелич. объем)  установочный к-т	CarParts
Бак топливный   370л  (1000*650*650)  (увелич. объем)  установочный к-т	CarParts
Бак топливный   400л  (1090*650*650)  (увелич. объем)  установочный к-т	CarParts
Бак топливный   400л  (1315*530*650)	CarParts
Бак топливный   420л  (1380*530*650)	CarParts
Бак топливный   450л  (1175*650*650)  (увелич. объем)  установочный к-т	CarParts
Бак топливный   450л  (1480*530*650)	CarParts
Бак топливный   500л  (1325*650*650)  (увелич. объем)  установочный к-т	CarParts
Бак топливный   500л  (1630*530*650)	CarParts
Бак топливный   550л  (1460*650*650)  (увелич. объем)  установочный к-т	CarParts
Бак топливный   600л  (1500*650*650)  (увелич. объем)  установочный к-т	CarParts
Бак топливный   600л  (1920*530*650)	CarParts
Бак топливный   650л  (1650*650*650)  (увелич. объем)  установочный к-т	CarParts
Бак топливный   700л  (1750*650*650)  (увелич. объем)  установочный к-т	CarParts
Бак топливный   750л  (1930*650*650)  (увелич. объем)  установочный к-т	CarParts
Бак топливный   800л  (2000*650*650)  (увелич. объем)  установочный к-т	CarParts
Бак топливный  ЕВРО 3  500л  (1325*650*650)  (увелич. объем)  установочный к-т	CarParts
Бак топливный  ЕВРО 3  600л  (1500*650*650)  (увелич. объем)  установочный к-т	CarParts
Бак топливный  ЕВРО 3  800л  (2000*650*650)  (увелич. объем)  установочный к-т	CarParts
Бак топливный  ЕВРО 3 210л  (690*530*650)	CarParts
Бак топливный  ЕВРО 3 350л  (1150*530*650)	CarParts
Бак топливный  ЕВРО 3 500л  (1630*530*650)	CarParts
Бак топливный УАЗ 315148 " Хантер" ЗМЗ 514  прав.	CarParts
Бак топливный УАЗ 315148 " Хантер" ЗМЗ 514 лев.	CarParts
Бак топливный УАЗ 315195 " Хантер" ЗМЗ 409  прав.  ЕВРО 3	CarParts
Бак топливный УАЗ 315195 " Хантер" ЗМЗ 409  прав. (под погружной насос)	CarParts
Бак топливный УАЗ 315195 " Хантер" ЗМЗ 409 лев.	CarParts
Бак топливный УАЗ 315195 " Хантер" ЗМЗ 409 лев.  ЕВРО 3	CarParts
Бак топливный УАЗ 3163 " Патриот"  прав.  дв.ЗМЗ 51432  с 05.2012 г.	CarParts
Бак топливный УАЗ 3163 " Патриот"  прав. (под модуль) в сб. с крепежом 38 л.	CarParts
Бак топливный УАЗ 3163 " Патриот"  прав. (под модуль) в сб. с крепежом 53 л. (увелич. объем)	CarParts
Бак топливный УАЗ 3163 " Патриот"  прав. (под модуль) ЕВРО 2	CarParts
Бак топливный УАЗ 3163 " Патриот"  прав. (под модуль) ЕВРО 3	CarParts
Бак топливный УАЗ 3163 " Патриот"  прав. дв.ЗМЗ 409 с предпусковым подогревателем,  (под модуль) 	CarParts
Бак топливный УАЗ 3163 " Патриот"  рестайлинг с 2017 г. (с 11.2016 г.) (в сб. с модулем , 68 л)	CarParts
Бак топливный УАЗ 3163 " Патриот" лев.  ЕВРО 2, 3	CarParts
Бак топливный УАЗ 3163 " Патриот" лев.  ЕВРО 2, 3 в сб. с крепежом 38 л	CarParts
Бак топливный УАЗ 3163 " Патриот" лев.  ЕВРО 2, 3 в сб. с крепежом 53 л (увелич. объем)	CarParts
Бак топливный УАЗ 3303	CarParts
Бак топливный УАЗ 3303  дв. УМЗ 4213 (впрыск)	CarParts
Бак топливный УАЗ 452	CarParts
Бак топливный УАЗ 452 дв. ЗМЗ 409 (впрыск) в сб. с модулем	CarParts
Бак топливный УАЗ 452 дв. ЗМЗ 40911 (впрыск) дополнит. в сб. с арматурой ЕВРО 4 	CarParts
Бак топливный УАЗ 452 дв. УМЗ 4213 (впрыск)	CarParts
Бак топливный УАЗ 452 дв. УМЗ 4213 (впрыск) дополнит.	CarParts
Бак топливный УАЗ 452 дополнит.	CarParts
Бак топливный УАЗ 469  прав.	CarParts
Бак топливный УАЗ 469 лев.	CarParts
Балка передней оси "Валдай"	CarParts
Балка передней оси ГАЗ 3302	CarParts
Балка передней оси ГАЗ 52	CarParts
Балка передней оси ГАЗ 53	CarParts
Балка передней оси ГАЗ 53 с тормозами в сб.	CarParts
Балка передней оси ГАЗон NEXT	CarParts
Балка передней подвески ГАЗ 3110 (поперечина №2) (для шаров.)	CarParts
Балка передней подвески ГАЗ 3110 (поперечина №2) (для шкворн.)	CarParts
Баллон вакуумный ГАЗ 3307 в сб.	CarParts
Бампер  передний "Валдай" (средняя часть)	CarParts
Бампер  передний ГАЗ 2217, 3302  ст/обр. (серый)	CarParts
Бампер  передний ГАЗ 2217, 3302  ст/обр. (чёрный)	CarParts
Бампер  передний ГАЗ 2217, 3302  ст/обр. c решеткой тип  неокрашенный	CarParts
Бампер  передний ГАЗ 2217, 3302  ст/обр. литая решетка под "Бизнес"	CarParts
Бампер  передний ГАЗ 2217, 3302 н/обр.	CarParts
Бампер  передний ГАЗ 2217, 3302 н/обр. "Бизнес" (c решеткой тип AUDI)  неокрашенный	CarParts
Бампер  передний ГАЗ 2217, 3302 н/обр. "Бизнес" (c решеткой тип )  неокрашенный 	CarParts
Бампер  передний ГАЗ 2217, 3302 н/обр. "Бизнес" (c решеткой тип Маска Zorro) (окрашеный)	CarParts
Бампер  передний ГАЗ 2217, 3302 н/обр. "Бизнес" VESTA  неокрашенный	CarParts
Бампер  передний ГАЗ 2217, 3302 н/обр. "Бизнес" VESTA с черными вставками	CarParts
Бампер  передний ГАЗ 2217, 3302 н/обр. "Бизнес" неокрашенный 	CarParts
Бампер  передний ГАЗ 2217, 3302 н/обр. Революшн неокрашенный	CarParts
Бампер  передний ГАЗ 2217, 3302 н/обр. Революшн окрашенный 	CarParts
Бампер  передний ГАЗ 3110 объёмный (неокрашеный) пустой	CarParts
Бампер  передний ГАЗ 3110 объёмный (окрашеный)	CarParts
Бампер  передний ГАЗ 3110 пустой без хрома (буран)	CarParts
Бампер  передний ГАЗ 31105 (неокрашенный) пустой	CarParts
Бампер  передний ГАЗ 31105 (окрашенный) пустой	CarParts
Бампер  передний ГАЗ 31105 пустой без хрома (буран)	CarParts
Бампер  передний ГАЗ 3302 "Бизнес" без эмблемы	CarParts
Бампер  передний ГАЗ 3302 "Бизнес" в сб. (эмблема, решетка)	CarParts
Бампер  передний ГАЗ 3302 "Бизнес" в сб. (эмблема, решетка) 	CarParts
Бампер  передний ГАЗ 3307, 3309	CarParts
Бампер  передний ГАЗель NEXT	CarParts
Бампер  передний ГАЗон NEXT	CarParts
Бампер  передний ПАЗ (белый)	CarParts
Бампер  передний ПАЗ (металл.)	CarParts
Бампер  передний ПАЗ (серый)	CarParts
Бампер  передний ПАЗ н/обр. (белый)	CarParts
Бампер  передний УАЗ 236021, 236022 Профи с пр./тум фарами (пластик)	CarParts
Бампер  передний УАЗ 3153, 31519 " Хантер"  (накладка)	CarParts
Бампер  передний УАЗ 3153, 31519 " Хантер"  (накладка) (АБС)	CarParts
Бампер  передний УАЗ 3153, 31519 " Хантер"  (накладка) (АБС) усил.	CarParts
Бампер  передний УАЗ 3153, 315195 " Хантер" в сб.	CarParts
Бампер  передний УАЗ 3163 " Патриот"   (амулет) рестайлинг с 2014 г.  с пр./тум фар.	CarParts
Бампер  передний УАЗ 3163 " Патриот"   (накладка)	CarParts
Бампер  передний УАЗ 3163 " Патриот"   (накладка)  рестайлинг с 2014 г.	CarParts
Бампер  передний УАЗ 3163 " Патриот"   (накладка)  рестайлинг с 2014 г.(желто-серебристый металлик)	CarParts
Бампер  передний УАЗ 3163 " Патриот" (каркас)	CarParts
Бампер  передний УАЗ 3163 " Патриот" в сб.  рестайлинг с 2014 г. (белый) 	CarParts
Бампер  передний УАЗ 3163 " Патриот" в сб.  рестайлинг с 2014 г. (белый)  с ПТФ	CarParts
Бампер  передний УАЗ 3163 " Патриот" в сб.  рестайлинг с 2014 г. (коричнеый металлик)  с ПТФ	CarParts
Бампер  передний УАЗ 3163 " Патриот" в сб.  рестайлинг с 2014 г. (неокрашенный)	CarParts
Бампер  передний УАЗ 3163 " Патриот" в сб.  рестайлинг с 2014 г. (серебристый металлик) 	CarParts
Бампер  передний УАЗ 3163 " Патриот" в сб.  рестайлинг с 2014 г. (тёмно-серый металлик)  без ПТФ	CarParts
Бампер  передний УАЗ 3163 " Патриот" в сб.  рестайлинг с 2014 г. (тёмно-серый металлик)  с ПТФ	CarParts
Бампер  передний УАЗ 3163 " Патриот" в сб.  рестайлинг с 2014 г. (чёрный металлик)  без ПТФ	CarParts
Бампер  передний УАЗ 3163 " Патриот" в сб.  рестайлинг с 2014 г. (чёрный металлик)  с ПТФ	CarParts
Бампер  передний УАЗ 3163 " Патриот" в сб. (белый) с ПТФ	CarParts
Бампер  передний УАЗ 452	CarParts
Бампер  передний УАЗ 452 н/обр.  под боков. накладки	CarParts
Бампер  передний УАЗ 469	CarParts
Бампер  передний УАЗ 469  н/обр. под боков. накладки	CarParts
Бампер задний ГАЗ 2410 (средняя часть)	CarParts
Бампер задний ГАЗ 2705 голый (неокрашенный)	CarParts
Бампер задний ГАЗ 31029  пустой	CarParts
Бампер задний ГАЗ 3110 объёмный (буран)	CarParts
Бампер задний ГАЗ 3110 объёмный (неокрашеный)	CarParts
Бампер задний ГАЗ 3110 объёмный (окрашеный)	CarParts
Бампер задний ГАЗ 3110 объёмный (сильвер)	CarParts
Бампер задний ГАЗель NEXT автобус	CarParts
Бампер задний ПАЗ (белый)	CarParts
Бампер задний ПАЗ (металл.)	CarParts
Бампер задний ПАЗ (серый)	CarParts
Бампер задний ПАЗ н/обр. (белый)	CarParts
Бампер задний УАЗ 2363 " Патриот Пикап "  (труба)	CarParts
Бампер задний УАЗ 31519 " Хантер"  накладка	CarParts
Бампер задний УАЗ 31519 " Хантер"  накладка АБС	CarParts
Бампер задний УАЗ 3153, 315195 " Хантер" в сб.	CarParts
Бампер задний УАЗ 3163 " Патриот " рестайлинг с 2014 г. (под парктроник, под окрас)	CarParts
Бампер задний УАЗ 3163 " Патриот" (каркас)	CarParts
Бампер задний УАЗ 3163 " Патриот" (накладка) рестайлинг с 2014 г.  	CarParts
Бампер задний УАЗ 3163 " Патриот" в сб. (белый) рестайлинг с 2014 г. 	CarParts
Бампер задний УАЗ 3163 " Патриот" в сб. (жел.-серебр. метал.) рестайлинг с 2014 г. 	CarParts
Бампер задний УАЗ 3163 " Патриот" в сб. (коричнево-серый металлик) рестайлинг с 2014 г. (под парктроник, 4 датчика)	CarParts
Бампер задний УАЗ 3163 " Патриот" в сб. (тёмно-зелёный метал.) рестайлинг с 2014 г. 	CarParts
Бампер задний УАЗ 3163 " Патриот" в сб. (чёрный метал.) рестайлинг с 2014 г. 	CarParts
Бампер задний УАЗ 452	CarParts
Бампер задний УАЗ 452  н/обр. (с 2015 г.)	CarParts
Бампер задний УАЗ 469  прав.	CarParts
Бампер задний УАЗ 469 лев.	CarParts
Бампер УАЗ  31519 " Хантер"  задний силовой с кроншт. запас. колеса	CarParts
Бампер УАЗ  31519 " Хантер"  передний силовой	CarParts
Бампер УАЗ  31519 " Хантер"  передний силовой с кенгурином	CarParts
Бампер УАЗ  315195 " Хантер" задний силовой с поворотным кроншт. запас. колеса	CarParts
Бампер УАЗ  3163 " Патриот"  задний силовой с кроншт. запас. колеса	CarParts
Бампер УАЗ  3163 " Патриот"  передний (обвес "GRAND PATRIOT"), с подкрылками, элероном (с 11.2016 г.)	CarParts
Бампер УАЗ  3163 " Патриот"  передний силовой  с кенгурином	CarParts
Бампер УАЗ 452  задний силовой с кроншт. запас. колеса	CarParts
Барабан ручного тормоза ГАЗ 3308	CarParts
Барабан ручного тормоза ГАЗ 53	CarParts
Барабан ручного тормоза УАЗ 	CarParts
Барабан тормозной ГАЗ 2217	CarParts
Барабан тормозной ГАЗ 24, УАЗ 	CarParts
Барабан тормозной ГАЗ 24, УАЗ   (Эксперт)	CarParts
Барабан тормозной ГАЗ 24, УАЗ (352057)	CarParts
Барабан тормозной ГАЗ 24, УАЗ 	CarParts
Барабан тормозной ГАЗ 24, УАЗ   чугунный   ( TF 060)	CarParts
Барабан тормозной ГАЗ 3110	CarParts
Барабан тормозной ГАЗ 3110    чугунный   ( TF 061)	CarParts
Барабан тормозной ГАЗ 3302 зад.	CarParts
Барабан тормозной ГАЗ 3302 зад.  чугунный   ( TF 062)	CarParts
Барабан тормозной ГАЗ 3302 зад., ГАЗель Next модернизированный	CarParts
Барабан тормозной ГАЗ 3307 перед. ГАЗ 3308 перед. и зад.	CarParts
Барабан тормозной ГАЗ 53 перед.	CarParts
Барабан тормозной ГАЗ 53, 3307, ПАЗ 3205 зад.	CarParts
Барабан тормозной ГАЗ 66	CarParts
Барабан тормозной зад. Renault Logan (с 04 г.), Santero (с 08 г.) без АБС 	CarParts
Барабан тормозной  зад. (8 шпилек)	CarParts
Барабан тормозной ПАЗ 320412, 4234 перед./зад. (Н=177, 6 шпилек, диск 19,5)	CarParts
Барабан тормозной ПАЗ 320412, 4234 перед./зад. 8 шпилек, диск 19,5	CarParts
Барабан тормозной ПАЗ 3205  перед. (Н=200, 6 шпилек)	CarParts
Барабан тормозной ПАЗ 3205 зад. н/обр.	CarParts
Барабан тормозной ПАЗ 3205 зад. н/обр. (Н=170, 6 шпилек)	CarParts
Барабан тормозной ПАЗ 3205,  зад. (Н=220, 8 шпилек)	CarParts
Барабан тормозной ПАЗ 3205,  перед. (Н=200, 8 шпилек)	CarParts
Барабан тормозной УАЗ 3163, 31519  задний	CarParts
Барабан тормозной УАЗ Профи (6 шпилек)	CarParts
Барабан тормозной УАЗ Профи (6 шпилек) TF 064	CarParts
Бачок гидроусилителя руля ГАЗ 3110, 2217, УАЗ в сб. (металл.)	CarParts
Бачок гидроусилителя руля ГАЗ 3110, 2217, УАЗ в сб. (пластмасс.)	CarParts
Бачок гидроусилителя руля ГАЗель NEXT	CarParts
Бачок гидроусилителя руля ГАЗон NEXT	CarParts
Бачок главного торм. цилиндра ГАЗ 31029, 3110, 3302 в сб.	CarParts
Бачок главного торм. цилиндра ГАЗ 3307, 6611	CarParts
Бачок главного торм. цилиндра ГАЗ 4301, ПАЗ 3205	CarParts
Бачок главного торм. цилиндра ГАЗель Бизнес  в сб. с датчиком	CarParts
Бачок главного торм. цилиндра УАЗ 31519 " Хантер", 3163 " Патриот"	CarParts
Бачок главного цилиндра сцепления ВАЗ 2101, ГАЗон NEXT	CarParts
Бачок главного цилиндра сцепления ГАЗ 24, ГТЦ УАЗ 469	CarParts
Бачок главного цилиндра сцепления УАЗ 452	CarParts
Бачок главного цилиндра сцепления УАЗ 452 (завод)  	CarParts
Бачок омывателя ВАЗ 21083-99, 2113-2115 инж. (под 2 мотора и датчик уровня омывающей жидкости)	CarParts
Бачок омывателя ГАЗ 2410, 3302, 3307, УАЗ, без мотора (под "марковку")	CarParts
Бачок омывателя ГАЗ 2410, 3302, 3307, УАЗ, в сб. с насосам (под "марковку")   (1202.5208)	CarParts
Бачок омывателя ГАЗ 3110 без мотора	CarParts
Бачок омывателя ГАЗ 3110 в сб. с насосам (125.5208)	CarParts
Бачок омывателя ГАЗ 3302 н/обр. без мотора  (2,2 л)	CarParts
Бачок омывателя ГАЗ 3302 н/обр. в сб. с насосам (2,2 л)	CarParts
Бачок омывателя ГАЗель NEXT, ГАЗон NEXT в сб. с насосам (в нишу лев. крыла)	CarParts
Бачок омывателя ГАЗель Бизнес в сб. с насосам  (в нишу лев. крыла)	CarParts
Бачок омывателя УАЗ 2363 "Патриот Пикап" (под 1 мотор)	CarParts
Бачок омывателя УАЗ 2363" Патриот Пикап"  в сб. с насосам   	CarParts
Бачок омывателя УАЗ 3160, 3163 " Патриот" (под 2 морора) (5,2 л.)	CarParts
Бачок омывателя УАЗ 3160, 3163 " Патриот" в сб. с насосами  (1132.5208-02)   " ВМ Авто"	CarParts
Бачок омывателя УАЗ 452 (с 2017г.) увелич. объём  в сб. с насосам	CarParts
Бачок расширительный ГАЗ 24, УАЗ	CarParts
Бачок расширительный ГАЗ 2410, 31029 со шлангом 	CarParts
Бачок расширительный ГАЗ 3110	CarParts
Бачок расширительный ГАЗ 31105 н/обр.	CarParts
Бачок расширительный ГАЗ 3302 cт/обр.	CarParts
Бачок расширительный ГАЗ 3302 н/обр.	CarParts
Бачок расширительный ГАЗ 3302 с 2015 г.в., 33106, 33088, 3309	CarParts
Бачок расширительный ГАЗель NEXT, ГАЗон NEXT	CarParts
Бачок расширительный ГАЗель дв.Cummins, ГАЗ 3309 Евро 4	CarParts
Бачок расширительный УАЗ 31519 " Хантер", 452	CarParts
Бачок расширительный УАЗ 3163 " Патриот" н/обр. (с 2007 г., радиатор без заливной горловины)	CarParts
Бачок расширительный УАЗ 3163 " Патриот" н/обр. (с 2016 г.)	CarParts
Бачок расширительный УАЗ 3163 " Патриот" н/обр. (с 2016 г.)  (бачок, кронштейн, шланг)	CarParts
Башмак натяжителя цепи ЗМЗ 406	CarParts
Башмак натяжителя цепи ЗМЗ 40905, 40911 ЕВРО 4   (к-т 2 шт.) 	CarParts
Башмак натяжителя цепи ЗМЗ 40905, 40911 ЕВРО 4 верх.	CarParts
Башмак натяжителя цепи ЗМЗ 40905, 40911 ЕВРО 4 нижний	CarParts
Бегунок ГАЗ 24, УАЗ	CarParts
Бегунок ГАЗ 24, УАЗ  (ЭБР 097)	CarParts
Бегунок ГАЗ 24, УАЗ  с резистором	CarParts
Бегунок ГАЗ 24, УАЗ  с резистором черный            (1.9.5  ЭБР 098)	CarParts
Бегунок ГАЗ 51, 52 с резистором                          (23.3706.020)	CarParts
Бегунок ГАЗ 53 	CarParts
Бегунок ГАЗ 53                                           (ЭБР 099)(МХ100099)	CarParts
Бегунок ГАЗ 53 с резистором	CarParts
Бегунок ГАЗ 53 с резистором коричневый        (ЭБР 340)	CarParts
Бегунок ГАЗ 53 с резистором черный                (ЭБР 100)	CarParts
Бензонасос ГАЗ 24	CarParts
Бензонасос ГАЗ 24                              901	CarParts
Бензонасос ГАЗ 24                   ( 901)   HF 830 484	CarParts
Бензонасос ГАЗ 3302 дв. 406	CarParts
Бензонасос ГАЗ 3302 дв. 406             901-21	CarParts
Бензонасос ГАЗ 3302 дв. 406          ( 901-21)   HF 830 485	CarParts
Бензонасос ГАЗ 51, 52, 69, 20            	CarParts
Бензонасос ГАЗ 53, 66	CarParts
Бензонасос ГАЗ 53, 66                        902	CarParts
Бензонасос , 131	CarParts
Бензонасос УАЗ	CarParts
Бензонасос УАЗ                                  900	CarParts
Бензонасос УАЗ (малый)	CarParts
Бензонасос электр. дв. 405, 406  н/обр.                   (0 580 464 044)	CarParts
Бензонасос электр. дв. 405, 406  н/обр.                   (0 580 464 044) ОРИГИНАЛ	CarParts
Бензонасос электр. дв. 405, 406  н/обр.                   (0 580 464 069) ОРИГИНАЛ	CarParts
Бензонасос электр. дв. 405, 406  ст/обр. (хомут)              (0 580 464 038) ОРИГИНАЛ	CarParts
Бензонасос электр. дв. 405, 406  ст/обр. (хомут) ( 0 530 464 038)	CarParts
Бензонасос электр. дв. 405, 406  ст/обр. (хомут) ( 0 530 464 038)    (1306006)	CarParts
Бензонасос электр. дв. 405, 406  ст/обр. (хомут) ( 0 580 464 038)    (SFP 0338)	CarParts
Бензонасос электр. дв. 405, 406  ст/обр. (хомут) ( 0 580 464 038)    EFP10001 O7	CarParts
Бензонасос электр. дв. 405, 406  ст/обр. (хомут) ( 0 580 464 038)    FP 464-038	CarParts
Бензонасос электр. дв. 405, 406  ст/обр. (хомут) ( 0 580 464 038)    HF 830 302	CarParts
Бензонасос электр. дв. 405, 406 с креплением       (50.1139-04)	CarParts
Бензонасос электр. дв. 405, 406 с креплением       (50.1139-04)     (SFP 0304)	CarParts
Бензонасос электр. дв. 405, 406 с кронштейном     (50.1139-01)       (SFP 0301)	CarParts
Бензонасос электр. дв. 405, 406 с кронштейном     (50.1139-01)       HF 830 307	CarParts
Бензонасос электр. погружной (элемент) ЗМЗ 405, 406, 409  (аналаг BOSCH 0 580 453 465)      (113819)  (371651)	CarParts
Бензонасос электр. погружной (элемент) ЗМЗ 405, 406, 409 ЕВРО 3   HPI 8.6  A2C53102291SC	CarParts
Бензонасос электр. погружной (элемент) ЗМЗ 405, 406, 409 ЕВРО 3 "под клемму" (моторчик, трубка, фильтр)	CarParts
Бензонасос электр. погружной (элемент) ЗМЗ 405, 406, 409 ЕВРО 3 "под пайку" (моторчик, трубка, фильтр)	CarParts
Бензонасос электр. погружной (элемент) ЗМЗ 405, 406, 409 ЕВРО 3 ( 0 580 454 001)    (SFP 0501)	CarParts
Бензонасос электр. погружной (элемент) ЗМЗ 405, 406, 409 ЕВРО 3 ( 0 580 454 001)    FP 454-001	CarParts
Бензонасос электр. погружной (элемент) ЗМЗ 405, 406, 409 ЕВРО 3 ( 0 580 454 001)   EFP35007 O7	CarParts
Бензонасос электр. погружной (элемент) ЗМЗ 405, 406, 409 ЕВРО 3 ( 0 580 454 001)   HF 830 304	CarParts
Бензонасос электр. погружной (элемент) ЗМЗ 405, 406, 409, ВАЗ  (0 580 453 453)   ОРИГИНАЛ	CarParts
Бензонасос электр. погружной (элемент) ЗМЗ 405, 406, 409, ВАЗ (62.1139)     ( 0 580 454 035)	CarParts
Бензонасос электр. погружной (элемент) ЗМЗ 405, 406, 409, ВАЗ ( 0 580 453 453)	CarParts
Бензонасос электр. погружной (элемент) ЗМЗ 405, 406, 409, ВАЗ ( 0 580 453 453)  FP 453-453	CarParts
Бензонасос электр. погружной (элемент) ЗМЗ 405, 406, 409, ВАЗ ( 0 580 453 453)  HF 830 301	CarParts
Бензонасос электр. погружной (элемент) ЗМЗ 405, 406, 409, ВАЗ ( 0 580 454 035)   ОРИГИНАЛ	CarParts
Бензонасос электр. погружной (элемент) УАЗ 3163 " Патриот"  ЕВРО 3   ( 0 580 454 138)   ОРИГИНАЛ	CarParts
Блок контрольных ламп  УАЗ 31514                               (43.3803)	CarParts
Блок контрольных ламп  УАЗ 31514, 315195 " Хантер"   (3803010-УП-04)	CarParts
Блок педалей 452  дв.ЗМЗ 4091 в сб.	CarParts
Блок педалей 469 в сб.	CarParts
Блок педалей ГАЗ 2410, 3110 в сб.	CarParts
Блок педалей ГАЗ 3302 в сб.	CarParts
Блок педалей ГАЗ 3307 в сб.	CarParts
Блок переключателей стеклопод./зеркал  ГАЗель Бизнес, УАЗ 3163 " Патриот" н/обр.   (354.3769)	CarParts
Блок переключателей стеклоподъемника ГАЗ 31105  (2007 г.в.)	CarParts
Блок переключателей стеклоподъемников  ГАЗель Бизнес, NEXT  (355.3769)	CarParts
Блок переключателей УАЗ 236021 Профи 4*2 	CarParts
Блок переключателей УАЗ 3163 "Патриот"  (рестайлинг 2017 г.) комплектация " Стандарт"	CarParts
Блок предохр. "Валдай" ЕВРО 3     (БПР-4.08)  (30А-40А-60А-90А)	CarParts
Блок предохр. "Валдай", "Штайер"     (БПР-4)      	CarParts
Блок предохр. ГАЗ 3102, 3110, 3302, 3307 большой	CarParts
Блок предохр. ГАЗ 3102, 3110, ВАЗ 2101-2106  малый (ПР-120)	CarParts
Блок предохр. ГАЗ 3110, 31105, 3302 (вставка)   БПР41-3722   (02000003)	CarParts
Блок предохр. ГАЗ 3110, УАЗ 315195 " Хантер"      (41.3722-01)	CarParts
Блок предохр. ГАЗ 3302         (30А-60А)	CarParts
Блок предохр. ГАЗ 3302         (БПР-2М1)   (60А-90А)	CarParts
Блок предохр. ГАЗ 3302  "Бизнес", NEXT      (БПР-2М5)  (60А-90А)	CarParts
Блок предохр. ГАЗ 3302  н/обр.       (БПР-13)	CarParts
Блок предохр. ГАЗ 3308, 3309 ЕВРО-3   (БПР-4.07)     (2х30А - 2х60А)	CarParts
Блок предохр. ГАЗ 33081, 3309, 33096  (БПР-13.07)     	CarParts
Блок предохр. ГАЗ 33106, 33096, Газель Cummins     (БПР-4.10)	CarParts
Блок предохр. ГАЗ, УАЗ, ПАЗ  (40-60А)     (БПР-2М)	CarParts
Блок предохр. ГАЗель Бизнес Cummins   (БПР-2М8) Ф5.3722.001ТУ	CarParts
Блок предохр. ГАЗон NEXT      (БПР-4.14)  (30А -40А -90А -125 А)	CarParts
Блок предохр. ЛАЗ силовой   (60-60А)	CarParts
Блок предохр. УАЗ 31519 " Хантер"        (БПР-4.01)   (40А-40А-90А-90А)	CarParts
Блок предохр. УАЗ 315195 " Хантер"                   (БПР-13.02)	CarParts
Блок предохр. УАЗ 315195 " Хантер"  силовой     (БПР-2МЗ)  (40А-90А)	CarParts
Блок предохр. УАЗ 3163 " Патриот" монтажный    (431.3722М)	CarParts
Блок предохр. УАЗ в сборе                                        (ПР-103)	CarParts
Блок предохранителей и реле ВАЗ 2114   (36.3722-18)	CarParts
Блок предохранителей и реле ВАЗ 2123   (394.3722М)	CarParts
Блок промежуточного рычага стоян. тормоза УАЗ 3163 "Патриот" (с 08.2013 г.)	CarParts
Блок регулир. скорости вентилятора отопителя ГАЗель Бизнес	CarParts
Блок регулировки отопителя УАЗ 3163 "Патриот" (отопитель Sanden)	CarParts
Блок упр. замками дверей ГАЗель NEXT	CarParts
Блок упр. обогрева сидений УАЗ 3163 " Патриот", ВАЗ 2110-2112, 2123    (17.3763)	CarParts
Блок упр. режимами РК DYMOS УАЗ 3163 "Патриот" ( с 2015 г.)  (без обогр.пер.сидений)   (56.3769-10)	CarParts
Блок упр. режимами РК DYMOS УАЗ 3163 "Патриот" ( с 2017 г.)  (с обогр.руля, сидений, парковка)    (56.3769-20)	CarParts
Блок упр. режимами РК DYMOS УАЗ 3163 "Патриот" ( с 2018 г.)  (с обогр.руля, сидений)    (56.3769-240) 	CarParts
Блок упр. центр. замком дверей ГАЗель NEXT, ГАЗон NEXT	CarParts
Блок упр. центр. замком дверей УАЗ 3163 " Патриот"	CarParts
Блок упр. электр. ГАЗ 3110 дв. 406 (Микас 7.1) ДМРВ ст/обр.	CarParts
Блок упр. электр. ГАЗ 3110 дв. 406 (Микас 7.1) под малый ДМРВ	CarParts
Блок упр. электр. ГАЗ 3110 дв. 40621 (Микас 7.1) ЕВРО-2	CarParts
Блок упр. электр. ГАЗ 31105 дв. Chrysler (с отечеств. жгутом)	CarParts
Блок упр. электр. ГАЗ 3302 дв. 40522 ( Микас 7.1 241.3763-63) ЕВРО-0	CarParts
Блок упр. электр. ГАЗ 3302 дв. 40522 ( Микас 7.1 241.3763-64) ЕВРО-2	CarParts
Блок упр. электр. ГАЗ 3302 дв. 40522 (Микас 11) ЕВРО-2 огр. скор.130 км/ч. под L-зонд DELPHI	CarParts
Блок упр. электр. ГАЗ 3302 дв. 40522 (Микас 7.1) ЕВРО-2 ДМРВ н/обр. под L-зонд Siemens	CarParts
Блок упр. электр. ГАЗ 3302 дв. 40522 (Микас 7.1) под ДМРВ н/обр.	CarParts
Блок упр. электр. ГАЗ 3302 дв. 40524 (Микас 11) ЕВРО-3	CarParts
Блок упр. электр. ГАЗ 3302 дв. 4063 ( Микас 7.1 243.3763-01) ЕВРО-0	CarParts
Блок упр. электр. ГАЗ 3302 дв. УМЗ 4216 (Микас 10.3) ЕВРО-3	CarParts
Блок упр. электр. ГАЗ 3302 дв. УМЗ 42161 (Микас 10.3) ЕВРО-3 (борт) "Мика-Мотор" г.Димитровград	CarParts
Блок упр. электр. ГАЗ 3302 дв. УМЗ 421647 (Микас 12) ЕВРО-4  ГБО	CarParts
Блок упр. электр. ГАЗ 3302 дв. УМЗ 421647 (Микас 12) ЕВРО-4  ГБО  (НПП "ИТЭЛМА")	CarParts
Блок упр. электр. ГАЗ 3302 дв. УМЗ 42167 (Микас 10.3) ЕВРО-3 (борт)  ГБО "Мика-Мотор" г.Димитровград	CarParts
Блок упр. электр. ГАЗ 33027 4*4 дв. 40524 (Микас 11) ЕВРО-3	CarParts
Блок упр. электр. ГАЗ 33027 4*4 дв. УМЗ 4216 (Микас 10.3) ЕВРО-4  "Мика-Мотор" г.Димитровград	CarParts
Блок упр. электр. ГАЗ 33027 4*4 дв. УМЗ 42164 (Микас 12.3) ЕВРО-3 огр. скор. 130 км/ч.	CarParts
Блок упр. электр. ГАЗ 33027, 2217, 2705, 2752, 2310 (4*4) дв. A274 "EvoTech 2.7" (Микас 12) ЕВРО-4  ГБО  (НПП "ИТЭЛМА")	CarParts
Блок упр. электр. ГАЗель Бизнес 4*4 дв. УМЗ 4216 (Микас 10.3) ЕВРО-3 	CarParts
Блок упр. электр. ГАЗель Бизнес 4*4 дв. УМЗ 4216 (Микас 10.3) ЕВРО-3 огр. скор.60 км/ч.	CarParts
Блок упр. электр. ГАЗель Бизнес дв. УМЗ 4216 (Микас 10.3) ЕВРО-3	CarParts
Блок упр. электр. ГАЗель Бизнес дв. УМЗ 4216 (Микас 10.3) ЕВРО-3 "Мика-Мотор" г.Димитровград	CarParts
Блок упр. электр. ГАЗель Бизнес дв. УМЗ 4216 (Микас 12.3)  ЕВРО-3,4 "Мика-Мотор" г.Димитровград	CarParts
Блок упр. электр. ГАЗель Бизнес дв. УМЗ 42164 (Микас 12.3)  ЕВРО-4	CarParts
Блок упр. электр. ГАЗель Бизнес дв. УМЗ 42164 (Микас 12.3)  ЕВРО-4 ТУ 4571-017-25371983 "Мика-Мотор" г.Димитровград	CarParts
Блок упр. электр. ГАЗель Бизнес дв. УМЗ 42164 (Микас 12.3)  ЕВРО-4 ТУ 4571-017-25371983-201 "Мика-Мотор" г.Димитровград	CarParts
Блок упр. электр. ПАЗ 3205 (Микас 12.48)	CarParts
Блок упр. электр. ПАЗ 3205 дв. ЗМЗ 5245 (Микас 12.48) ЕВРО-5	CarParts
Блок упр. электр. УАЗ 315148 дв. ЗМЗ 514 (БУСД-3.1)	CarParts
Блок упр. электр. УАЗ 315195 " Хантер"  (0 261 S04 796) ЕВРО-4  дв. ЗМЗ 40905	CarParts
Блок упр. электр. УАЗ 315195 " Хантер"  (0 261 S09 539) ЕВРО-4  дв. ЗМЗ 40905	CarParts
Блок упр. электр. УАЗ 315195, 3163 (Микас 7.2 293.3763-01) ЕВРО-0  дв. ЗМЗ 409.10	CarParts
Блок упр. электр. УАЗ 315195, 3163 (Микас 7.2 293.3763-03) ЕВРО-0  дв. ЗМЗ 409.10	CarParts
Блок упр. электр. УАЗ 315195, 3163 (Микас 7.2 293.3763-04) ЕВРО-2  дв. ЗМЗ 409.10  (АВТЭЛ, ЭЛКАР)	CarParts
Блок упр. электр. УАЗ 315195, 3163 (Микас 7.2 293.3763-34) ЕВРО-2  дв. ЗМЗ 409.10	CarParts
Блок упр. электр. УАЗ 3163  (0 281 018 675) с дв.ЗМЗ 51432 ЕВРО-4 (с 05.2012)	CarParts
Блок упр. электр. УАЗ 3163 (0 261 S 11 523)  дв. ЗМЗ 40905, 40906  ЕВРО-4, 5 (с 2014г.)	CarParts
Блок упр. электр. УАЗ 3163 (0 261 S 21 309)  дв. ЗМЗ 409051, 409061 ЕВРО-5 (с 10. 2018 г.)    	CarParts
Блок упр. электр. УАЗ 3163 (Микас 11 821.3763001-01) ЕВРО-2 с кондиц.	CarParts
Блок упр. электр. УАЗ 3163 (Микас 11 822.3763001-01) ЕВРО-2  дв. ЗМЗ 409 иммобил., без кондиц.	CarParts
Блок упр. электр. УАЗ 3163 (Микас 7.2 293.3763-06) ЕВРО-2  дв. ЗМЗ 409.10	CarParts
Блок упр. электр. УАЗ 3163 дв. IVECO (0 281 014 911) ЕВРО-3	CarParts
Блок упр. электр. УАЗ 3163 с дв.ЗМЗ 40905  (0 261 S 07 321)  ЕВРО-4 (с 05.2012 г.)	CarParts
Блок упр. электр. УАЗ 3163 с дв.ЗМЗ 40905  (0 261 S 09 538)  ЕВРО-4 (с 2014 г.)	CarParts
Блок упр. электр. УАЗ 3163, 315195 (0 261 S04 050) ЕВРО-3	CarParts
Блок упр. электр. УАЗ 452  (0 261 S06 585)   ЕВРО-4  дв. ЗМЗ 4091	CarParts
Блок упр. электр. УАЗ 452  (0 261 S07 322)   ЕВРО-4  дв. ЗМЗ 4091	CarParts
Блок упр. электр. УАЗ 452  (0 261 S08 681)   ЕВРО-4  дв. ЗМЗ 4091, с ГУР	CarParts
Блок упр. электр. УАЗ 452  (0 261 S09 086)   ЕВРО-5   дв. ЗМЗ 40911 (с 2017 г.)	CarParts
Блок упр. электр. УАЗ 452  (Микас 11 824.3763-05) ЕВРО-2  дв. ЗМЗ 4091	CarParts
Блок упр. электр. УАЗ 452 (Микас 10.3  575.3763) ЕВРО-3  дв. УМЗ 4213 	CarParts
Блок упр. электр. УАЗ 452 (Микас 11 825.3763001-01) ЕВРО-3  дв. ЗМЗ 4091	CarParts
Блок упр. электр. УАЗ 452 (Микас 7.2 291.3763-11) ЕВРО-2  дв. УМЗ 4213 	CarParts
Блок упр. электр. УАЗ 452, 315196, 3163  (0 261 S04 795) ЕВРО-3  дв. ЗМЗ 4091	CarParts
Блок упр. электропакетом УАЗ 3163 " Патриот" (компл. Comfort, Limited)   до 2015 г.в	CarParts
Блок упр. электропакетом УАЗ 3163 " Патриот" 2013-2016 г.в.	CarParts
Блок упр. электропакетом УАЗ 3163 " Патриот" с 11.2016 г.в.	CarParts
Блок управления двери водителя УАЗ 3163 "Патриот" с 05.12 (управление эл/стеклоподъем. и эл/зеркалами)   	CarParts
Блок управления корректором фар  ГАЗ 31105 	CarParts
Блок управления отопителем (зад. сидений) УАЗ 3163 " Патриот"   (57.3769)	CarParts
Блок управления отопителем ГАЗ 31105 с 2005 г.в. (старый салон, два выхода)	CarParts
Блок управления отопителем ГАЗ 3302 , Валдай   (с доп. отопителем)  (г.Арзамас)	CarParts
Блок управления отопителем ГАЗель Бизнес   (Автокомпонент ЗАО)	CarParts
Блок управления отопителем ГАЗель борт, фургон. Валдай  (Автокомпонент ЗАО)	CarParts
Блок управления РК УАЗ 3163 " Патриот"    	CarParts
Блок усиления лебедки  redBTR (полипласт) 8 т.   902080	CarParts
Блок цилиндров ГАЗ 33106 " Валдай" дв.Cummins ISF 3,8	CarParts
Блок цилиндров ГАЗ 51, 52  	CarParts
Блок цилиндров ГАЗель Бизнес, NEXT дв.Cummins ISF 2,8	CarParts
Блок цилиндров ЗМЗ 405, 4052, 40522, 40521 к-т ремонтный "Шорт-блок" (с кривошипно-шатунной и поршневой группами)    (927028)	CarParts
Блок цилиндров ЗМЗ 409, 40904, 40905. 40906, 40911 к-т ремонтный "Шорт-блок" (с кривошипно-шатунной и поршневой группами)    (926929)	CarParts
Блок цилиндров ЗМЗ 409051, 409052 УАЗ Профи  к-т ремонтный "Шорт-блок" (с кривошипно-шатунной и поршневой группами)  	CarParts
Блок цилиндров ЗМЗ 514 Евро-3 (с трубкой указателя уровня масла)	CarParts
Блок цилиндров с картером ЗМЗ 4104 УАЗ	CarParts
Блок цилиндров с картером ЗМЗ 511   ГАЗ 53	CarParts
Блок цилиндров с картером ЗМЗ 513   ГАЗ 66	CarParts
Блок цилиндров с картером ЗМЗ 5234 ПАЗ 3205	CarParts
Блок цилиндров с картером УАЗ  90 л/с. (под набивку) УМЗ 417	CarParts
Блок цилиндров с картером УАЗ  90 л/с. (под сальник) УМЗ 417	CarParts
Блок цилиндров с картером УАЗ  90 л/с. (под сальник) УМЗ 417 (установочный к-т)	CarParts
Блок цилиндров с картером УАЗ 100 л/с  УМЗ 421  карбюратор с поршнями к-т	CarParts
Блок цилиндров с картером УАЗ 100 л/с  УМЗ 421 с селективными поршнями в сб.	CarParts
Блок цилиндров с картером УАЗ 100 л/с  УМЗ 4213  впрыск	CarParts
Блок цилиндров с картером УМЗ 4216 ГАЗ 3302  ЕВРО 3 	CarParts
Блок цилиндров с картером УМЗ 4216 ГАЗ 3302  ЕВРО 3 с селективными поршнями в сб.	CarParts
Блок цилиндров с картером УМЗ 4216 ГАЗель Бизнес  с ГБО 	CarParts
Блок цилиндров с крышками ЗМЗ 40522, 40524, 409, 40904, 4091, 40911  (913886)	CarParts
Блок цилиндров с крышками ЗМЗ 40525, 4092	CarParts
Блок цилиндров с крышками ЗМЗ 40525, 4092 	CarParts
Блок цилиндров с крышками ЗМЗ 406 ГАЗ 3110, 3302	CarParts
Блок шестерен з/хода ГАЗ 3307, 66  	CarParts
Блок шестерен з/хода ГАЗ 3307, 66     (SRK52-1701080-20)	CarParts
Блок шестерен з/хода ГАЗ 53 в сб.	CarParts
Блок шестерен з/хода УАЗ ст/обр.	CarParts
Блок шестерен з/хода УАЗ ст/обр. 	CarParts
Блок шестерен з/хода УАЗ ст/обр. G-PART	CarParts
Блок шестерен КПП 2-3 пер. промеж. вала ГАЗ 33081, 3309 	CarParts
Блок шестерен КПП ГАЗ 53 (под гайку)	CarParts
Блок шестерен КПП ГАЗ 53 (под стопор)	CarParts
Блок шестерен КПП ГАЗ 53 (под стопор)  G-PART	CarParts
Блок шестерен промеж. вала КПП УАЗ 469 н/обр.	CarParts
Блокиратор вилок переключения передач КПП УАЗ (5-и ступ. АДС, BAIC)	CarParts
Боковина  переднего бампера ГАЗель NEXT  прав.	CarParts
Боковина  переднего бампера ГАЗель NEXT лев.	CarParts
Боковина  переднего бампера ГАЗель NEXTпод ПТФ  прав.	CarParts
Боковина  переднего бампера ГАЗель NEXTпод ПТФ лев.	CarParts
Боковина (проем двери) ГАЗель NEXT лев.	CarParts
Боковина (уголок) бампера ГАЗ 33104 "Валдай"  прав.	CarParts
Боковина (уголок) бампера ГАЗ 33104 "Валдай" лев.	CarParts
Боковина бруса противоподкатного ГАЗ 3302   (Автокомпонент ЗАО)	CarParts
Боковина бруса противоподкатного ГАЗ 3310, ГАЗель Бизнес, NEXT (заглушка)	CarParts
Боковина ГАЗ 3102, 31029 в сб.  прав.	CarParts
Боковина грузового отсека УАЗ 2363 " Патриот Пикап " лев.	CarParts
Боковина заднего бампера ГАЗ 2217  прав.	CarParts
Боковина заднего бампера ГАЗ 2217  прав. (графит)	CarParts
Боковина заднего бампера ГАЗ 2217 лев.	CarParts
Боковина заднего бампера ГАЗ 2217 лев. (графит)	CarParts
Боковина заднего бампера ГАЗ 24  прав.	CarParts
Боковина заднего бампера ГАЗ 24 лев.	CarParts
Боковина заднего бампера ГАЗ 2705  прав.	CarParts
Боковина заднего бампера ГАЗ 2705 лев.	CarParts
Боковина заднего бампера ГАЗ 2705 серый к-т	CarParts
Боковина заднего бампера ГАЗ 2705 черный к-т	CarParts
Боковина заднего бампера ГАЗель NEXT ЦМФ  прав.	CarParts
Боковина заднего бампера ГАЗель NEXT ЦМФ лев.	CarParts
Боковина заднего бампера ГАЗель Бизнес "графит" к-т	CarParts
Боковина капота двигателя УАЗ 452   прав.	CarParts
Боковина капота двигателя УАЗ 452  лев.	CarParts
Боковина капота левая  УАЗ 452  под ЗМЗ 4091	CarParts
Боковина кузова УАЗ 2363 " Патриот Пикап " (с 2016 г.) лев.	CarParts
Боковина кузова УАЗ 3163 " Патриот"  прав. (до 2014 г.)	CarParts
Боковина наружняя ГАЗ 3302 "Фермер"  прав.	CarParts
Боковина наружняя ГАЗ 3302 "Фермер" лев.	CarParts
Боковое ограждение (порог) УАЗ 3162 " Симбир", 3163 " Патриот" в сб.  прав.	CarParts
Боковое ограждение (порог) УАЗ 3162 " Симбир", 3163 " Патриот" в сб. лев.	CarParts
Боковое ограждение (порог) УАЗ 3162 " Симбир", 3163 " Патриот" не в сб.  прав.	CarParts
Боковое ограждение (порог) УАЗ 3162 " Симбир", 3163 " Патриот" не в сб. лев.	CarParts
Болт  соединительный муфты колесного цилиндра УАЗ	CarParts
Болт M 8x1,25x25	CarParts
Болт M 8x1,25x27 Бампер	CarParts
Болт M 8x1,25x85 Картер КПП	CarParts
Болт M 8x1.25x20  Корзины сцепления	CarParts
Болт M10x1.25x115 Бампер 2108	CarParts
Болт M10x1.25x18 Петель двери	CarParts
Болт M10x1.25x23 Маховика 2101	CarParts
Болт M10x1.25x25 Суппорта со сф. головкой	CarParts
Болт M10x1.25x25 Шаровой ВАЗ 2108 под кл."звездочка"	CarParts
Болт M10x1.25x42 п/оси левой	CarParts
Болт M10x1.25x50 амортизатора ВАЗ 2101-07,2121 перед., кронштейна 2108	CarParts
Болт M10x1.25x70 Кронштейна ВАЗ 2108	CarParts
Болт M12x1.25x160 Короткий р/штанги 2121	CarParts
Болт M12x1.25x38 Колесный передний 2121	CarParts
Болт M12x1.25x41 колесный задний 2121	CarParts
Болт агрегата УАЗ 3160                                          (М10х45х1,25)	CarParts
Болт балки ВАЗ 2101 развальный                 (М12х81х1,25)	CarParts
Болт балки ВАЗ 2101 развальный в сб.        (М12х81х1,25)	CarParts
Болт балки ГАЗ 2217, 2752                               (М14х35х1,5)	CarParts
Болт балки ГАЗ 24-3110                                  (М14х135х1,5)	CarParts
Болт балочный ВАЗ 2108                                (М12х91х1,25)	CarParts
Болт башмака натяжителя цепи ЗМЗ 406 в сб с удлинит.	CarParts
Болт бугеля распред. вала ЗМЗ 406                        (М8х45)	CarParts
Болт буксир. устройства ГАЗ 3302                  (М14х30х1,5)	CarParts
Болт вентилятора ГАЗ 3307, бензонасоса дв. УМЗ (М8х40) (201464)	CarParts
Болт верхего рычага подвески ГАЗ 31105         (М10х70х1)	CarParts
Болт верхего рычага подвески ГАЗель NEXT с регулировочной шайбой 	CarParts
Болт вилок КПП ВАЗ 2101                                         (М6х20)	CarParts
Болт водяного насоса ЗМЗ 402, 406                        (М6х45)	CarParts
Болт втулки подогревателя дв. Cummins ISF 2,8	CarParts
Болт ГАЗон NEXT цинк.                                       (М10х45х1,5) ( шт.)	CarParts
Болт ГБЦ ВАЗ 2101-2107 ст/обр.                        (М12х120х1,25) ( шт.)	CarParts
Болт ГБЦ ВАЗ 2101-2107, 21213 н/обр.              (М12х115х1,25)	CarParts
Болт ГБЦ ВАЗ 2101-21213                                       (М8х45х1,25)	CarParts
Болт ГБЦ ВАЗ 2108 н/обр.                                   (М12х135х1,25)	CarParts
Болт ГБЦ ВАЗ 2108 ст/обр.                              (М12х133,5х1,25) ( шт.)	CarParts
Болт ГБЦ ВАЗ 2112 (16-ти клап.)                           (М10х98х1,25) ( шт.)	CarParts
Болт ГБЦ ВАЗ 2112 (16-ти клап.) н/обр. под звёздочку (М10х98х1,25)	CarParts
Болт ГБЦ    (М12х1,75х126)	CarParts
Болт ГБЦ    (М12х1,75х143)	CarParts
Болт ГБЦ    (М12х1,75х188,5)	CarParts
Болт ГБЦ ЗМЗ 406 (М14х1,5х103) ( шт.)	CarParts
Болт ГБЦ ЗМЗ 40624  ЕВРО-3	CarParts
Болт ГБЦ 	CarParts
Болт главной пары ГАЗ 2217, 3302                     (М10х22х1)	CarParts
Болт главной пары ГАЗ 24-31105            (М10х26х1) ( шт.)	CarParts
Болт главной пары ГАЗ 24-31105  с гайкой          (М10х26х1) 	CarParts
Болт главной пары ГАЗ 53                              (М12х38х1,25)	CarParts
Болт главной пары ГАЗ 66, 3308                    (М12х47х1,25)	CarParts
Болт главной пары УАЗ и крепл. суппорта ГАЗ 3302 (3302-3501141) (М12х22х1,25) ( шт.)	CarParts
Болт гребенки сиденья ВАЗ 2101-07	CarParts
Болт датчика положения дв. Cummins ISF 2,8  (М6*1,00*16)	CarParts
Болт датчика положения дв. Cummins ISF 2,8  (М6*1,00*16) с торц. головкой	CarParts
Болт двери 2108 бесшумный	CarParts
Болт демпфера к/вала УАЗ                                      (М8x22)	CarParts
Болт дифференциала  зад. моста              (М14х75х1,5)	CarParts
Болт дифференциала УАЗ                                     (М10х55х1,5) ( шт.)	CarParts
Болт дифференциала УАЗ                                   (М10х60х1,5) ( шт.)	CarParts
Болт заднего торм. цилиндра ГАЗ 53                    (М10х16)	CarParts
Болт задней крышки дв. ЗМЗ 406                            (М6х25)	CarParts
Болт зажима форсунки дв. Cummins ISF 2,8  (М10*1,50*100)	CarParts
Болт звёзд. пром/вала ЗМЗ 406                              (М8х60) ( шт.)	CarParts
Болт звездочки распред. вала дв. Cummins ISF 2,8 	CarParts
Болт карданный  (голый) ВАЗ 2101                  (М8х26х1,25)	CarParts
Болт карданный  (голый) ГАЗ 24, УАЗ           (М10х25х1-6д) ( шт)	CarParts
Болт карданный  (голый) ГАЗ 24, УАЗ           (М10х30х1-6д)	CarParts
Болт карданный  (голый) ГАЗ 53 (длинный)   (М12х38х1,25) ( шт)	CarParts
Болт карданный  (голый) ГАЗ 53 (короткий)  (М12х32х1,25) ( шт)	CarParts
Болт карданный  (голый) 4331 фланцевый  (М16х45х1,5) 	CarParts
Болт карданный  (голый)  с фланцем  (М14х40х1,5) 	CarParts
Болт карданный  (под ШРУС) ГАЗель, Соболь Бизнес       (М6х0,75х45)  "короткий болт"	CarParts
Болт карданный, гайка ВАЗ 2101                    (М8х26х1,25) ( шт.)	CarParts
Болт карданный, гайка, гровер ГАЗ 24, УАЗ (М10х25х1-6д) (к-т 4шт.) 	CarParts
Болт карданный, гайка, гровер ГАЗ 24, УАЗ (М10х30х1-6д) (к-т 4шт.) 	CarParts
Болт карданный, гайка, гровер ГАЗ 24, УАЗ (М10х30х1-6д) ( шт.)	CarParts
Болт карданный, гайка, гровер ГАЗ 33104 "Валдай"  (к-т 4 шт.)       	CarParts
Болт карданный, гайка, гровер ГАЗ 53          (М12х32х1,25) (к-т 4 шт.) "короткий болт"	CarParts
Болт карданный, гайка, гровер ГАЗ 53          (М12х32х1,25) (к-т 8 шт.)	CarParts
Болт карданный, гайка, гровер ГАЗ 53          (М12х32х1,25) ( шт.) "короткий болт"	CarParts
Болт карданный, гайка, гровер ГАЗ 53          (М12х38х1,25) (к-т 4 шт.) "длинный болт"	CarParts
Болт карданный, гайка, гровер ГАЗ 53          (М12х38х1,25) ( шт.) "длинный болт"	CarParts
Болт карданный, гайка, гровер                (М14х40х1,5) (к-т 4 шт.)	CarParts
Болт карданный, гайка, гровер                (М14х40х1,5) ( шт.)	CarParts
Болт карданный, гайка, гровер            (М16х42х1,5) (к-т 4 шт.)	CarParts
Болт карданный, гайка, гровер            (М16х42х1,5) ( шт.)	CarParts
Болт карданный, гайка, гровер  5320 (М14х40х1,5) (к-т 4 шт.)	CarParts
Болт карданный, гайка, гровер  65115 (М12х40х1,25) ( шт.)	CarParts
Болт карданный, гайка, гровер  65115 (М14х55х1,5) ( шт.)	CarParts
Болт карданный, гайка, гровер  с фланцем (М14х40х1,5) ( шт.)	CarParts
Болт карданный, гайка, гровер                 (М10х41х1) ( шт.)	CarParts
Болт карданный, гайка, гровер УРАЛ              (М10х34х1) ( шт.)	CarParts
Болт картера маховика дв. Cummins 2,8	CarParts
Болт картера моста УАЗ (бортового редуктора), кронштейна амортизатора ГАЗ 3302 (М10х25х1,5)	CarParts
Болт картера моста УАЗ (длинный)                    (М10х35х1)	CarParts
Болт картера моста УАЗ (длинный) в сб. с гайкой                    (М10х35х1)	CarParts
Болт картера РК УАЗ                                                 (М8х38)	CarParts
Болт картера сцепления ЗМЗ 405, 406  (коротк.) (М10х85) ( шт)	CarParts
Болт картера сцепления ЗМЗ 405, 406 (длинн.)    (М10х95)	CarParts
Болт колеса ВАЗ 2101-2107   с секретом  (ОАО АвтоНормаль г.Белебей)	CarParts
Болт колеса ВАЗ 2101-2107 (М12х27х1,25) ( шт.)	CarParts
Болт колеса ВАЗ 2108-2115 (М12х23х1,25) ( шт.)	CarParts
Болт колеса ГАЗ 3110   М12х1,25х28	CarParts
Болт колеса ГАЗ 3110 (секретки) (4 болта, 2 головки) к-т	CarParts
Болт колеса ГАЗ 3110 ( шт.)	CarParts
Болт колеса ГАЗ 3110-31105 (под литой диск)  М12х1,25х35	CarParts
Болт колеса ГАЗ 31105 (3110 литой диск)	CarParts
Болт колеса  (костыль) в сб. с гайкой (М20х2)	CarParts
Болт колеса удлинённый с юбкой для Иномарок (М12х30,5х1,5)	CarParts
Болт коллектора (длинный) (Cummins ISF3/8 ISBe185.210.350.285.300-30)M10x1.5 L=98	CarParts
Болт коллектора (короткий)(Cummins ISF3.8 ISBe185.210.350.285.300-30) M12x1.5 L=40	CarParts
Болт коробки саталитов дифференциала з/м ГАЗ 53 (М12х87)	CarParts
Болт коромысла дв. Cummins ISF 2,8, 3,8	CarParts
Болт КПП УАЗ (5-и ступ. АДС, BAIC) первичного вала	CarParts
Болт КПП УАЗ (5-и ступ. АДС, BAIC) стопора заднего хода	CarParts
Болт КПП УАЗ 452 (5-и ступ. АДС, BAIC) крепл. механизма переключения	CarParts
Болт КПП УАЗ 452 (5-и ступ. АДС, BAIC) фиксации вала включения передач	CarParts
Болт крепл. "краба" ВАЗ 2108 длинный             (М10х70х1,25)	CarParts
Болт крепл. амортизаторов ВАЗ 2101-2107 задн. (М12х140х1,25) ( шт.)	CarParts
Болт крепл. амортизаторов ВАЗ 2101-2107 задн. в сб.(М12х140х1,25)	CarParts
Болт крепл. амортизаторов ВАЗ 2101-2107 перед. (М10х50х1,25) ( шт)	CarParts
Болт крепл. амортизаторов ВАЗ 2108 задн. "конус" (М12х80х1,25) ( шт.)	CarParts
Болт крепл. амортизаторов УАЗ 31519          (М12х70х1,25) ( шт)	CarParts
Болт крепл. амортизаторов УАЗ 31519 в сб. (М12х70х1,25) ( шт.)	CarParts
Болт крепл. балки ГАЗ 24-3110                           (М10х55х1) ( шт.)	CarParts
Болт крепл. бензонасоса для карбюр. дв. ЗМЗ      (М8х35х1,25) ( шт.)	CarParts
Болт крепл. выпуск. коллектора      (М10х70х1,25)	CarParts
Болт крепл. выпускного коллектора ГАЗель Бизнес, NEXT дв.Cummins ISF 2,8  (53,5 мм)	CarParts
Болт крепл. ГБЦ ГАЗ 33106 " Валдай"  дв.Cummins ISF 3,8	CarParts
Болт крепл. ГБЦ ГАЗель Бизнес, NEXT дв.Cummins ISF 2,8	CarParts
Болт крепл. ГБЦ дв. Chrysler	CarParts
Болт крепл. ГБЦ ПАЗ,  дв. Cummins 4ISBe ЕВРО-3,4	CarParts
Болт крепл. генератора ЗМЗ 405, 406                   (М8х100)	CarParts
Болт крепл. главного торм. цил.  УАЗ                  (М10х80) ( шт.)	CarParts
Болт крепл. главного торм. цил. ГАЗ 3307         (М12х45х1,75) ( шт) (291557-П)	CarParts
Болт крепл. замка зажигания ГАЗ, ВАЗ (отрывной)    (М6)	CarParts
Болт крепл. замка зажигания УАЗ 3163 " Патриот"(отрывной)    (М6)	CarParts
Болт крепл. запас. колеса ГАЗ 3302	CarParts
Болт крепл. запас. колеса УАЗ с шайбой к-т (М14х70х1,5)	CarParts
Болт крепл. катушки зажиг. дв. ЗМЗ 406                 (М8х85х1,25) ( шт.)	CarParts
Болт крепл. коллектора ГАЗ 33106 " Валдай"  дв.Cummins ISF 3,8  (М10х1,5х65)	CarParts
Болт крепл. корзины сцепления ВАЗ 2108     (М8х19х1,25)	CarParts
Болт крепл. корзины сцепления                   (М10х32)	CarParts
Болт крепл. корзины сцепления ЗМЗ 402               (М8х30) ( шт)	CarParts
Болт крепл. корзины сцепления                (М10х30х1,25)	CarParts
Болт крепл. КПП ВАЗ 2108                                  (М12х130х1,25)	CarParts
Болт крепл. кроншт. зад. фонаря  УАЗ 3303           (М8х75)	CarParts
Болт крепл. крышки зад. сальника дв. Сummins ISF 2,8	CarParts
Болт крепл. крышки клапанов ЗМЗ 40524 ЕВРО    (М6х56)	CarParts
Болт крепл. крышки клапанов ЗМЗ 40524 ЕВРО-3 (М6х39) ( шт.)	CarParts
Болт крепл. крышки клапанов ЗМЗ 406                  (М8х60)	CarParts
Болт крепл. крышки клапанов           (М8х100х1,25)	CarParts
Болт крепл. нижнего рычага ГАЗ 31105         (М14х85х1,5)	CarParts
Болт крепл. п/оси ГАЗ 24 - 31105                  (М12х45х1,25)	CarParts
Болт крепл. п/оси ГАЗ 3302                           (М12х25х1,25)	CarParts
Болт крепл. п/оси УАЗ  н/обр. (безгроверный)     (М10х25) ( шт)	CarParts
Болт крепл. п/оси УАЗ с гровером                         (М10х28)	CarParts
Болт крепл. подшип. передней ступици ГАЗель NEXT (М10х40х1,5) ( шт)	CarParts
Болт крепл. подшип. пром. вала КПП УАЗ ст/обр.	CarParts
Болт крепл. поперечены КПП (траверсы) ГАЗ 24 - 31105 (М10х22х1,5) ( шт)	CarParts
Болт крепл. распред. зажигания ГАЗ, УАЗ             (М6х16)	CarParts
Болт крепл. ремня безопасности ГАЗ 3302           (М10х20)	CarParts
Болт крепл. рулевого механизма ГАЗ 3302           (М12х35)	CarParts
Болт крепл. сидельного устройства      (М14х35х1,5)	CarParts
Болт крепл. суппорта ВАЗ 2101-2107 с ограничителем (М10х25х1,25)	CarParts
Болт крепл. суппорта ВАЗ 2108                            (М12х30х1,25)	CarParts
Болт крепл. суппорта ВАЗ 2108 звёздочка         (М12х30х1,25)	CarParts
Болт крепл. суппорта ГАЗ 3110-31105                   (М12х32)	CarParts
Болт крепл. суппорта ГАЗ 3310 "Валдай"       (М16х40х1,5) ( шт)	CarParts
Болт крепл. суппорта УАЗ 315195, 3163       (М14х1,5х55)	CarParts
Болт крепл. т/сцепного устройства      (М14х32х1,5)	CarParts
Болт крепл. тормозного барабана ВАЗ 2121 (М8х20х1,25)	CarParts
Болт крепл. третей опоры (траверсы) ГАЗ 24 - 31105 (М10х28х1,5) ( шт.)	CarParts
Болт крепл. чашки стойки ВАЗ 2108                 (М8х21х1,25)	CarParts
Болт крепл. чашки стойки ВАЗ 2110                 (М8х25х1,25)	CarParts
Болт крепл. шкива вентилятора ГАЗ 33106 " Валдай"  дв.Cummins ISF 3,8  (М10х1,5х25)	CarParts
Болт крепл. шкива к/вала ВАЗ 2101               (М12х30х1,25) ( шт)	CarParts
Болт крепл. шкива к/вала ВАЗ 2108               (М12х30х1,25) ( шт)	CarParts
Болт крепл. шкива к/вала ВАЗ 2110               (М12х35х1,25) ( шт)	CarParts
Болт кронштейна амортизатора УАЗ 3160     (М12х45х1,25)	CarParts
Болт кронштейна генератора ЗМЗ 406                      (М8х30) ( шт)	CarParts
Болт кронштейна генератора ЗМЗ 406                    (М10х35) ( шт)	CarParts
Болт кронштейна креп. рул. механизма ГАЗЕль, Валдай   (М18х35х1,5)	CarParts
Болт кронштейна перед. опоры дв. ЗМЗ 406        (М10х40-6)	CarParts
Болт кронштейна промеж. опоры кардана   (М14х30х2)	CarParts
Болт кронштейна пружины передней подвески ВАЗ 2121 (конус) (М12х110х1,25) ( шт)	CarParts
Болт кронштейна рессоры ГАЗ 3302                      (М10х40)	CarParts
Болт кронштейна рессоры ГАЗ 3302 ( заклёпок) (М11х40х1) ( шт)	CarParts
Болт кронштейна рессоры ГАЗ 3309, 4301, крышки КПП ГАЗ 53             (М10х65х1,5) ( шт.)	CarParts
Болт крышки к/вала коренной                     (М14х75х2)	CarParts
Болт крышки к/вала коренной ЗМЗ 40524 ЕВРО-3 (М12х72х1,25) 	CarParts
Болт крышки к/вала коренной ЗМЗ 406       (М12х70х1,25) (4593180132) ( шт.)	CarParts
Болт крышки к/вала коренной 	CarParts
Болт крышки к/вала коренной  задн. (больш.) (М12х100х1,25)	CarParts
Болт крышки к/вала коренной  задн. (малый) (М12х75х1,25)	CarParts
Болт крышки коренного подшип. дв. Cummins ISF 2,8, 3,8	CarParts
Болт крышки КПП УАЗ и поддона ЗМЗ 406            (М8x25) ( шт)	CarParts
Болт крышки кроншт. рессор ГАЗ 3307, 53, 66, ПАЗ (М12х50)	CarParts
Болт крышки подшипника дифференциала УАЗ (М12х65х1,75) ( шт.)	CarParts
Болт крышки распред. шестерен ЗМЗ 402          (М8х70х1) ( шт)	CarParts
Болт крышки распред. шестерен ЗМЗ 402          (М8х85х1)	CarParts
Болт крышки распред. шестерен УАЗ                     (М8х65х1,25) ( шт.)	CarParts
Болт крышки цепи ЗМЗ 406  (малый)                  (М8х30х1,25-6g) ( шт.)	CarParts
Болт крышки цепи ЗМЗ 406  (средний)               (М8х55-6g) ( шт.)	CarParts
Болт крышки цепи ЗМЗ 406 (длинный)                (М8х65-6g) ( шт.)	CarParts
Болт крышки шатуна ГАЗель Бизнес, NEXT дв.Cummins ISF 2,8	CarParts
Болт лонжерона ВАЗ 2101-2107 (квадрат)           (М12х35х1,25)	CarParts
Болт масл. насоса ГАЗ 3309, 4301                         (М10х75) ( шт)	CarParts
Болт масл. насоса ЗМЗ 406                                    (М10х30)	CarParts
Болт маховика ВАЗ 2101-2107, 2121                   (М10х23,5х1,25)	CarParts
Болт маховика ГАЗ, УАЗ                                      (М11х33х1) ( шт.)	CarParts
Болт маховика ГАЗ, УАЗ с гайкой                      (М11х33х1)	CarParts
Болт маховика ГАЗель Бизнес (самоблокир.)    (М10х28х1,5) (БелЗАН)	CarParts
Болт маховика ЗМЗ 406 (самоблокир.)               (М10х41х1,25)	CarParts
Болт маховика                                           (М16х88х1,5) (7406-1005127)	CarParts
Болт маховика  с фланцем "звёздочка" (М14х64х1,5) (740-1005127)	CarParts
Болт маховика  с фланцем ст/обр. (ключ 19 ) (М14х64х1,5) 	CarParts
Болт маховика УМЗ 421, ГАЗель Бизнес          (М10х28х1,25) (291524П-29-01)	CarParts
Болт многоцелевой                                                    (М6х10)	CarParts
Болт многоцелевой                                                    (М6х20)	CarParts
Болт многоцелевой                                                    (М8х12) ( шт)	CarParts
Болт многоцелевой                                                    (М8х16х1)	CarParts
Болт многоцелевой                                                    (М8х18)	CarParts
Болт многоцелевой                                                    (М8х35х1)	CarParts
Болт многоцелевой                                                    (М8х45)	CarParts
Болт многоцелевой                                                    (М8х70х1,25)	CarParts
Болт многоцелевой                                                  (М10х20х1)	CarParts
Болт многоцелевой                                                  (М12х60)	CarParts
Болт многоцелевой с гровером                               (М5х10) регул. тормозов	CarParts
Болт многоцелевой с гровером                               (М6х10) крепл.радиатора ВАЗ 2108-2115 	CarParts
Болт многоцелевой с гровером                        (М8х14х1,25) кронш. рег.давления ВАЗ 	CarParts
Болт многоцелевой с гровером                        (М8х16х1,25) рег.давления ВАЗ 	CarParts
Болт многоцелевой с гровером                        (М8х20х1,25) корзины сцепл. ВАЗ 2101	CarParts
Болт многоцелевой с гровером                        (М8х25х1,25) клапана рецеркуляции ВАЗ 2121	CarParts
Болт многоцелевой с гровером                        (М8х45х1,25) крепл. стартера ВАЗ 	CarParts
Болт многоцелевой с зубчатым буртом                   (М5х10) задн. двери ВАЗ	CarParts
Болт многоцелевой с зубчатым буртом                   (М6х10) 	CarParts
Болт многоцелевой с зубчатым буртом                   (М6х12) 	CarParts
Болт многоцелевой с зубчатым буртом                   (М6х16) 	CarParts
Болт многоцелевой с зубчатым буртом                   (М6х25) 	CarParts
Болт многоцелевой с зубчатым буртом           (М8х20х1,25) корзины сцепл. ВАЗ 2101	CarParts
Болт многоцелевой с зубчатым буртом           (М8х36,5х1,25) крепл. рулевой колонки ВАЗ 2123	CarParts
Болт многоцелевой с фланцем                                 (М6х16)	CarParts
Болт многоцелевой с фланцем                                 (М6х20)	CarParts
Болт многоцелевой с фланцем                                 (М6х25)	CarParts
Болт многоцелевой с фланцем                                 (М6х30)	CarParts
Болт многоцелевой с фланцем                                 (М8х25) ( шт)	CarParts
Болт многоцелевой с фланцем                                 (М8х30)	CarParts
Болт многоцелевой с фланцем                                 (М8х35х1,25)	CarParts
Болт натяжного ролика ЗМЗ 406                              (М6х95) ( шт.)	CarParts
Болт нижнего рычага ГАЗ 24	CarParts
Болт нижнего рычага ГАЗ 24 ремонтный ( шт.)	CarParts
Болт нижнего рычага ГАЗ 31105                     (М18х 95х1,5) ( шт.)	CarParts
Болт номера декоративный большой к-т (4 шт.) (02000017)	CarParts
Болт обоймы стабилизатора ГАЗ 2410, 3110      (М8х25х1)	CarParts
Болт опоры генератора ЗМЗ 406                        (М10х32х1) ( шт.)	CarParts
Болт опоры стаб. ВАЗ 2108                               (М10х75х1,25) ( шт)	CarParts
Болт оси верхнего рычага ВАЗ 2121 (конус)   (М12х70х1,25) ( шт)	CarParts
Болт оси верхнего рычага ГАЗ 31105              (М16х70х1,5)	CarParts
Болт оси з/хода КПП УАЗ 3163 (Dymos) S1140510401	CarParts
Болт пальца направл. суппорта ВАЗ 2108      (М8х22х1,25)	CarParts
Болт пальца направл. суппорта ГАЗ 3110, 3302     (М8х20)	CarParts
Болт пальца рессоры  перед.              (М14х80х1,5)	CarParts
Болт педали тормоза Волга, ГАЗель, Валдай в сб.	CarParts
Болт передней крышки (масл.насоса)  дв.Cummins ISF 2,8	CarParts
Болт петли двери ГАЗ 24-31105                           (М10х18х1)	CarParts
Болт платформы ГАЗ 52-3309, 66                             (М8х55х1,25) (0 шт)	CarParts
Болт поворотного кулака ГАЗ 3302 (малый)         (М10х28)	CarParts
Болт поворотного кулака УАЗ                            (М10х16х1)	CarParts
Болт подвески ГАЗель Next (М6*12-8.8-А3L)	CarParts
Болт поддона ВАЗ                                                     (М6х16)	CarParts
Болт подушки двигателя ГАЗ 24, 3302                   (М12х25)	CarParts
Болт подушки двигателя ГАЗ 24, 3302                   (М12х30)	CarParts
Болт приёмной трубы ГАЗ 3302 (омедн.)            (М10х50х1)	CarParts
Болт промежут. шестерни ГРМ дв. Cummins ISF 2,8	CarParts
Болт развал-схождения ГАЗ 24                           (М10х55х1)	CarParts
Болт развал-схождения ГАЗ 31105                     (М10х70х1) ( шт.)	CarParts
Болт раздатки УАЗ                                                  (М12х40х1,75) ( шт)	CarParts
Болт распредвала ВАЗ 2112                                  (М6х36х1) ( шт)	CarParts
Болт распредвала ЗМЗ 406                            (М12х50х1,25)	CarParts
Болт реактивной штанги ВАЗ 2101 (длинный) (М12х150х1,25) ( шт)	CarParts
Болт реактивной штанги ВАЗ 2101 (короткий) (М12х70х1,25) ( шт)	CarParts
Болт реактивной штанги ВАЗ 2121 (длинный) (М12х160х1,25) ( шт)	CarParts
Болт реактивной штанги ВАЗ 2121 (короткий) (М12х80х1,25) ( шт)	CarParts
Болт регул. коромысел Cummins ISF 2.8 (с гайкой в сб.)	CarParts
Болт регул. коромысел Cummins ISF 2.8 (с держателем и гайкой в сб.)	CarParts
Болт регул. коромысел ГАЗ, УАЗ голый  	CarParts
Болт регул. коромысел ГАЗ, УАЗ с гайкой (07890) ( шт.)	CarParts
Болт регул. коромысел ГАЗ, УАЗ с гайкой (завод) (07891) ( шт.)	CarParts
Болт регул. коромысел ГАЗ, УАЗ с гайкой  	CarParts
Болт регул. коромысел УМЗ 4213, 4216 с гайкой (к-т 8 шт.)	CarParts
Болт регул. коромысел УМЗ 4213, 4216 с гайкой ( шт.)	CarParts
Болт регул. лапки сцепления УАЗ                        (М8х15х1,25)	CarParts
Болт редуктора заднего моста         (М14х140х1,5)	CarParts
Болт рычага развода торм. колодок ГАЗ 24-31105	CarParts
Болт с фланцем и шестигранной головкой дв.Cummins  (М10*1,50*80)	CarParts
Болт с фланцем и шестигранной головкой дв.Cummins ISF 2,8  (М8*1,25*30)	CarParts
Болт сайлентбл попереч.штанги УАЗ 315195, 3163   (М16х85х1,5) ( шт)	CarParts
Болт сайлентбл прод.штанги УАЗ 315195, 3163   (М16х90х1,5) (4593181197)	CarParts
Болт сайлентбл рессоры ГАЗ 31105      (М12х108х1,25)	CarParts
Болт серьги рессоры ГАЗ 3302  (голый)                       (М16х120х1,5-6д)	CarParts
Болт серьги рессоры ГАЗ 3302  в сб. (гайка, гровер) (М16х120х1,5-6д)	CarParts
Болт серьги рессоры ГАЗ 3302  в сб. (гайка, гровер+2 шайбы) (М16х120х1,5-6д)	CarParts
Болт стартера ЗМЗ 406                                         (М10х110) ( шт.)	CarParts
Болт стартера ЗМЗ 511, 513, 523                  (М12х140х1,75) ( шт.)	CarParts
Болт стойки ВАЗ 2108 развальный                      (М12х60х1,25) 	CarParts
Болт стойки ВАЗ 2108 развальный  в сб.            (М12х60х1,25) 	CarParts
Болт стойки ВАЗ 2108,                              (М12х55х1,25) 	CarParts
Болт ступицы задн. колеса ГАЗ 2705             (М12х22х1,25)	CarParts
Болт ступицы перед. колеса ГАЗель NEXT    (М16х100) ( шт)	CarParts
Болт стяжной колен/вала ЗМЗ 405, 406, 409 (М24х26,5х2)	CarParts
Болт стяжной колен/вала ЗМЗ 405, 406, 409 н/обр. (с шайбой)	CarParts
Болт стяжной колен/вала  6520             (М16х70х2)	CarParts
Болт стяжной хомута шарнира КПП ВАЗ 2110-2172 (М8х37х1,25)	CarParts
Болт стяжной хомутика	CarParts
Болт толкателя педали сцепл. ГАЗ 24 со втулк. в сб.	CarParts
Болт толкателя педали сцепл. ГАЗ 24 со втулк. в сб. 	CarParts
Болт топл. насоса дв. Cummins ISF 2,8	CarParts
Болт топливопроводов ЗМЗ 406                               (М6х35) ( шт.)	CarParts
Болт торм. бараб. ступицы                   (М16х50х1,5)	CarParts
Болт торм. бараб. ступицы  в сб.         (М16х50х1,5)	CarParts
Болт турбокомпрессора дв. Cummins 2,8	CarParts
Болт турбокомпрессора                   (М12х170х1,25)	CarParts
Болт усилителя картера сцепления ЗМЗ 406        (М10х55х1,5) ( шт.)	CarParts
Болт усилителя картера сцепления ЗМЗ 406, 409     (М10х100х1,5)	CarParts
Болт успокоителя цепи ВАЗ 2101-2017, 2121       (М6х35х1) ( шт)	CarParts
Болт успокоителя цепи ЗМЗ 406, 514  (короткий)   (М8х25)	CarParts
Болт успокоителя цепи ЗМЗ 406, 514 (длинный)     (М8х48х1,25) ( шт.)	CarParts
Болт ушка перед. рессоры                    (М16х80х1,5)	CarParts
Болт форсунки охл. поршня дв. Сummins ISF 2,8	CarParts
Болт хомута рессор ГАЗ 3302, 3307, 53, ПАЗ          (М8х90)	CarParts
Болт хомута рулевых тяг ВАЗ 2101                  (М8х35х1,25)	CarParts
Болт хомута рулевых тяг ГАЗ 3302                       (М8х32х1)	CarParts
Болт хомута рулевых тяг                        (М12х85х1,75)	CarParts
Болт центральный рессоры ГАЗ 24-31105         (М10х48х1) ( шт.)	CarParts
Болт центральный рессоры ГАЗ 2705 задн. (М12х62х1,25) ( шт)	CarParts
Болт центральный рессоры ГАЗ 3302           (М12х35х1,25)	CarParts
Болт центральный рессоры ГАЗ 3302           (М12х95х1,25) ( шт.)	CarParts
Болт центральный рессоры ГАЗ 3302           (М14х100х1,5)	CarParts
Болт центральный рессоры ГАЗ 3302 (2х-лист.)  перед. (М14х50х1,5)	CarParts
Болт центральный рессоры ГАЗ 3302 (2х-лист.) задн. (М14х80х1,5)	CarParts
Болт центральный рессоры ГАЗ 3302 задн. (М12х80х1,25)	CarParts
Болт центральный рессоры ГАЗ 3310 "Валдай" задн. (М14х150х1,5)	CarParts
Болт центральный рессоры ГАЗ 3310 "Валдай" перед. (М14х60х1,5) ( шт.)	CarParts
Болт центральный рессоры ГАЗ 53 задн.   (М12х165х1,25)	CarParts
Болт центральный рессоры  перед. (М14х130х1,5)	CarParts
Болт центральный рессоры ПАЗ                 (М12х140х1,25) ( шт.)	CarParts
Болт центральный рессоры УАЗ 452                   (М8х98х1)	CarParts
Болт центральный рессоры УАЗ 469 с гайкой     (М10х60х1,5) ( шт.)	CarParts
Болт чашки нижнего рычага ГАЗ 24    (М10х42х1) ( шт.)	CarParts
Болт шаровой опоры ВАЗ 2101                        (М8х25х1,25)	CarParts
Болт шаровой опоры ВАЗ 2101 в сб.               (М8х25х1,25) ( шт.)	CarParts
Болт шаровой опоры ВАЗ 2121                        (М8х40х1,25)	CarParts
Болт шаровой опоры ГАЗель NEXT               (М10х25х1,25) ( шт)	CarParts
Болт шатуна ВАЗ 2101                                            (М9х56х1) ( шт)	CarParts
Болт шатуна ВАЗ 2110                                            (М9х56х1) ( шт)	CarParts
Болт шатуна ВАЗ 21213                                          (М9х56х1) ( шт)	CarParts
Болт шатуна ГАЗ 24, 53, УАЗ                                    (М10х1)	CarParts
Болт шатуна ГАЗ 24, 53, УАЗ с гайкой                     (М10х1)	CarParts
Болт шатуна дв. Chrysler	CarParts
Болт шатуна ЗМЗ 405, 406, 409                                 (М10х1) ( шт.)	CarParts
Болт шатуна ЗМЗ 405, 406, 409 с гайкой                 (М10х1)	CarParts
Болт шатуна  н/обр. с гайкой               	CarParts
Болт шестерни р/вала УМЗ 417, 421             (М12х30х1,25) ( шт)	CarParts
Болт шкива демпфера  дв. Cummins ISF 2,8	CarParts
Болт шкива помпы отражателя ЗМЗ 406                 (М8х20) (0 шт)	CarParts
Болт эксцентрик регул. стояночн. тормоза ГАЗ 24-31105, 3302	CarParts
Болт эластичной муфты ВАЗ 2101-2107, 2121     (М12х75х1,25)	CarParts
Болт-шплинт вилок крышки КПП УАЗ (винт стопорный)	CarParts
Болт-штуцер М10 перед. торм. шланга ВАЗ 2101-21213	CarParts
Болт-штуцер М10 перед. торм. шланга ГАЗ 3110, 3302	CarParts
Болт-штуцер М12 крепл. муфты торм. трубок к цилиндру	CarParts
Болт-штуцер шланга ГУРа ГАЗ 2217, 3110                 (М14)	CarParts
Болт-штуцер шланга ГУРа ГАЗ 2217, 3110                 (М16)	CarParts
Болт-штуцер шланга ГУРа ГАЗ 2217, 3110 всасывающий	CarParts
Болт-штуцер шланга ГУРа ГАЗ 2217, 3302     (к-т полный)	CarParts
Болт-штуцер шланга ГУРа ГАЗ 3110-31105    (к-т полный) (03241)	CarParts
Болт-штуцер шланга ГУРа УАЗ 31519 нагнетательного	CarParts
Болт-штуцер шланга ГУРа УАЗ 31519, 3163 сливного (большой)	CarParts
Борт задний ГАЗ 3302 н/обр.	CarParts
Борт задний УАЗ 315120 в сб.  под тент	CarParts
Борт задний УАЗ 31514 в сб.  под крышу	CarParts
Борт задний УАЗ 3303, 33036, 39094  метал.	CarParts
Борт УАЗ 2363 "Патриот Pickup " кузова задний	CarParts
Бортовой компьютер УАЗ 3163 " Патриот" (Престиж U12) на панель вып. до 06.2012 г.ст/обр. (голосовое оповещение)	CarParts
Брызговик (фартук боковины) ГАЗ 2705 перед.  прав. (ЯРТИ)	CarParts
Брызговик (фартук боковины) ГАЗ 2705 перед. лев.  	CarParts
Брызговик (фартук боковины) ГАЗ 3310 "Валдай" перед. лев.	CarParts
Брызговик (фартук боковины) ГАЗ 3310 "Валдай" перед. прав.	CarParts
Брызговик бампера перед. ГАЗ 3307  прав.	CarParts
Брызговик бампера перед. ГАЗ 3307 лев.	CarParts
Брызговик двигат. перед. ГАЗ 31029  прав.	CarParts
Брызговик двигат. перед. ГАЗ 31029 лев.	CarParts
Брызговик двигат. перед. ГАЗ 3110  прав.	CarParts
Брызговик двигат. перед. ГАЗ 31105  прав.	CarParts
Брызговик двигат. перед. ГАЗ 3302 н/обр.  перед. прав. "рестайлинг"	CarParts
Брызговик двигат. перед. УАЗ 3163 " Патриот"  прав.	CarParts
Брызговик двигат. перед. УАЗ 3163 " Патриот" лев.	CarParts
Брызговик двигат. перед. УАЗ 469  прав.	CarParts
Брызговик двигат. перед. УАЗ 469 лев.	CarParts
Брызговик двигателя ГАЗ 3110 (защита)	CarParts
Брызговик двигателя ГАЗ 31105 (защита) с шумоизоляцией	CarParts
Брызговик двигателя ГАЗ 3302 (защита) с 2010 г.	CarParts
Брызговик двигателя ГАЗ 3302, 2217, 2705 УМЗ ЕВРО 3 (защита) 	CarParts
Брызговик двигателя ГАЗель NEXT (защита)	CarParts
Брызговик двигателя ГАЗон NEXT 	CarParts
Брызговик двигателя УАЗ 31519 " Хантер" (защита) передний	CarParts
Брызговик двигателя УАЗ 3163 " Патриот" (защита)  перед.  (с 2008 г)	CarParts
Брызговик двигателя УАЗ 452 (защита) лев.	CarParts
Брызговик двигателя УАЗ 452 (защита) перед. поворотный	CarParts
Брызговик двигателя УАЗ 452 (защита) передний	CarParts
Брызговик двигателя УАЗ 452 дв.УМЗ 4213 (защита) передний	CarParts
Брызговик двигателя УАЗ 469 (защита)  перед.	CarParts
Брызговик двигателя УАЗ 469 (защита) лев.	CarParts
Брызговик заднего колеса ГАЗ 3302 н/обр.	CarParts
Брызговик моторного отсека ГАЗ 3302  прав.	CarParts
Брызговик моторного отсека ГАЗ 3302 н/обр.  прав.	CarParts
Брызговик облиц. радиатора ГАЗ 3302 н/обр.	CarParts
Брызговик облиц. радиатора ГАЗ 3310 "Валдай"	CarParts
Брызговик передний  правый ГАЗ 3302 пустой	CarParts
Брызговик резина ГАЗ 2705  передний (к-т 2 шт.)	CarParts
Брызговик резина ГАЗ 2705 задний (к-т 2 шт.) (23 см.)	CarParts
Брызговик резина ГАЗ 2705 задний (к-т 2 шт.) (23 см.) "резинопластик" (олень)	CarParts
Брызговик резина ГАЗ 31029 задн. (к-т 2 шт.)	CarParts
Брызговик резина ГАЗ 31029 задн. (к-т 2 шт.) (185*220 мм) с кроншт. в сб.	CarParts
Брызговик резина ГАЗ 31029, 3110, 31105 перед. (к-т 2 шт.)	CarParts
Брызговик резина ГАЗ 3110 задн. (к-т 2 шт.) с кроншт. в сб.	CarParts
Брызговик резина ГАЗ 3110, 2217 задний (к-т 2 шт.)	CarParts
Брызговик резина ГАЗ 3302 задний (23 см.) борт. узкий	CarParts
Брызговик резина ГАЗ 3302 задний (23 см.) борт. узкий (к-т 2 шт.) "резинопластик"	CarParts
Брызговик резина ГАЗ 3302 задний (32 см) удлинн. фургон/борт (к-т 2 шт.) "резинопластик"	CarParts
Брызговик резина ГАЗ 3302 задний (36 см) удлинн. фургон/борт	CarParts
Брызговик резина ГАЗ 3302 задний (36 см) удлинн. фургон/борт (к-т 2 шт.) "резинопластик"	CarParts
Брызговик резина ГАЗ 3302 задний (44 см) удлинн. фургон/борт	CarParts
Брызговик резина ГАЗ 3302 задний (44 см) удлинн. фургон/борт (Завод)	CarParts
Брызговик резина ГАЗ 3302 задний (44 см) удлинн. фургон/борт (к-т 2 шт.) "резинопластик"	CarParts
Брызговик резина ГАЗ 3308, 3310 "Валдай", ГАЗон NEXT задн.	CarParts
Брызговик резина ГАЗ 3308, 3310 "Валдай", ГАЗон NEXT задн. (430*490) 	CarParts
Брызговик резина ГАЗ 53, 66, 3307 задн.	CarParts
Брызговик резина ГАЗель NEXT задний (27 см.) (к-т 2 шт.) 	CarParts
Брызговик резина ГАЗель NEXT перед. (к-т 2 шт.) 	CarParts
Брызговик резина ГАЗон NEXT перед. (290*470) 	CarParts
Брызговик резина ГАЗон NEXT перед. (290*470) (к-т 2 шт.) 	CarParts
Брызговик резина ПАЗ 3205	CarParts
Брызговик резина УАЗ "Хантер" задний правый (без кронштейна)	CarParts
Брызговик резина УАЗ 31622 " Симбир", 3163 " Патриот"  зад. лев.  ст/обр.	CarParts
Брызговик резина УАЗ 3163 " Патриот"  перед., зад.  прав.  н/обр.	CarParts
Брызговик резина УАЗ 3163 " Патриот"  перед., зад. лев.  н/обр.	CarParts
Брызговик резина УАЗ 3163 " Патриот"  перед., зад. н/обр. (к-т 2 шт.)	CarParts
Брызговик резина УАЗ 3163 " Патриот"  перед., зад. н/обр. (к-т 2 шт.) (ТЭП)	CarParts
Брызговик резина УАЗ 3303 кузова с кроншт. в сб.  передний	CarParts
Брызговик резина УАЗ 3303 кузова с кроншт. в сб. задний	CarParts
Брызговик резина УАЗ 452 задн.	CarParts
Брызговик резина УАЗ 469 задн. (к-т 2 шт.)	CarParts
Брызговик резина УАЗ 469 задн. (к-т 2 шт.) (ТЭП)	CarParts
Брызговик резина УАЗ 469 с кроншт. в сб. перед. прав.	CarParts
Брызговик резина УАЗ 469 с кроншт. в сб. перед.лев.	CarParts
Брызговик резина УАЗ 469, 31512, 31519 "Хантер" перед. (к-т 2 шт.) (ТЭП)	CarParts
Брызговик резина УАЗ 469, 452  передн.	CarParts
Брызговик резина УАЗ 469, 452  передн. (к-т 2 шт.) (ТЭП)	CarParts
Брызговик резина УАЗ Профи   передний (к-т  2 шт.)	CarParts
Брызговик резина УАЗ Профи  задний (к-т. 2 шт.)	CarParts
Брызговики универсальные для минивенов, джипов  черные (к-т 2 шт.) с крепл.         AMF-02	CarParts
Брызговики универсальные легковые черные (к-т 2 шт.) с крепл.         AMF-01	CarParts
Буфер (отбойник)  передн. рессоры ГАЗ 53, 3307, ПАЗ  (64-5640)	CarParts
Буфер (отбойник)  передн. рессоры ГАЗ 53, 66, ПАЗ дополнит.	CarParts
Буфер (отбойник)  передн. рессоры  Полиэдр	CarParts
Буфер (отбойник)  передн. рессоры 5301 Полиэдр	CarParts
Буфер (отбойник) задней рессоры ГАЗ 24	CarParts
Буфер (отбойник) задней рессоры ГАЗ 3302, 53, 3307, 3310 "Валдай"	CarParts
Буфер (отбойник) задней рессоры ПАЗ 3205	CarParts
Буфер (отбойник) фургона ГАЗ, УАЗ (универсальный) большой	CarParts
Буфер (отбойник) фургона ГАЗ, УАЗ (универсальный) уголок	CarParts
Буфер (отбойник) фургона ГАЗ, УАЗ, ЗИЛ,  (универсальный) (300*50*55, 3-и точки крепления)	CarParts
Буфер капота и крышки багажника ГАЗ 31029, 2705, 3302	CarParts
Буфер капота УАЗ 469	CarParts
Буфер открывания боковой двери ГАЗ 2705, 2217	CarParts
Буфер передней подвески ГАЗель NEXT (отбойник амортизатора) (пенополиуретан)	CarParts
Буфер передней подвески УАЗ 31519, 3160, 3163	CarParts
Буфер передней рессоры ГАЗ 3302, 3310 "Валдай", и ГАЗ 2217 задней	CarParts
Буфер передней рессоры ГАЗ 3302, 3310 "Валдай", и ГАЗ 2217 задней пенополиуретан	CarParts
Буфер подвески (верх. рычага) ГАЗ 31029 в сб.	CarParts
Буфер рессоры  зад.	CarParts
Буфер рессоры УАЗ 23621, 23622  Профи	CarParts
Буфер рессоры УАЗ 452 перед.  (круглый)	CarParts
Буфер рессоры УАЗ 469 перед.	CarParts
Буфер рессоры УАЗ 469 перед. (Завод)	CarParts
Буфер рессоры УАЗ задней	CarParts
Буфер рессоры УАЗ задней (Завод)	CarParts
Буферок облицовочной панели 	CarParts
Быстрый старт двигателя FELIX 335 мл. аэрозоль	CarParts
Вакуумный корректор расп-ля ГАЗ 24  конт.        (Р-119.3706.600-20)	CarParts
Вакуумный корректор расп-ля ГАЗ 24 б/конт.       (19.3706.600-01)	CarParts
Вакуумный корректор расп-ля ГАЗ 24 б/конт.      ( 19.3706)       VR37603 O7	CarParts
Вакуумный корректор расп-ля ГАЗ 53 б/конт.           (24.3706)	CarParts
Вакуумный корректор расп-ля ГАЗ 53 б/конт.           ( 24.3706)      VR37604 O7	CarParts
Вал  первичный КПП ГАЗ 31029, 31105 (26 зуб.)  голый 	CarParts
Вал  первичный КПП ГАЗ 31029, 31105 (26 зуб.) в сб. 	CarParts
Вал  первичный КПП ГАЗ 3302, 2217 (25 зуб.)  голый 	CarParts
Вал  первичный КПП ГАЗ 3302, 2217 (25 зуб.)  голый  G-PART	CarParts
Вал  первичный КПП ГАЗ 3302, 2217 (25 зуб.) в сб. 	CarParts
Вал  первичный КПП ГАЗ 3307, 3308 5-ти ступ. с крышкой в сб.	CarParts
Вал  первичный КПП ГАЗ 33081, 3309 Валдай Д-245 голый 	CarParts
Вал  первичный КПП ГАЗ 33081, 3309, Валдай Д-245 с крышкой в сб.	CarParts
Вал  первичный КПП ГАЗ 33096 , Валдай  дв. Cummins голый 	CarParts
Вал  первичный КПП ГАЗ 33096 Валдай Cummins с крышкой в сб.	CarParts
Вал  первичный КПП ГАЗ 53  голый 	CarParts
Вал  первичный КПП ГАЗ 53 в сб. 	CarParts
Вал  первичный КПП ГАЗель NEXT	CarParts
Вал  первичный КПП ГАЗель NEXT в сб. с синхрон.	CarParts
Вал  первичный КПП ГАЗель NEXT дв. Cummins голый	CarParts
Вал  первичный КПП ГАЗель Бизнес дв. Cummins в сб. с синхрон.	CarParts
Вал  первичный КПП ГАЗель Бизнес дв. Cummins голый	CarParts
Вал  первичный КПП ЗИЛ	CarParts
Вал  первичный КПП УАЗ  3163 "Патриот" , 31519 "Хантер" 5-и ступ. в сб.  (Dymos)   43220T00650	CarParts
Вал  первичный КПП УАЗ  5-и ступ.  (АДС) голый	CarParts
Вал  первичный КПП УАЗ  5-и ступ.  (АДС) голый    (05-0142)	CarParts
Вал  первичный КПП УАЗ  5-и ступ.  (АДС, BAIC)  в сб. 	CarParts
Вал  первичный КПП УАЗ н/обр. 	CarParts
Вал  первичный КПП УАЗ н/обр. (под лепестк. корз.)	CarParts
Вал  первичный КПП УАЗ н/обр. в сб. (под лепестк. корз.)	CarParts
Вал  первичный КПП УАЗ н/обр. в сб. (под лепестк. корз.)  (Стандарт)	CarParts
Вал  первичный КПП УАЗ н/обр. в сб. с синхрон.	CarParts
Вал  первичный КПП УАЗ н/обр. в сб. с синхрон.  (Стандарт)	CarParts
Вал  первичный КПП УАЗ ст/обр. 	CarParts
Вал  первичный КПП УАЗ ст/обр. (под резьбу)	CarParts
Вал  первичный КПП УАЗ ст/обр. (под резьбу) с синхрон.	CarParts
Вал  первичный КПП УАЗ ст/обр. (под стопор)	CarParts
Вал  первичный КПП УАЗ ст/обр. (под стопор) с синхрон.	CarParts
Вал ведомый колесного редуктора перед. моста УАЗ  прав.	CarParts
Вал ведомый колесного редуктора перед. моста УАЗ лев.	CarParts
Вал включения перед. моста РК УАЗ  голый	CarParts
Вал вторичный КПП ГАЗ 31029 в сб.	CarParts
Вал вторичный КПП ГАЗ 31029, 3302 голый 	CarParts
Вал вторичный КПП ГАЗ 31029, 3302 голый  G-PART	CarParts
Вал вторичный КПП ГАЗ 33081, 3309, 3310 Валдай голый	CarParts
Вал вторичный КПП ГАЗ 53  голый	CarParts
Вал вторичный КПП ГАЗ 53  голый 	CarParts
Вал вторичный КПП ГАЗ 53 в сб. 	CarParts
Вал вторичный КПП ГАЗ 53 в сб. 	CarParts
Вал вторичный КПП ГАЗель NEXT в сб.	CarParts
Вал вторичный КПП ГАЗель NEXT голый под шарик 	CarParts
Вал вторичный КПП ГАЗель NEXT голый с кольцом	CarParts
Вал вторичный КПП  голый	CarParts
Вал вторичный КПП УАЗ 4-х ступ. н/обр. голый 	CarParts
Вал вторичный КПП УАЗ 5-и ступ. (Dymos)  43231T03060	CarParts
Вал вторичный КПП УАЗ 5-и ступ. (АДС) голый	CarParts
Вал вторичный КПП УАЗ 5-и ступ. (АДС) голый  	CarParts
Вал вторичный КПП УАЗ 5-и ступ. (АДС) голый    (05-0143)	CarParts
Вал вторичный КПП УАЗ 5-и ступ. (АДС, BAIC) голый  	CarParts
Вал вторичный КПП УАЗ н/обр.  голый	CarParts
Вал вторичный КПП УАЗ н/обр.  голый   (Стандарт)	CarParts
Вал вторичный КПП УАЗ н/обр. в сб.	CarParts
Вал вторичный КПП УАЗ н/обр. в сб. (Стандарт)	CarParts
Вал вторичный КПП УАЗ ст/обр.	CarParts
Вал входной РК УАЗ 3163 "Патриот"  48211T00015	CarParts
Вал гибкий спидометра ГАЗ 24, 31029                           (ГВ-20-Д)	CarParts
Вал гибкий спидометра ГАЗ 3302                                     (ГВ-310)	CarParts
Вал гибкий спидометра ГАЗ 33027 полноприводная (ГВ-310-01)	CarParts
Вал гибкий спидометра ГАЗ 53                                        (ГВ-20-В)	CarParts
Вал гибкий спидометра ГАЗ 66                               (ГВ-300-Ж-01)	CarParts
Вал гибкий спидометра ГАЗ 66                               (ГВ-300-Ж-02)	CarParts
Вал гибкий спидометра                                  (ГВ-300-04)	CarParts
Вал гибкий спидометра 131                                 (ГВ-300-06)	CarParts
Вал гибкий спидометра 133, ТТ-М                      (ГВ-300-03)	CarParts
Вал гибкий спидометра 5301, 4331, 133Г4, УРАЛ   (ГВ-300-05)	CarParts
Вал гибкий спидометра  5320                  (ГВ-5320)	CarParts
Вал гибкий спидометра  250, 252, Т-150, Т-155, Т-157 (ГВ-20Г-01)	CarParts
Вал гибкий спидометра ПАЗ 3205                                 (ГВ-46-01)	CarParts
Вал гибкий спидометра ПАЗ 3206 полноприводной         (ГВ-300Е-01)	CarParts
Вал гибкий спидометра ПАЗ 672, КАВЗ 39768       (ГВ-300-К-01)	CarParts
Вал гибкий спидометра УАЗ 3160                                    (ГВ-313)	CarParts
Вал гибкий спидометра УАЗ 452                                 (ГВ-300-01)	CarParts
Вал гибкий спидометра УАЗ 452                                 (ГВ-300-01)        RD17353	CarParts
Вал гибкий спидометра УАЗ 469                                 (ГВ-300-02)	CarParts
Вал гибкий спидометра УАЗ 469                                 (ГВ-300-02)        RD17367	CarParts
Вал карданный ГАЗ 2217 н/обр.	CarParts
Вал карданный ГАЗ 2217, Соболь Бизнес   (круглый фланец,  ГАЗ)	CarParts
Вал карданный ГАЗ 2217, Соболь Бизнес  (квадратный фланец)	CarParts
Вал карданный ГАЗ 2217, Соболь Бизнес 4х4 заднего моста 	CarParts
Вал карданный ГАЗ 2217, Соболь Бизнес 4х4 заднего моста со ШРУС  (57-2200011-10)	CarParts
Вал карданный ГАЗ 2217, Соболь Бизнес 4х4 заднего моста со ШРУС Spicer Ayra Cardan SA, Испания	CarParts
Вал карданный ГАЗ 2217, Соболь Бизнес 4х4 переднего моста со ШРУС 	CarParts
Вал карданный ГАЗ 2217, Соболь Бизнес 4х4 переднего моста со ШРУС  (57-2200011-20)	CarParts
Вал карданный ГАЗ 2217, Соболь Бизнес 4х4 промежуточный со ШРУС Spicer Ayra Cardan SA, Испания	CarParts
Вал карданный ГАЗ 2217, Соболь Бизнес RS97135.06.02	CarParts
Вал карданный ГАЗ 2217, Соболь Бизнес Tiryakiler Oto-Makina Ticaret ve Sanayi A.S Izmir Турция	CarParts
Вал карданный ГАЗ 22177, Соболь Бизнес 4х4 задний L=816 мм	CarParts
Вал карданный ГАЗ 22177, Соболь Бизнес 4х4 задний Tiryakiler Oto-Makina Ticaret ve Sanayi A.S Izmir Турция	CarParts
Вал карданный ГАЗ 31029, 3110, 31105 с подв. опорой 	CarParts
Вал карданный ГАЗ 31029, 3110, 31105 с подв. опорой G-PART	CarParts
Вал карданный ГАЗ 3302 н/обр., Газель Бизнес  (круглый фланец,  ГАЗ)	CarParts
Вал карданный ГАЗ 3302 н/обр., Газель Бизнес  	CarParts
Вал карданный ГАЗ 33027 пол. приводн. передний, задний, 22177 перед. в сб.	CarParts
Вал карданный ГАЗ 33027 пол. приводн. передний, задний, 22177 перед. в сб.  (Эксперт) (крест. необслуж.)	CarParts
Вал карданный ГАЗ 33027 пол. приводн. передний, задний, 22177 перед. в сб. Tiryakiler Oto-Makina Ticaret ve Sanayi A.S Izmir Турция	CarParts
Вал карданный ГАЗ 33027 пол. приводн. передний, задний, 22177 перед. от РК к мосту в сб. (квадрат фланец) G-PART	CarParts
Вал карданный ГАЗ 33027 пол. приводн. передний, задний, 22177 перед. от РК к мосту в сб. (круглый фланец)	CarParts
Вал карданный ГАЗ 33027 пол. приводн. промежут.  (Эксперт) (крест. необслуж.)	CarParts
Вал карданный ГАЗ 33027 пол. приводн. промежут. в сб.	CarParts
Вал карданный ГАЗ 33027 пол. приводн. промежут. в сб. Tiryakiler Oto-Makina Ticaret ve Sanayi A.S Izmir Турция	CarParts
Вал карданный ГАЗ 33027, 2752 дв. 4216 Евро 4 пол. приводн. промежут. в сб. G-PART	CarParts
Вал карданный ГАЗ 3307	CarParts
Вал карданный ГАЗ 3307 КПП 4-х ступ.	CarParts
Вал карданный ГАЗ 3307 КПП 5-х ступ. (L-2485мм)	CarParts
Вал карданный ГАЗ 3308 перед./зад.	CarParts
Вал карданный ГАЗ 33081 полнопривод. промежуточный	CarParts
Вал карданный ГАЗ 3309  дв. ММЗ 245	CarParts
Вал карданный ГАЗ 33104 "Валдай"   1970 мм	CarParts
Вал карданный ГАЗ 33106 "Валдай" дв. Cummins (БЕЛКАРД)	CarParts
Вал карданный ГАЗ 33106 "Валдай" дв. ММЗ 245	CarParts
Вал карданный ГАЗ 33106 "Валдай" удлиненная база  Cummins ISF 3,8	CarParts
Вал карданный ГАЗ 53 	CarParts
Вал карданный ГАЗ 53 (консервация)	CarParts
Вал карданный ГАЗ 53 G-PART	CarParts
Вал карданный ГАЗ 66 (длинный) 	CarParts
Вал карданный ГАЗ 66 (длинный) G-PART	CarParts
Вал карданный ГАЗ 66 (длинный) перед./зад.	CarParts
Вал карданный ГАЗ 66 (короткий) 	CarParts
Вал карданный ГАЗ 66 (короткий) G-PART	CarParts
Вал карданный ГАЗ 66 (короткий) промежуточный	CarParts
Вал карданный Газель NEXT ( Tiryakiler Oto-Makina Ticaret ve Sanayi A.S Izmir Турция)	CarParts
Вал карданный Газель NEXT (удлиненная база) Tiryakiler Oto-Makina Ticaret ve Sanayi A.S Izmir Турция 	CarParts
Вал карданный Газель NEXT Tiryakiler Oto-Makina Ticaret ve Sanayi A.S Izmir Турция 	CarParts
Вал карданный ГАЗон NEXT дв.ЯМЗ-5344 Евро-4, ПАЗ Вектор NEXT (МКПП)	CarParts
Вал карданный МТЗ 1220, 1221, 1522, 2202  перед. (L=1045мм) (Стандарт) 	CarParts
Вал карданный МТЗ 82 перед.  (L=626 мм.)	CarParts
Вал карданный МТЗ 82 перед.  (L=626 мм.) "Эксперт"	CarParts
Вал карданный ПАЗ 3206 промежуточный	CarParts
Вал карданный ПАЗ 672, ПАЗ 3205 (мост "КААЗ")    2900мм	CarParts
Вал карданный ПАЗ Вектор Next 	CarParts
Вал карданный рул. упр. ГАЗ 2217 Соболь Бизнес в сб. L=700мм (ZF)	CarParts
Вал карданный рул. упр. ГАЗ 3302 в сб.	CarParts
Вал карданный рул. упр. ГАЗ 3302 в сб. (Лидер)	CarParts
Вал карданный рул. упр. ГАЗ 3302 в сб.(шлицевой)	CarParts
Вал карданный рул. упр. ГАЗ 3302 в сб.(шлицевой) (Лидер)	CarParts
Вал карданный рул. упр. ГАЗ 3302, 33027 с ГУР в сб.	CarParts
Вал карданный рул. упр. ГАЗ 3302, 33027 с ГУР в сб. (Лидер)	CarParts
Вал карданный рул. упр. ГАЗ 33023, 3310 "Валдай" в сб.	CarParts
Вал карданный рул. упр. ГАЗ 33023, 3310 "Валдай" в сб. (Лидер)	CarParts
Вал карданный рул. упр. ГАЗ 3307 в сб.	CarParts
Вал карданный рул. упр. ГАЗ 3307 в сб. (Лидер)	CarParts
Вал карданный рул. упр. ГАЗ 3307 ст/обр.(шлицевой) в сб. (Лидер)	CarParts
Вал карданный рул. упр. ГАЗ 3309 н/обр. в сб. (Лидер)	CarParts
Вал карданный рул. упр. ГАЗ 66 в сб. (средняя часть)	CarParts
Вал карданный рул. упр. ГАЗель Next в сб.	CarParts
Вал карданный рул. упр. ГАЗель Бизнес в сб.	CarParts
Вал карданный рул. упр. ГАЗон NEXT в сб.	CarParts
Вал карданный рул. упр.  в сб.	CarParts
Вал карданный рул. упр. УАЗ 31512-31519 , 452 с ГУР Борисов  D 20 мм.	CarParts
Вал карданный рул. упр. УАЗ 31512-31519 с ГУР Борисов  усиленный	CarParts
Вал карданный рул. упр. УАЗ 315148 " Хантер"  дв. ЗМЗ 514	CarParts
Вал карданный рул. упр. УАЗ 31519 без ГУРа	CarParts
Вал карданный рул. упр. УАЗ 31519 под ГУР  ZF Германия	CarParts
Вал карданный рул. упр. УАЗ 31519 под ГУР  Стерлитамак	CarParts
Вал карданный рул. упр. УАЗ 3160   под ГУР  Стерлитамак  D23 мм	CarParts
Вал карданный рул. упр. УАЗ 3160 без ГУР	CarParts
Вал карданный рул. упр. УАЗ 31601 под ГУР  Борисов  D20 мм	CarParts
Вал карданный рул. упр. УАЗ 3163 " Патриот"  Рестайлинг с 2014г.	CarParts
Вал карданный рул. упр. УАЗ 3163 " Патриот" с ГУР Delphi	CarParts
Вал карданный рул. упр. УАЗ 3163 " Патриот" с ГУР Delphi   (до 2014 г.) D17  " NEXTEER"	CarParts
Вал карданный рул. упр. УАЗ 3163 " Патриот" с ГУР ZF	CarParts
Вал карданный рул. упр. УАЗ 3163 " Патриот" с ГУР ЮБей Рестайлинг с 2014г.	CarParts
Вал карданный рул. упр. УАЗ 452 с ГУР дв.ЗМЗ 4091 ЕВРО 4	CarParts
Вал карданный УАЗ 236021, 236022  Профи зад. 5-и ступ. с подвесной опорой в сб.  (1988/2035 мм)	CarParts
Вал карданный УАЗ 236022 Профи 4*4  перед. КПП 5-и ступ.	CarParts
Вал карданный УАЗ 2363 "Патриот Пикап" (с РК Dymos) зад. 	CarParts
Вал карданный УАЗ 2363 "Патриот Пикап" (с РК Dymos) с подвесной опорой в сб. 	CarParts
Вал карданный УАЗ 2363 "Патриот Пикап" с подвесной опорой в сб.	CarParts
Вал карданный УАЗ 31519 " Хантер", 33036, 39094 (мост " Спайсер") зад.  4-х ступ.	CarParts
Вал карданный УАЗ 31519 " Хантер", 33036, 39094 (мост " Спайсер") зад.  5-и ступ.	CarParts
Вал карданный УАЗ 31519 " Хантер", 33036, 39094 (мост " Спайсер") зад.  5-и ступ. (крест. необслуж.)	CarParts
Вал карданный УАЗ 31519 " Хантер", 33036, 39094 (мост " Спайсер") зад.  5-и ступ. (Эксперт) (крест. с тавотн.)	CarParts
Вал карданный УАЗ 3153 задн. 	CarParts
Вал карданный УАЗ 3153 задн. (стрейч)	CarParts
Вал карданный УАЗ 3153 задн. с подвесной опорой в сб. усиленный (крест. необслуж.)	CarParts
Вал карданный УАЗ 3159 "Барс"   перед., 3151 редукт. 5-и ступ. АДС	CarParts
Вал карданный УАЗ 3159 "Барс"  задн. 	CarParts
Вал карданный УАЗ 3160 зад. КПП 4-х ступ	CarParts
Вал карданный УАЗ 3160, 31519 " Хантер"  перед. КПП 4-х ступ.	CarParts
Вал карданный УАЗ 31601 зад. КПП 5-и ступ	CarParts
Вал карданный УАЗ 31622, 3163 " Патриот" зад. 2-х опорный  	CarParts
Вал карданный УАЗ 31622, 3163 " Патриот" зад. 2-х опорный  (1220/1165 мм)	CarParts
Вал карданный УАЗ 31622, 3163 " Патриот" зад. 2-х опорный  (Эксперт)	CarParts
Вал карданный УАЗ 31622, 3163 " Патриот" зад. 2-х опорный  (Эксперт) (крест. необслуж.)	CarParts
Вал карданный УАЗ 31622, 3163 " Патриот" зад. 2-х опорный (двойная крестовина)        861010	CarParts
Вал карданный УАЗ 31622, 3163 " Патриот" зад. с подвесной опорой в сб.	CarParts
Вал карданный УАЗ 31622, 3163 " Патриот" зад. с подвесной опорой в сб. (крест. необслуж.)	CarParts
Вал карданный УАЗ 31622, 3163 " Патриот" зад. с подвесной опорой в сб. (Эксперт)	CarParts
Вал карданный УАЗ 31622, 3163 " Патриот" зад. с подвесной опорой в сб. усиленный	CarParts
Вал карданный УАЗ 31622, 3163 " Патриот", 31519 " Хантер"  перед. КПП 5-и ступ. (двойная крестовина)       863010	CarParts
Вал карданный УАЗ 3163 " Патриот"   перед.  (с АКПП)  	CarParts
Вал карданный УАЗ 3163 " Патриот"   перед.  рестайлинг с 2014 г.    	CarParts
Вал карданный УАЗ 3163 " Патриот"   перед.  рестайлинг с 2014 г.     (764/811 мм)	CarParts
Вал карданный УАЗ 3163 " Патриот"  зад.  (с АКПП)  2-х опорный	CarParts
Вал карданный УАЗ 3163 " Патриот"  зад.  (с РК Dymos)   (Эксперт) (крестов. необслуж) с гофрочехлом	CarParts
Вал карданный УАЗ 3163 " Патриот"  зад.  (с РК Dymos)  2-х опорный	CarParts
Вал карданный УАЗ 3163 " Патриот"  зад.  рестайлинг с 2014 г. 	CarParts
Вал карданный УАЗ 3163 " Патриот"  зад.  рестайлинг с 2014 г.  (1056 мм*1001 мм)	CarParts
Вал карданный УАЗ 3163 " Патриот"  зад. с подвесной опорой в сб.  дв. Ивеко	CarParts
Вал карданный УАЗ 3163 " Патриот", 31519 " Хантер"  перед. КПП 5-и ступ.	CarParts
Вал карданный УАЗ 3163 " Патриот", 31519 " Хантер"  перед. КПП 5-и ступ.  (13-226.30.10)	CarParts
Вал карданный УАЗ 3163 " Патриот", 31519 " Хантер"  перед. КПП 5-и ступ.  (Эксперт) (крест. необслуж.)	CarParts
Вал карданный УАЗ 3163 " Патриот", 31519 " Хантер"  перед. КПП 5-и ступ. (Эксперт) (крест. с тавотн.)	CarParts
Вал карданный УАЗ 3163 " Патриот", 31519 " Хантер"  перед. КПП 5-и ступ. (Эксперт) усил. (крест. необслуж.)	CarParts
Вал карданный УАЗ 452  перед.	CarParts
Вал карданный УАЗ 452  перед.  (крест. с тавот.)   (13-225.30.10)	CarParts
Вал карданный УАЗ 452  перед.  (крест. с тавот.)  (укорочен. шлиц) (Эксперт)  (3741-2203010)	CarParts
Вал карданный УАЗ 452  перед.  (крест. с тавот.)  (Эксперт) 	CarParts
Вал карданный УАЗ 452  перед.  усил. (крест. необслуж.)  (Эксперт) 	CarParts
Вал карданный УАЗ 452  перед.   (Эксперт) (крест. необслуж.)	CarParts
Вал карданный УАЗ 452  перед. (652 мм)	CarParts
Вал карданный УАЗ 452  перед. (Гибрид. мост)  (под 4-х ступ. АДС) ЕВРО 4	CarParts
Вал карданный УАЗ 452  перед. (Гибрид. мост)  (под 5-и ступ. АДС) ЕВРО 4	CarParts
Вал карданный УАЗ 452  перед. (Гибрид. мост)  (под 5-и ступ. АДС) ЕВРО 4  	CarParts
Вал карданный УАЗ 452  перед. (Гибрид. мост)  (под 5-и ступ. АДС) ЕВРО-4 (Эксперт)  усил. (крест. необслуж.)	CarParts
Вал карданный УАЗ 452  перед. (мост "Спайсер") (под 4-х ступ. АДС)	CarParts
Вал карданный УАЗ 452  перед. (мост "Спайсер") (под 4-х ступ. АДС)  13-226.10.10	CarParts
Вал карданный УАЗ 452  перед. (мост "Спайсер") (под 4-х ступ.)	CarParts
Вал карданный УАЗ 452  перед. (мост "Спайсер") (под 5-и ступ. АДС) 	CarParts
Вал карданный УАЗ 452  перед. (мост "Спайсер") (под 5-и ступ. АДС)  ЕВРО 4 (с дв.ЗМЗ 4091)	CarParts
Вал карданный УАЗ 452  перед. (мост "Тимкен") (под 5-и ступ. АДС)	CarParts
Вал карданный УАЗ 452  перед. (мост "Тимкен") (под 5-и ступ. АДС) 	CarParts
Вал карданный УАЗ 452 зад.  	CarParts
Вал карданный УАЗ 452 зад.  (689/743 мм)	CarParts
Вал карданный УАЗ 452 зад.  (689/743 мм) (крест. необслуж.)	CarParts
Вал карданный УАЗ 452 зад.  (689/743 мм) (крест. необслуж.)  (Эксперт) 	CarParts
Вал карданный УАЗ 452 зад.  (689/743 мм) (крест. с тавот.)   (13-225.10.10)	CarParts
Вал карданный УАЗ 452 зад.  (689/743 мм) (крест. с тавот.)   (Эксперт) 	CarParts
Вал карданный УАЗ 452 зад. (Гибрид. мост) ЕВРО 4, УАЗ 3163, УАЗ 2360, УАЗ 2363  с РК "Dymos"	CarParts
Вал карданный УАЗ 452 зад. (мост "Спайсер") (под 4-х ступ. АДС)	CarParts
Вал карданный УАЗ 452 зад. (мост "Спайсер") (под 5-и ступ. АДС) ЕВРО 4	CarParts
Вал карданный УАЗ 452 зад. (мост "Тимкен") (под 5-и ступ. АДС)	CarParts
Вал карданный УАЗ 452 зад. (мост "Тимкен") (под 5-и ступ. АДС)  (Эксперт) (крест. необслуж.)	CarParts
Вал карданный УАЗ 469  перед. 	CarParts
Вал карданный УАЗ 469  перед.  (13-224.30.10)	CarParts
Вал карданный УАЗ 469  перед.  (Эксперт) (крест. необслуж.)	CarParts
Вал карданный УАЗ 469  перед. (крест. необслуж.)	CarParts
Вал карданный УАЗ 469  перед. (под 5-и ступ. АДС)   	CarParts
Вал карданный УАЗ 469  перед. (под 5-и ступ. АДС)  усиленный	CarParts
Вал карданный УАЗ 469  перед. (Эксперт) (крест. с тавот.)	CarParts
Вал карданный УАЗ 469 зад.   	CarParts
Вал карданный УАЗ 469 зад.     (13-224.10.10)	CarParts
Вал карданный УАЗ 469 зад.  (931мм) 	CarParts
Вал карданный УАЗ 469 зад.  (Эксперт)  (крест. с тавот.)	CarParts
Вал карданный УАЗ 469 зад.  (Эксперт) (крест. необслуж.)	CarParts
Вал карданный УАЗ 469 зад. (под 5-и ступ. АДС)	CarParts
Вал карданный УАЗ 469 зад. (под 5-и ступ. АДС)   (315120-2201010-20)	CarParts
Вал карданный УАЗ 469 зад. редукт.	CarParts
Вал карданный УАЗ 469 зад. редукт. 	CarParts
Вал карданный УАЗ 469 зад. редукт. (крест. с тавот.)	CarParts
Вал карданный УАЗ 469 зад. редукт. (под 5-и ступ. АДС), УАЗ 33036 увелич. база (мост "Спайсер")	CarParts
Вал карданный УАЗ 469 зад. редукт. (под 5-и ступ. АДС), УАЗ 33036 увелич. база (мост "Тимкен")	CarParts
Вал коленчатый ГАЗ 24, УАЗ	CarParts
Вал коленчатый ГАЗ 24, УАЗ с вкладыш.	CarParts
Вал коленчатый ГАЗ 24, УАЗ с маховиком и сцеплением	CarParts
Вал коленчатый ГАЗ 3302, УАЗ 100 л/с. под сальник	CarParts
Вал коленчатый ГАЗ 3302, УАЗ 100 л/с. под сальник с вкладыш.	CarParts
Вал коленчатый ГАЗ 33106 " Валдай"  дв.Cummins ISF 3,8  	CarParts
Вал коленчатый ГАЗ 53, 66 с вкладыш.	CarParts
Вал коленчатый ГАЗель Бизнес, NEXT дв.Cummins ISF 2,8	CarParts
Вал коленчатый ЗМЗ 405, 406 с вклад., шайбой и стяжным болтом	CarParts
Вал коленчатый ЗМЗ 409 с вклад., шайбой и стяжным болтом  (451287)	CarParts
Вал коленчатый ЗМЗ 409 УАЗ 3163 Патриот, Пикап 2363 АКПП, ЕВРО-5 (с вклад., шайбой и стяжным болтом)	CarParts
Вал коленчатый ЗМЗ 514 без вкладыш.  с пробками  (450362)	CarParts
Вал коленчатый ПАЗ 3205 с вкладыш.  (450587)	CarParts
Вал коленчатый ПАЗ,  дв. Cummins 4ISBe ЕВРО-3,4	CarParts
Вал колонки рулевого управления ГАЗ 3302 со втулкой	CarParts
Вал колонки рулевого управления УАЗ 3163 " Патриот"  со втулкой  (до 2014 г.)	CarParts
Вал колонки рулевого управления УАЗ 3163 " Патриот" промежуточный (до 2014 г.)	CarParts
Вал колонки рулевого управления УАЗ 3163 " Патриот" промежуточный (с демпфером и сухарями)  с 2006 по 2017 г. ( L +28 мм)	CarParts
Вал колонки рулевого управления УАЗ 452 с ГУР дв.ЗМЗ 4091, УМЗ 4213	CarParts
Вал колонки рулевого управления УАЗ 469	CarParts
Вал крышки КПП УАЗ 3163 "Патриот" , 315195 "Хантер"  5-ти ступ. КПП Dymos в сб.	CarParts
Вал крышки КПП УАЗ 452  (рычаг избирательный) в сб.	CarParts
Вал механизма переключения передач ГАЗ 31105 (новый салон)	CarParts
Вал муфты КПП УАЗ 452	CarParts
Вал муфты КПП УАЗ 452 (5-и ступ. АДС, BAIC)	CarParts
Вал перекл. привода механизма РК УАЗ в сб.	CarParts
Вал перекл. режимов АКПП УАЗ 3163 "Патриот", 2363 "Пикап" с 2019 г.в. к-т (вал, штифт, уплотнители, сальник)	CarParts
Вал помпы ГАЗ 24, 53, УАЗ с подшип.	CarParts
Вал помпы ГАЗ 24, 53, УАЗ со стопорным кольцом	CarParts
Вал помпы ГАЗ 24, 53, УАЗ со стопорным кольцом и втулкой	CarParts
Вал помпы ЗМЗ 405 (под гидромуфту)	CarParts
Вал помпы ЗМЗ 5143  УАЗ 315196 " Хантер", 3163 "Патриот" со стопорным кольцом 	CarParts
Вал привода  перед. моста РК ГАЗ 66, 3308, 33081	CarParts
Вал привода  перед. моста РК УАЗ	CarParts
Вал привода  перед. моста РК УАЗ   	CarParts
Вал привода  перед. моста РК УАЗ   48281T00015   (Dymos)	CarParts
Вал привода  перед. моста РК УАЗ н/обр.	CarParts
Вал привода зад. моста РК УАЗ     	CarParts
Вал привода зад. моста РК УАЗ     завод	CarParts
Вал привода зад. моста РК УАЗ 3163 " Патриот"   ( РК DYMOS)	CarParts
Вал привода зад. моста РК УАЗ 3163 " Патриот" с демпфером (с 2008 г.)	CarParts
Вал привода зад. моста РК УАЗ н/обр. 	CarParts
Вал привода зад. моста РК УАЗ н/обр. в сб.	CarParts
Вал промежуточный ЗМЗ 405, 406, 409	CarParts
Вал промежуточный КПП ГАЗ 3110, ГАЗ 3302 дв.Cummins (35зуб.) без подш.  	CarParts
Вал промежуточный КПП ГАЗ 3302 (36 зуб.) без подшип. 	CarParts
Вал промежуточный КПП ГАЗ 3302 (36 зуб.) без подшип.  "Двойной ресурс"	CarParts
Вал промежуточный КПП ГАЗ 33081, 3309   КПП 5-ти ступ.	CarParts
Вал промежуточный КПП ГАЗ 33104   КПП 5-ти ступ.	CarParts
Вал промежуточный КПП ГАЗель NEXT	CarParts
Вал промежуточный КПП УАЗ  5-и ступ. (Dymos) в сб с шестернями  (43410Т05770)	CarParts
Вал промежуточный КПП УАЗ  5-и ступ. (АДС) в сб.  	CarParts
Вал промежуточный КПП УАЗ  5-и ступ. (АДС) в сб. (с блоком шестерён) 	CarParts
Вал промежуточный КПП УАЗ  5-и ступ. (АДС, BAIC) в сб.   	CarParts
Вал промежуточный КПП УАЗ н/обр.	CarParts
Вал промежуточный КПП УАЗ н/обр. (Стандарт)	CarParts
Вал промежуточный КПП УАЗ н/обр. с блоком шестер. в сб.	CarParts
Вал промежуточный КПП УАЗ н/обр. с блоком шестер. в сб. (Стандарт)	CarParts
Вал промежуточный КПП УАЗ ст/обр.  голый	CarParts
Вал промежуточный КПП УАЗ ст/обр. в сб.	CarParts
Вал промежуточный РК УАЗ (толстый)     завод	CarParts
Вал промежуточный РК УАЗ (тонкий)       	CarParts
Вал промежуточный РК УАЗ (тонкий)       завод	CarParts
Вал промежуточный РК УАЗ н/обр.	CarParts
Вал распред. зажигания ГАЗ 53, 3307  конт.           (Р133. 3706.200)	CarParts
Вал распределительный ГАЗ 31105, 3302 дв. Chrysler впускных клапанов (Mopar)	CarParts
Вал распределительный ГАЗ 31105, 3302 дв. Chrysler выпускных клапанов (Mopar)	CarParts
Вал распределительный ГАЗ 33106 " Валдай" дв.Cummins ISF 3,8	CarParts
Вал распределительный ГАЗ 52	CarParts
Вал распределительный ГАЗ 53  (450044)	CarParts
Вал распределительный ГАЗель Бизнес, NEXT дв.Cummins ISF 2,8	CarParts
Вал распределительный ЗМЗ 402   (450215)	CarParts
Вал распределительный ЗМЗ 405, 406, 409 ЕВРО 0-5  впускных клапанов	CarParts
Вал распределительный ЗМЗ 405, 406, 409 ЕВРО 0-5  впускных клапанов  (450166)	CarParts
Вал распределительный ЗМЗ 405, 406, 409 ЕВРО 0-5  выпускных клапанов  	CarParts
Вал распределительный ЗМЗ 405, 406, 409 ЕВРО 0-5  выпускных клапанов   (927029)	CarParts
Вал распределительный ЗМЗ 409051, 409052  впуск. клап. УАЗ Профи    (926959)	CarParts
Вал распределительный ЗМЗ 409051, 409052  выпуск. клап. УАЗ Профи    (926960)	CarParts
Вал распределительный ЗМЗ 51432 впуск. клап. УАЗ 3163 "Патриот" Евро-4, с 05.2012	CarParts
Вал распределительный ЗМЗ 51432 выпуск. клап. УАЗ 3163 "Патриот" Евро-4, с 05.2012	CarParts
Вал распределительный УМЗ 4178, 421, 4215, 4218	CarParts
Вал распределительный УМЗ 4178, 421, 4215, 4218 	CarParts
Вал распределительный УМЗ 4213, 4216 в сб. с шестер. распредв. и фланцем	CarParts
Вал распределительный УМЗ А274 "EvoTech 2.7" в сб. с шестер. распредв. и фланцем	CarParts
Вал распределительный УМЗ А-305 "EvoTech" ГАЗель NEXT в сб. с шестер.	CarParts
Вал сошки ГАЗ 24-31105 с роликом	CarParts
Вал сошки ГАЗ 53 с роликом	CarParts
Вал сошки УАЗ с роликом в сб. (315100-3401066)	CarParts
Валик акселератора ГАЗ 33081, 3309, 3310 "Валдай"  дизельные с кронштейном	CarParts
Валик привода масл. насоса ГАЗ 24	CarParts
Валик привода масл. насоса ГАЗ 53	CarParts
Валик привода масл. насоса ЗМЗ 405, 406, 409	CarParts
Валик привода масл. насоса УМЗ 4213, 4216	CarParts
Валик привода педали газа УАЗ 452 (впрыск)	CarParts
Валик привода педали газа УАЗ 469	CarParts
Валик привода распр. заж. с упорн. втулк. ГАЗ 24, УАЗ в сб.	CarParts
Вариатор (добавоч.сопротивл.) ГАЗ 24, УАЗ                (1402.3729)	CarParts
Вариатор (добавоч.сопротивл.) ГАЗ 3302 н/обр.   (171.3729)	CarParts
Вариатор (добавоч.сопротивл.) ГАЗ 3302, ВАЗ 2108-09   (17.3729)	CarParts
Вариатор (добавоч.сопротивл.) ГАЗ 53,            (СЭ-107.3729)	CarParts
Ввёртыш свечной (H 9мм) (03000002)	CarParts
Ввёртыш свечной (под длин. юбку) (03000001)	CarParts
Вентиль колесный для скрытой установки ( к-т 4 шт.)  724210	CarParts
Вентилятор вискомуфты ГАЗон Next, ГАЗ Садко с дв.ЯМЗ 5344  ЕВРО 4  (D450 мм, 11 лопастей)   (HTKL 020005364)	CarParts
Вентилятор вискомуфты  65115  ЕВРО 3  (704 мм)   LFB 07704	CarParts
Вентилятор вискомуфты  6520  ЕВРО 2  (710 мм)   (HTKL182193)	CarParts
Вентилятор вискомуфты  6520  ЕВРО 2  (710 мм)   LFB 07710	CarParts
Вентилятор ГАЗ 2410 (3 отверстия)	CarParts
Вентилятор ГАЗ 31029, 3110 (4 отверстия)	CarParts
Вентилятор ГАЗ 3110 дв. 402, ВАЗ, (электр.) (8-лопастей) без диффузора  110 Вт    (70.3730)	CarParts
Вентилятор ГАЗ 3110 дв. 402, ВАЗ, (электр.) (8-лопастей) без диффузора  110 Вт    (LFc 0103)	CarParts
Вентилятор ГАЗ 3110 дв. 402, ВАЗ, (электр.) (8-лопастей) без диффузора  80 Вт     (6802.3730)	CarParts
Вентилятор ГАЗ 3110 дв. 406 (11-лопастей)	CarParts
Вентилятор ГАЗ 3110 дв. 406 (электр.) без диффузора (0 130 304 203)  ОРИГИНАЛ	CarParts
Вентилятор ГАЗ 3110, 2217 дв. 406 (электр.) без диффузора     (38.3780)	CarParts
Вентилятор ГАЗ 3110, 2217 дв. 406 (электр.) без диффузора     ( 38.3730)          (LFc 0310) 	CarParts
Вентилятор ГАЗ 3110, 2217 дв. 406 (электр.) без диффузора     ( 38.3780)           HF 626 404	CarParts
Вентилятор ГАЗ 3302  с дв.Cummins ISF 2.8   D410 мм  (11-и лопастн.)       (HTKL 020005181)	CarParts
Вентилятор ГАЗ 3302 дв.УМЗ 4216-70 с поликлин. ремнем (обратн. вращение) (11 лопастей)	CarParts
Вентилятор ГАЗ 3302,  УАЗ  (6-лопастей)	CarParts
Вентилятор ГАЗ 3302,  УАЗ  (6-лопастей) 	CarParts
Вентилятор ГАЗ 3302,  УАЗ  (8-лопастей)	CarParts
Вентилятор ГАЗ 3302,  УАЗ  (8-лопастей) желтый	CarParts
Вентилятор ГАЗ 3302,  УАЗ (10-лопастей) (усиленный)	CarParts
Вентилятор ГАЗ 3302,  УАЗ (11-лопастей) 	CarParts
Вентилятор ГАЗ 3302,  УАЗ (11-лопастей)  желтый	CarParts
Вентилятор ГАЗ 3302,  УАЗ (11-лопастей) (бесшумный)	CarParts
Вентилятор ГАЗ 3302,  УАЗ (11-лопастей) (усиленный)	CarParts
Вентилятор ГАЗ 3302, 2752 дв. 405, 409 (11-лопастей)	CarParts
Вентилятор ГАЗ 3307	CarParts
Вентилятор ГАЗ 3307, 3308  ЕВРО-2 (под гидромуфту) (9-лопастей)	CarParts
Вентилятор ГАЗ 3308, 3310 " Валдай"  Д-240, 245	CarParts
Вентилятор ГАЗ 33098 дв. 53448 с вязкостной муфтой (020005366)	CarParts
Вентилятор ГАЗ 33106 " Валдай", ГАЗон NEXT дв.Cummins 3,8   D450 мм (11-и лопастн.)           (HTKL020005216)	CarParts
Вентилятор ГАЗ 33106 " Валдай", ГАЗон NEXT дв.Cummins 3,8 G-PART	CarParts
Вентилятор ГАЗ 33106 " Валдай", ГАЗон NEXT дв.Cummins 3,8 с вязкостной муфтой  D450 mm (11-и лопастн.)   (HTKS020005216)      	CarParts
Вентилятор ГАЗ 33106 " Валдай", ГАЗон NEXT дв.Cummins 3,8 с вязкостной муфтой (BorgWarner Cooling Systems, Германия)	CarParts
Вентилятор ГАЗ 33106 " Валдай", ГАЗон NEXT дв.Cummins 3,8 с вязкостной муфтой G-PART	CarParts
Вентилятор ГАЗель Next УМЗ А-274 Evotech G-PART 	CarParts
Вентилятор ГАЗель Next УМЗ А-274 Evotech с вязкостной муфтой в сб. G-PART	CarParts
Вентилятор ГАЗель Бизнес, NEXT дв. Cummins (20005158)	CarParts
Вентилятор ГАЗель Бизнес, NEXT дв. Cummins с вязкостной муфтой  	CarParts
Вентилятор ГАЗель Бизнес, NEXT дв. Cummins с вязкостной муфтой       BTL-3302FCV	CarParts
Вентилятор ГАЗель Бизнес, NEXT дв. Cummins с вязкостной муфтой  G-PART	CarParts
Вентилятор отопителя УАЗ 3163 " Патриот" электр. в сб. с фильтром н/обр.	CarParts
Вентилятор УАЗ  электрический универсальный (для тяжелых условий)  D 385 mm  (12V, 170 Вт)      520012	CarParts
Вентилятор УАЗ 3163 " Патриот" (электр.)  (11-лопастей)     (LFc 0360)	CarParts
Вентилятор УАЗ 3163 " Патриот" (электр.)  завод	CarParts
Вентилятор УАЗ 3163 " Патриот" (электр.) н/обр. в сб. (без кондиц.)	CarParts
Вентилятор УАЗ 3163 " Патриот" (электр.) н/обр. в сб. (с кондиц.)	CarParts
Вентилятор УАЗ 3163 " Патриот" (электр.) н/обр. в сб. (с кондиц.) изогн. кроншт. ЕВРО 3 (1 вент.)	CarParts
Вентилятор УАЗ 3163 " Патриот" (электр.) н/обр. в сб. (с кондиц.) изогн. кроншт. ЕВРО 3 (2 вент.)  LFK 0363	CarParts
Вентилятор УАЗ 3163 " Патриот" (электр.) н/обр. в сб. (с кондиц.) прям. кроншт.  ЕВРО 3 (1 вент.)	CarParts
Вентилятор УАЗ 3163 " Патриот" (электр.) н/обр. в сб. (с кондиц.) прям. кроншт.  ЕВРО 3 (2 вент.)	CarParts
Вентилятор УАЗ 3163 " Патриот" (электр.) н/обр. в сб. (с кондиц.) прям. кроншт.  ЕВРО 3 (2 вент.) LFK 0361	CarParts
Вентилятор УАЗ 3163 " Патриот" под гидромуфту  дв. Ивеко, дв. ЗМЗ 409	CarParts
Вентилятор УАЗ 3163 " Патриот" под гидромуфту  дв. Ивеко, дв. ЗМЗ 409 (с 2008 г.в.)  (7 лопастей) 	CarParts
Вентилятор УАЗ 452 с дв.ЗМЗ 4091  (под гидромуфту, 11-лопастей, пластм.)	CarParts
Вентилятор УАЗ 452 с дв.ЗМЗ 4091 (до 2008 г.в.)  (под гидромуфту, 11-лопастей, пластм.)	CarParts
Вентилятор УАЗ 452 с дв.ЗМЗ 4091, УАЗ 315148  (6-лопастей, метал.)	CarParts
Вентилятор УАЗ в сб.  метал.	CarParts
Вентилятор УАЗ в сб. (под гидромуфту)  метал.	CarParts
Ветровик форточки ГАЗ 3110, 31105 (к-т 4 шт.) "скотч"	CarParts
Ветровик форточки ГАЗ 3302 перед. (к-т 2 шт.) "скотч"	CarParts
Ветровик форточки ГАЗель "NEXT" перед. (к-т 2 шт.)	CarParts
Ветровик форточки УАЗ 31514, 315195 " Хантер" (к-т 4 шт.)	CarParts
Ветровик форточки УАЗ 3163 "Патриот" (к-т 4 шт.)	CarParts
Ветровик форточки УАЗ 452, 3909 (к-т 2 шт.)	CarParts
Ветровик форточки УАЗ Профи (к-т 2 шт.)	CarParts
Вибратор аварийный ГАЗ 66, УАЗ                                 (5102.3747)	CarParts
Виброизолятор топл. трубки ГАЗель Бизнес, NEXT, ГАЗ 33106 " Валдай" дв.Cummins ISF 2,8, 3,8	CarParts
Вилка верхнего рул. кардана ГАЗ 3302	CarParts
Вилка верхнего рул. кардана ГАЗ 3307, 4301, 3309 	CarParts
Вилка включения  перед. моста РК УАЗ 31519, 3163 н/обр.	CarParts
Вилка включения  перед. моста РК УАЗ 3160, 31519 в сб.	CarParts
Вилка включения  перед. моста РК УАЗ 3163 "Патриот"  DYMOS 	CarParts
Вилка включения  перед. моста УАЗ  	CarParts
Вилка включения  перед. моста УАЗ 452 н/обр. (дв.УМЗ 4213, ЗМЗ 4091)	CarParts
Вилка включения блокировки дифференциала РК Соболь, ГАЗель 4*4	CarParts
Вилка включения зад. моста и пониж. перед. УАЗ  	CarParts
Вилка включения зад. моста и пониж. перед. УАЗ 3163 " Патриот"	CarParts
Вилка включения зад. моста и пониж. перед. УАЗ 3163 " Патриот"  РК Dymos  48290T00010	CarParts
Вилка включения зад. моста и пониж. перед. УАЗ н/обр.  (дв.УМЗ 4213, ЗМЗ 4091)	CarParts
Вилка карданного вала ГАЗ 24	CarParts
Вилка карданного вала приварная Волга, ГАЗель	CarParts
Вилка КПП 1-2-й , 3-4-й перед. ГАЗ 31029, 3302 н/обр. 	CarParts
Вилка КПП 1-2-й , 3-4-й перед. ГАЗ 31029, 3302 ст/об	CarParts
Вилка КПП 1-2-й перед. ГАЗ 24  4-ступ.	CarParts
Вилка КПП 1-2-й перед. ГАЗ 53	CarParts
Вилка КПП 1-2-й перед. УАЗ (5-и ступ. АДС)	CarParts
Вилка КПП 1-2-й перед. УАЗ (5-и ступ. АДС, BAIC)	CarParts
Вилка КПП 1-2-й перед. УАЗ 452 н/обр.	CarParts
Вилка КПП 1-2-й перед. УАЗ 452 ст/обр.	CarParts
Вилка КПП 1-2-й перед. УАЗ 469 н/обр.	CarParts
Вилка КПП 1-й перед. и з/хода ГАЗ 33081, 3309, Валдай (5-и ступ.)	CarParts
Вилка КПП 2-3-й перед. ГАЗ 33106, 33088, 33096  	CarParts
Вилка КПП 3-4-й перед. ГАЗ 53	CarParts
Вилка КПП 3-4-й перед. УАЗ (5-и ступ. АДС)	CarParts
Вилка КПП 3-4-й перед. УАЗ (5-и ступ. АДС, BAIC)	CarParts
Вилка КПП 3-4-й перед. УАЗ 452 н/обр.	CarParts
Вилка КПП 3-4-й перед. УАЗ 452 ст/обр.	CarParts
Вилка КПП 3-4-й перед. УАЗ 469 н/обр.	CarParts
Вилка КПП 3-4-й перед. УАЗ 469 ст/обр.	CarParts
Вилка КПП 4-5-й перед.  ГАЗ 33081, 3309, Валдай (5-и ступ.)	CarParts
Вилка КПП 5-й перед. и з/хода ГАЗ 3110, 3302 н/обр. 	CarParts
Вилка КПП 5-й перед. УАЗ (5-и ступ. АДС)	CarParts
Вилка КПП 5-й перед. УАЗ (5-и ступ. АДС, BAIC)	CarParts
Вилка КПП з/хода  ГАЗ 3307, 66 н/обр.	CarParts
Вилка КПП з/хода УАЗ 452 н/обр.	CarParts
Вилка КПП з/хода УАЗ 469 н/обр.	CarParts
Вилка крепления ограничителя открывания двери УАЗ 3163 " Патриот"	CarParts
Вилка опорная оттяжного рычага ГАЗ 53	CarParts
Вилка поворотного кулака УАЗ Профи 236021,236022	CarParts
Вилка стартера ГАЗ 24, УАЗ (бол.)	CarParts
Вилка стартера ГАЗ 24, УАЗ (мал.)	CarParts
Вилка сцепления ГАЗ 24, УАЗ с опорной вилкой  (11-7514)	CarParts
Вилка сцепления ГАЗ 53 	CarParts
Вилка сцепления ГАЗель Бизнес с пластиной  дв.УМЗ 4216	CarParts
Вилка сцепления ГАЗель Бизнес с пластиной дв. Cummins	CarParts
Вилка сцепления дв. Chrysler	CarParts
Вилка сцепления 	CarParts
Вилка сцепления ЗМЗ 406 	CarParts
Вилка сцепления УАЗ  дв. ЗМЗ 4021 в сб.	CarParts
Вилка сцепления УАЗ " Хантер", " Патриот", 452 с дв.ЗМЗ 4091 (лепестк. корзина)	CarParts
Вилка сцепления УАЗ 469, 452 в сб.	CarParts
Вилка сцепления УАЗ с чехлом и опорной вилкой	CarParts
Вилка толкателя ГЦС УАЗ	CarParts
Вилка шлицевая карданного вала Волга, ГАЗель	CarParts
Вилка ШРУС ГАЗ 33027 наружная	CarParts
Вилки КПП УАЗ 452 ст/обр. (к-т 3 шт.)	CarParts
Винт M4x0.7x25	CarParts
Винт внутр. шестигр. бок. двери ГАЗ 2705               (М6х16)	CarParts
Винт внутр. шестигр. натяжн. ролика ЗМЗ 405-409  ЕВРО-3 (М10х60)	CarParts
Винт внутр. шестигр. опоры зеркал ГАЗ 3302         (М6х30)	CarParts
Винт внутр. шестигр. опоры зеркал ГАЗ 3302         (М6х35)	CarParts
Винт внутр. шестигр. тормозного диска ГАЗ 3310 "Валдай" (М12х28х1,5) ( шт)	CarParts
Винт замка боковой двери ГАЗ 2705, 3302             (М8х25)	CarParts
Винт замка боковой двери ГАЗ 2705, 3302 н/обр  (М8х25)	CarParts
Винт карбюратора ГАЗ, ВАЗ с гровером                 (М4х15)	CarParts
Винт карбюратора ГАЗ, ВАЗ с гровером                 (М5х20,5)	CarParts
Винт клапанной крышки ЗМЗ 402 и бензонасоса  (М6х16)	CarParts
Винт крепл. торм. барабана ГАЗ 24-31105, УАЗ     (М8х12х1,25)	CarParts
Винт крепл. торм. барабана ГАЗ 3302                   (М10х20) ( шт)	CarParts
Винт крышки карбюратора ГАЗ, ВАЗ                       (М5х14)	CarParts
Винт крышки карбюратора ГАЗ, ВАЗ с гровером   (М5х18)	CarParts
Винт крышки клапанов ЗМЗ 40524, 40525, 40904 самонарезающий 	CarParts
Винт механизма стеклоподьёмника ГАЗ 24-31105, 3302 (М6х10)	CarParts
Винт многоцелевой                                                    (М5х30)	CarParts
Винт обивки двери ГАЗ 2410-3110 (самонарезающий) (М4х10)	CarParts
Винт потайн. механизма замка двери ГАЗ 3307    (М6х12)	CarParts
Винт потайн. петли двери ГАЗ 24-31105                  (М10х22х1)	CarParts
Винт потайн. розет. внутр. ручки ГАЗ 2705, 3302    (М6х25)	CarParts
Винт регулир. тяги поперечной ГАЗ 3309	CarParts
Винт рулевого управления  в сб.	CarParts
Винт стопорный шестерни з/хода КПП УАЗ ст/обр.	CarParts
Винт щетки стартера ГАЗ, ВАЗ                                  (М4х8)	CarParts
Вкладыш коренной верхний  ГАЗ 33106 " Валдай" дв.Cummins ISF 3,8  стандарт	CarParts
Вкладыш коренной верхний  ГАЗель Бизнес, NEXT дв.Cummins ISF 2,8  стандарт "Cummins/Foton"	CarParts
Вкладыш коренной верхний упорный  ГАЗ 33106 " Валдай" дв.Cummins ISF 3,8  стандарт Cummins Investmen Китай	CarParts
Вкладыш коренной верхний упорный  ГАЗель Бизнес, NEXT дв.Cummins ISF 2,8  стандарт "Cummins/Foton"	CarParts
Вкладыш коренной дв. Chrysler (бол.) (509) осевой (к-т) (68036245АА)	CarParts
Вкладыш коренной нижний  ГАЗ 33106 " Валдай" дв.Cummins ISF 3,8  стандарт	CarParts
Вкладыш коренной нижний  ГАЗель Бизнес, NEXT дв.Cummins ISF 2,8  стандарт "Cummins/Foton"	CarParts
Вкладыш рычага переключения передач  КПП УАЗ (5-и ступ. АДС, BAIC)  верх.	CarParts
Вкладыш рычага переключения передач  КПП УАЗ (5-и ступ. АДС, BAIC)  нижн.	CarParts
Вкладыш шатунный верхний  ГАЗ 33106 " Валдай" дв.Cummins ISF 3,8  стандарт Cummins Investmen Китай	CarParts
Вкладыш шатунный верхний  ГАЗель Бизнес, NEXT дв.Cummins ISF 2,8  стандарт "Cummins/Foton"	CarParts
Вкладыш шатунный верхний  ГАЗель Бизнес, NEXT дв.Cummins ISF 2,8  стандарт Cummins Investmen Китай	CarParts
Вкладыш шатунный компрессорный   ст.	CarParts
Вкладыш шатунный компрессорный  (0,3)	CarParts
Вкладыш шатунный нижний  ГАЗ 33106 " Валдай" дв.Cummins ISF 3,8  стандарт Cummins Investmen Китай	CarParts
Вкладыш шатунный нижний  ГАЗель Бизнес, NEXT дв.Cummins ISF 2,8  стандарт "Cummins/Foton"	CarParts
Вкладыш шатунный нижний  ГАЗель Бизнес, NEXT дв.Cummins ISF 2,8  стандарт Cummins Investmen Китай	CarParts
Вкладыш шатунный УАЗ 3163 " Патриот"  дв. Ивеко (на одну шейку)	CarParts
Вкладыш шкворня поворотного кулака УАЗ 31519, 3163 (бронза)  н/обр. (2 усика)  (к-т 4шт)	CarParts
Вкладыш шкворня поворотного кулака УАЗ 31519, 3163 (латунь)  н/обр. (2 усика)	CarParts
Вкладыш шкворня поворотного кулака УАЗ 31519, 3163 (латунь)  н/обр. (2 усика)  (к-т 4шт)	CarParts
Вкладыш шкворня поворотного кулака УАЗ 31519, 3163 (латунь)  ст/обр.  (4 усика)   	CarParts
Вкладыш шкворня поворотного кулака УАЗ 31519, 3163 (латунь)  ст/обр.  (4 усика)  (к-т 4шт) 	CarParts
Вкладыш шкворня поворотного кулака УАЗ 31519, 3163 (пластм.)  н/обр. (2 усика)	CarParts
Вкладыш шкворня поворотного кулака УАЗ 31519, 3163 (пластм.) ст/обр. (4 усика)  	CarParts
Вкладыши корен. и шатун. к-т 0,25      ГАЗ 4301 (6 цилиндр.)	CarParts
Вкладыши коренные  LADA LARGUS, RENAULT к-т   станд.	CarParts
Вкладыши коренные  LADA LARGUS, RENAULT к-т  0,25	CarParts
Вкладыши коренные  А01  к-т    станд.	CarParts
Вкладыши коренные  А01  к-т   0,25	CarParts
Вкладыши коренные  А01  к-т   0,50	CarParts
Вкладыши коренные  А01  к-т   0,75	CarParts
Вкладыши коренные  А01  к-т   1.00	CarParts
Вкладыши коренные  А41  к-т    станд.	CarParts
Вкладыши коренные  А41  к-т   0,25	CarParts
Вкладыши коренные  А41  к-т   0,50	CarParts
Вкладыши коренные  А41  к-т   0,75	CarParts
Вкладыши коренные  А41  к-т   1,00	CarParts
Вкладыши коренные  А41  к-т   1,25	CarParts
Вкладыши коренные  А4401    станд.	CarParts
Вкладыши коренные  А4401 к-т  0,25	CarParts
Вкладыши коренные  А4401 к-т  0,75	CarParts
Вкладыши коренные  А4401 к-т  1,00	CarParts
Вкладыши коренные  А4401 к-т  1,25	CarParts
Вкладыши коренные  А4601 к-т  0,50	CarParts
Вкладыши коренные  ВАЗ 2101 к-т   станд.	CarParts
Вкладыши коренные  ВАЗ 2101 к-т   станд.  "PREMIUM"	CarParts
Вкладыши коренные  ВАЗ 2101 к-т  0,05	CarParts
Вкладыши коренные  ВАЗ 2101 к-т  0,25	CarParts
Вкладыши коренные  ВАЗ 2101 к-т  0,25      "PREMIUM"	CarParts
Вкладыши коренные  ВАЗ 2101 к-т  0,50	CarParts
Вкладыши коренные  ВАЗ 2101 к-т  0,75	CarParts
Вкладыши коренные  ВАЗ 2101 к-т  1,00	CarParts
Вкладыши коренные  ВАЗ 2101 к-т  1,25	CarParts
Вкладыши коренные  ВАЗ 2101 к-т  1,50	CarParts
Вкладыши коренные  ВАЗ 2108 к-т   станд.	CarParts
Вкладыши коренные  ВАЗ 2108 к-т   станд.    "PREMIUM"	CarParts
Вкладыши коренные  ВАЗ 2108 к-т  0,05	CarParts
Вкладыши коренные  ВАЗ 2108 к-т  0,25	CarParts
Вкладыши коренные  ВАЗ 2108 к-т  0,25      "PREMIUM"	CarParts
Вкладыши коренные  ВАЗ 2108 к-т  0,50	CarParts
Вкладыши коренные  ВАЗ 2108 к-т  0,75	CarParts
Вкладыши коренные  ВАЗ 2108 к-т  1,00	CarParts
Вкладыши коренные  ВМТЗ, ХТЗ к-т  0,75	CarParts
Вкладыши коренные  ВМТЗ, ХТЗ к-т  1,00	CarParts
Вкладыши коренные  ВМТЗ, ХТЗ к-т  1,25	CarParts
Вкладыши коренные  ВМТЗ, ХТЗ к-т  1,75	CarParts
Вкладыши коренные  ГАЗ 24, УАЗ к-т   станд.	CarParts
Вкладыши коренные  ГАЗ 24, УАЗ к-т  0,05	CarParts
Вкладыши коренные  ГАЗ 24, УАЗ к-т  0,25	CarParts
Вкладыши коренные  ГАЗ 24, УАЗ к-т  0,50	CarParts
Вкладыши коренные  ГАЗ 24, УАЗ к-т  0,75	CarParts
Вкладыши коренные  ГАЗ 24, УАЗ к-т  1,00	CarParts
Вкладыши коренные  ГАЗ 24, УАЗ к-т  1,25	CarParts
Вкладыши коренные  ГАЗ 24, УАЗ к-т  1,50	CarParts
Вкладыши коренные  ГАЗ 51, 52 к-т  0,05	CarParts
Вкладыши коренные  ГАЗ 51, 52 к-т  0,25	CarParts
Вкладыши коренные  ГАЗ 51, 52 к-т  0,50	CarParts
Вкладыши коренные  ГАЗ 51, 52 к-т  0,75	CarParts
Вкладыши коренные  ГАЗ 51, 52 к-т  1,00	CarParts
Вкладыши коренные  ГАЗ 51, 52 к-т  1,25	CarParts
Вкладыши коренные  ГАЗ 51, 52 к-т  1,50	CarParts
Вкладыши коренные  ГАЗ 53 к-т   станд.    с упорным полукольцом	CarParts
Вкладыши коренные  ГАЗ 53 к-т  0,05         с упорным полукольцом	CarParts
Вкладыши коренные  ГАЗ 53 к-т  0,25         с упорным полукольцом	CarParts
Вкладыши коренные  ГАЗ 53 к-т  0,50          с упорным полукольцом	CarParts
Вкладыши коренные  ГАЗ 53 к-т  0,75          с упорным полукольцом	CarParts
Вкладыши коренные  ГАЗ 53 к-т  1,00          с упорным полукольцом	CarParts
Вкладыши коренные  ГАЗ 53 к-т  1,25          с упорным полукольцом	CarParts
Вкладыши коренные  ГАЗ 53 к-т  1,50           с упорным полукольцом	CarParts
Вкладыши коренные  Д-144   к-т    станд.	CarParts
Вкладыши коренные  Д-144   к-т  3,875	CarParts
Вкладыши коренные  Д-144   к-т  4,000	CarParts
Вкладыши коренные  Д-144   к-т  4,250	CarParts
Вкладыши коренные   к-т   станд.	CarParts
Вкладыши коренные   к-т  0,25	CarParts
Вкладыши коренные   к-т  0,50	CarParts
Вкладыши коренные   к-т  0,75	CarParts
Вкладыши коренные   к-т  1,00	CarParts
Вкладыши коренные   к-т  1,25	CarParts
Вкладыши коренные   к-т  1,50	CarParts
Вкладыши коренные  ЗМЗ  405, 406 к-т   станд.	CarParts
Вкладыши коренные  ЗМЗ  405, 406 к-т   станд. "PREMIUM"	CarParts
Вкладыши коренные  ЗМЗ  405, 406 к-т  0,25	CarParts
Вкладыши коренные  ЗМЗ  405, 406 к-т  0,25 "PREMIUM"	CarParts
Вкладыши коренные  ЗМЗ  405, 406 к-т  0,50	CarParts
Вкладыши коренные  ЗМЗ  405, 406 к-т  0,75	CarParts
Вкладыши коренные  ЗМЗ  405, 406 к-т  0,75      "ТУРБО"	CarParts
Вкладыши коренные  ЗМЗ  405, 406 к-т  0,75   "PREMIUM"	CarParts
Вкладыши коренные  ЗМЗ  405, 406 к-т  1,00	CarParts
Вкладыши коренные   740  к-т    станд.	CarParts
Вкладыши коренные   740  к-т   0,50	CarParts
Вкладыши коренные   740  к-т   1,00	CarParts
Вкладыши коренные   740  к-т   Р6	CarParts
Вкладыши коренные   740 ЕВРО 0, 1, 2   к-т    станд.	CarParts
Вкладыши коренные   740 ЕВРО 0, 1, 2   к-т   0,25	CarParts
Вкладыши коренные   740 ЕВРО 0, 1, 2   к-т   0,50	CarParts
Вкладыши коренные   740 ЕВРО 0, 1, 2   к-т   0,75	CarParts
Вкладыши коренные   740 ЕВРО 0, 1, 2   к-т   1,00	CarParts
Вкладыши коренные   740 ЕВРО 0, 1, 2   к-т   1,50	CarParts
Вкладыши коренные   740 ЕВРО 3,4  к-т    станд.	CarParts
Вкладыши коренные   740 ЕВРО 3,4  к-т   0,25	CarParts
Вкладыши коренные   740 ЕВРО 3,4  к-т   0,75	CarParts
Вкладыши коренные  ММЗ 240, 245 к-т   станд. 1	CarParts
Вкладыши коренные  ММЗ 240, 245 к-т   станд. 2	CarParts
Вкладыши коренные  ММЗ 240, 245 к-т  0,75	CarParts
Вкладыши коренные  ММЗ 240, 245 к-т  1,25	CarParts
Вкладыши коренные  ММЗ 240, 245 к-т  1,50	CarParts
Вкладыши коренные  ММЗ 240, 245 к-т  1,75	CarParts
Вкладыши коренные  ММЗ 245 ЕВРО 4 к-т   станд.	CarParts
Вкладыши коренные  ММЗ 245 ЕВРО 4 к-т  0,25	CarParts
Вкладыши коренные  ММЗ 260 к-т   станд.	CarParts
Вкладыши коренные  ММЗ 260 к-т  0,25	CarParts
Вкладыши коренные  ММЗ 260 к-т  0,75	CarParts
Вкладыши коренные  ММЗ 260 к-т  1,25	CarParts
Вкладыши коренные  ММЗ 260 к-т  1,75	CarParts
Вкладыши коренные  ММЗ 260 к-т  2,25	CarParts
Вкладыши коренные  ММЗ-Д50 к-т   станд.	CarParts
Вкладыши коренные  ММЗ-Д50 к-т  0,25	CarParts
Вкладыши коренные  ММЗ-Д50 к-т  0,50	CarParts
Вкладыши коренные  ММЗ-Д50 к-т  0,75	CarParts
Вкладыши коренные  ММЗ-Д50 к-т  1,25	CarParts
Вкладыши коренные  ММЗ-Д50 к-т  1,75	CarParts
Вкладыши коренные  ММЗ-Д50 к-т  2,25	CarParts
Вкладыши коренные   к-т  0,50      с упорным полукольцом	CarParts
Вкладыши коренные   к-т  0,75      с упорным полукольцом	CarParts
Вкладыши коренные   к-т  1,00      с упорным полукольцом	CarParts
Вкладыши коренные  ЯМЗ 236  к-т   Р5	CarParts
Вкладыши коренные  ЯМЗ 236  к-т   Р6	CarParts
Вкладыши коренные  ЯМЗ 236  к-т   станд.	CarParts
Вкладыши коренные  ЯМЗ 236 к-т  0,25	CarParts
Вкладыши коренные  ЯМЗ 236 к-т  0,50	CarParts
Вкладыши коренные  ЯМЗ 236 к-т  0,75	CarParts
Вкладыши коренные  ЯМЗ 236 к-т  1,00	CarParts
Вкладыши коренные  ЯМЗ 236 к-т  1,25	CarParts
Вкладыши коренные  ЯМЗ 238  к-т    станд.	CarParts
Вкладыши коренные  ЯМЗ 238  к-т   0,25	CarParts
Вкладыши коренные  ЯМЗ 238  к-т   0,50	CarParts
Вкладыши коренные  ЯМЗ 238  к-т   0,75	CarParts
Вкладыши коренные  ЯМЗ 238  к-т   1,00	CarParts
Вкладыши коренные  ЯМЗ 238  к-т   1,25	CarParts
Вкладыши коренные  ЯМЗ 238  к-т   Р6	CarParts
Вкладыши коренные  ЯМЗ 840  к-т   Р1	CarParts
Вкладыши коренные  ЯМЗ 840  к-т   Р2	CarParts
Вкладыши коренные  ЯМЗ 840  к-т   Р3	CarParts
Вкладыши коренные дв. Chrysler (508) (на одну шейку) (к-т)	CarParts
Вкладыши коренные дв. Chrysler (к-т полный) Federal Mogul (43204А)	CarParts
Вкладыши коренные СМД20 к-т   станд.	CarParts
Вкладыши коренные СМД20 к-т  0,25	CarParts
Вкладыши коренные СМД20 к-т  0,75	CarParts
Вкладыши коренные СМД20 к-т  1,25	CarParts
Вкладыши коренные СМД20 к-т  1,75	CarParts
Вкладыши шатунные  LADA LARGUS, RENAULT  к-т   станд.	CarParts
Вкладыши шатунные  А01 (V6) с отверстием к-т   станд.	CarParts
Вкладыши шатунные  А01 (V6) с отверстием к-т  0.25	CarParts
Вкладыши шатунные  А01 (V6) с отверстием к-т  0.50	CarParts
Вкладыши шатунные  А01 (V6) с отверстием к-т  0.75	CarParts
Вкладыши шатунные  А01 (V6) с отверстием к-т  1,00	CarParts
Вкладыши шатунные  А41 (V4) с отверстием  к-т    станд.	CarParts
Вкладыши шатунные  А41 (V4) с отверстием  к-т   0,25	CarParts
Вкладыши шатунные  А41 (V4) с отверстием  к-т   0,50	CarParts
Вкладыши шатунные  А41 (V4) с отверстием  к-т   0,75	CarParts
Вкладыши шатунные  А41 (V4) с отверстием  к-т   1,00	CarParts
Вкладыши шатунные  А41 (V4) с отверстием  к-т   1,25	CarParts
Вкладыши шатунные  ВАЗ "Приора" к-т    станд.	CarParts
Вкладыши шатунные  ВАЗ "Приора" к-т   0,05	CarParts
Вкладыши шатунные  ВАЗ "Приора" к-т   0,25	CarParts
Вкладыши шатунные  ВАЗ "Приора" к-т   0,50	CarParts
Вкладыши шатунные  ВАЗ "Приора" к-т   0,75	CarParts
Вкладыши шатунные  ВАЗ "Приора" к-т   1,00	CarParts
Вкладыши шатунные  ВАЗ 1118 к-т  0,25  станд.2	CarParts
Вкладыши шатунные  ВАЗ 2101 к-т   станд.	CarParts
Вкладыши шатунные  ВАЗ 2101 к-т   станд.  "PREMIUM"	CarParts
Вкладыши шатунные  ВАЗ 2101 к-т  0,05	CarParts
Вкладыши шатунные  ВАЗ 2101 к-т  0,25	CarParts
Вкладыши шатунные  ВАЗ 2101 к-т  0,25 "PREMIUM"	CarParts
Вкладыши шатунные  ВАЗ 2101 к-т  0,50	CarParts
Вкладыши шатунные  ВАЗ 2101 к-т  0,75	CarParts
Вкладыши шатунные  ВАЗ 2101 к-т  1,00	CarParts
Вкладыши шатунные  ВАЗ 2101 к-т  1,25	CarParts
Вкладыши шатунные  ВАЗ 2101 к-т  1,50	CarParts
Вкладыши шатунные  ВМТЗ, ХТЗ к-т  0,75	CarParts
Вкладыши шатунные  ВМТЗ, ХТЗ к-т  1,00	CarParts
Вкладыши шатунные  ВМТЗ, ХТЗ к-т  1,25	CarParts
Вкладыши шатунные  ВМТЗ, ХТЗ к-т  1,75	CarParts
Вкладыши шатунные  ВМТЗ, ХТЗ к-т  2,25	CarParts
Вкладыши шатунные  ВМТЗ, ХТЗ к-т  2,50	CarParts
Вкладыши шатунные  ВМТЗ, ХТЗ, Д-144, -120, -21А1 к-т    станд.	CarParts
Вкладыши шатунные  ВМТЗ, ХТЗ, Д-144, -120, -21А1 к-т   0,75 	CarParts
Вкладыши шатунные  ГАЗ 24, УАЗ к-т   станд.	CarParts
Вкладыши шатунные  ГАЗ 24, УАЗ к-т  0,05	CarParts
Вкладыши шатунные  ГАЗ 24, УАЗ к-т  0,25	CarParts
Вкладыши шатунные  ГАЗ 24, УАЗ к-т  0,50	CarParts
Вкладыши шатунные  ГАЗ 24, УАЗ к-т  0,75	CarParts
Вкладыши шатунные  ГАЗ 24, УАЗ к-т  1,00	CarParts
Вкладыши шатунные  ГАЗ 24, УАЗ к-т  1,25	CarParts
Вкладыши шатунные  ГАЗ 24, УАЗ к-т  1,50	CarParts
Вкладыши шатунные  ГАЗ 4301 к-т  0,05      (6 цилиндр.)	CarParts
Вкладыши шатунные  ГАЗ 51, 52 к-т  0,05	CarParts
Вкладыши шатунные  ГАЗ 51, 52 к-т  0,25	CarParts
Вкладыши шатунные  ГАЗ 51, 52 к-т  0,50	CarParts
Вкладыши шатунные  ГАЗ 51, 52 к-т  0,75	CarParts
Вкладыши шатунные  ГАЗ 51, 52 к-т  1,00	CarParts
Вкладыши шатунные  ГАЗ 51, 52 к-т  1,25	CarParts
Вкладыши шатунные  ГАЗ 51, 52 к-т  1,50	CarParts
Вкладыши шатунные  ГАЗ 53 к-т   станд.	CarParts
Вкладыши шатунные  ГАЗ 53 к-т  0,05	CarParts
Вкладыши шатунные  ГАЗ 53 к-т  0,25	CarParts
Вкладыши шатунные  ГАЗ 53 к-т  0,50	CarParts
Вкладыши шатунные  ГАЗ 53 к-т  0,75	CarParts
Вкладыши шатунные  ГАЗ 53 к-т  1,00	CarParts
Вкладыши шатунные  ГАЗ 53 к-т  1,25	CarParts
Вкладыши шатунные  ГАЗ 53 к-т  1,50	CarParts
Вкладыши шатунные  Д-144    к-т     станд.	CarParts
Вкладыши шатунные  Д-144    к-т   2,865	CarParts
Вкладыши шатунные  Д-144    к-т   2,990	CarParts
Вкладыши шатунные  Д-144    к-т   3,240	CarParts
Вкладыши шатунные  Д-144    к-т   3,490	CarParts
Вкладыши шатунные  Д-144    к-т   3,740	CarParts
Вкладыши шатунные   к-т   станд.	CarParts
Вкладыши шатунные   к-т  0,25	CarParts
Вкладыши шатунные   к-т  0,50	CarParts
Вкладыши шатунные   к-т  0,75	CarParts
Вкладыши шатунные   к-т  1,00	CarParts
Вкладыши шатунные   к-т  1,25	CarParts
Вкладыши шатунные   к-т  1,50	CarParts
Вкладыши шатунные  ЗМЗ  405, 406 к-т   станд.	CarParts
Вкладыши шатунные  ЗМЗ  405, 406 к-т   станд. "PREMIUM"	CarParts
Вкладыши шатунные  ЗМЗ  405, 406 к-т  0,25	CarParts
Вкладыши шатунные  ЗМЗ  405, 406 к-т  0,25 "PREMIUM"	CarParts
Вкладыши шатунные  ЗМЗ  405, 406 к-т  0,50	CarParts
Вкладыши шатунные  ЗМЗ  405, 406 к-т  0,75	CarParts
Вкладыши шатунные  ЗМЗ  405, 406 к-т  0,75      "ТУРБО"	CarParts
Вкладыши шатунные  ЗМЗ  405, 406 к-т  1,00	CarParts
Вкладыши шатунные  ЗМЗ 514 к-т   станд.	CarParts
Вкладыши шатунные  ЗМЗ 514 к-т  0,25	CarParts
Вкладыши шатунные   740  к-т   2,00   станд.	CarParts
Вкладыши шатунные   740  к-т   Р1	CarParts
Вкладыши шатунные   740  к-т   Р2	CarParts
Вкладыши шатунные   740  к-т   Р4	CarParts
Вкладыши шатунные   740  к-т   Р5	CarParts
Вкладыши шатунные   740  к-т   Р6	CarParts
Вкладыши шатунные   740  к-т   Р7	CarParts
Вкладыши шатунные   740 ЕВРО 0, 1, 2   к-т    станд.	CarParts
Вкладыши шатунные   740 ЕВРО 0, 1, 2   к-т   0,25	CarParts
Вкладыши шатунные   740 ЕВРО 0, 1, 2   к-т   0,50	CarParts
Вкладыши шатунные   740 ЕВРО 0, 1, 2   к-т   0,75 ( R7405-1000104-P02)	CarParts
Вкладыши шатунные   740 ЕВРО 0, 1, 2   к-т   1,0	CarParts
Вкладыши шатунные   740 ЕВРО 3,4,5  к-т    станд.	CarParts
Вкладыши шатунные   740 ЕВРО 3,4,5  к-т   0,25	CarParts
Вкладыши шатунные   740 ЕВРО 3,4,5  к-т   1,00	CarParts
Вкладыши шатунные  ММЗ 240, 245 к-т   станд. 1	CarParts
Вкладыши шатунные  ММЗ 240, 245 к-т   станд. 2	CarParts
Вкладыши шатунные  ММЗ 240, 245 к-т  0,75	CarParts
Вкладыши шатунные  ММЗ 240, 245 к-т  1,25	CarParts
Вкладыши шатунные  ММЗ 240, 245 к-т  1,75	CarParts
Вкладыши шатунные  ММЗ 240, 245 к-т  2,25	CarParts
Вкладыши шатунные  ММЗ 245 ЕВРО 4 к-т  0,25	CarParts
Вкладыши шатунные  ММЗ 245 ЕВРО 4 к-т  станд.	CarParts
Вкладыши шатунные  ММЗ 260 к-т     станд.	CarParts
Вкладыши шатунные  ММЗ 260 к-т   0,25	CarParts
Вкладыши шатунные  ММЗ 260 к-т   0,75	CarParts
Вкладыши шатунные  ММЗ 260 к-т   1,25	CarParts
Вкладыши шатунные  ММЗ 260 к-т   1,75	CarParts
Вкладыши шатунные  ММЗ 260 к-т   2,25	CarParts
Вкладыши шатунные  ММЗ-Д50 к-т    станд.	CarParts
Вкладыши шатунные  ММЗ-Д50 к-т  0,25	CarParts
Вкладыши шатунные  ММЗ-Д50 к-т  0,50	CarParts
Вкладыши шатунные  ММЗ-Д50 к-т  0,75	CarParts
Вкладыши шатунные  ММЗ-Д50 к-т  1,25	CarParts
Вкладыши шатунные  ММЗ-Д50 к-т  1,75	CarParts
Вкладыши шатунные  ММЗ-Д50 к-т  2,25	CarParts
Вкладыши шатунные   412 к-т   станд.	CarParts
Вкладыши шатунные   412 к-т  0,05	CarParts
Вкладыши шатунные   412 к-т  0,25	CarParts
Вкладыши шатунные   412 к-т  0,50	CarParts
Вкладыши шатунные   412 к-т  0,75	CarParts
Вкладыши шатунные   412 к-т  1,00	CarParts
Вкладыши шатунные   412 к-т  1,25	CarParts
Вкладыши шатунные   412 к-т  1,50	CarParts
Вкладыши шатунные   к-т  0,50	CarParts
Вкладыши шатунные   к-т  0,75	CarParts
Вкладыши шатунные   к-т  1,00	CarParts
Вкладыши шатунные  СМД-14    к-т     станд.	CarParts
Вкладыши шатунные  СМД-14    к-т    0,25	CarParts
Вкладыши шатунные  СМД-14    к-т    0,75	CarParts
Вкладыши шатунные  СМД-14    к-т    1,25	CarParts
Вкладыши шатунные  СМД-14    к-т    1,75	CarParts
Вкладыши шатунные  ЯМЗ 236  к-т   Р5	CarParts
Вкладыши шатунные  ЯМЗ 236  к-т   Р6	CarParts
Вкладыши шатунные  ЯМЗ 236  к-т   станд. (без заглушек)	CarParts
Вкладыши шатунные  ЯМЗ 236  к-т  0,25   (без заглушек)	CarParts
Вкладыши шатунные  ЯМЗ 236  к-т  0,50   (без заглушек)	CarParts
Вкладыши шатунные  ЯМЗ 236  к-т  0,75   (без заглушек)	CarParts
Вкладыши шатунные  ЯМЗ 236  к-т  1,00   (без заглушек)	CarParts
Вкладыши шатунные  ЯМЗ 236  к-т  1,25   (без заглушек)	CarParts
Вкладыши шатунные  ЯМЗ 238  к-т   Р5	CarParts
Вкладыши шатунные  ЯМЗ 238  к-т   Р6	CarParts
Вкладыши шатунные  ЯМЗ 238  к-т   станд. (без заглушек)	CarParts
Вкладыши шатунные  ЯМЗ 238  к-т  0,25   (без заглушек)	CarParts
Вкладыши шатунные  ЯМЗ 238  к-т  0,50   (без заглушек)	CarParts
Вкладыши шатунные  ЯМЗ 238  к-т  0,75   (без заглушек)	CarParts
Вкладыши шатунные  ЯМЗ 238  к-т  1,00   (без заглушек)	CarParts
Вкладыши шатунные  ЯМЗ 238  к-т  1,25   (без заглушек)	CarParts
Вкладыши шатунные  ЯМЗ 240  к-т   Р4	CarParts
Вкладыши шатунные  ЯМЗ 240  к-т   Р5	CarParts
Вкладыши шатунные  ЯМЗ 240  к-т   Р6	CarParts
Вкладыши шатунные  ЯМЗ 536  к-т   станд. 	CarParts
Вкладыши шатунные  ЯМЗ 840  к-т   Р1	CarParts
Вкладыши шатунные  ЯМЗ 840  к-т   Р2	CarParts
Вкладыши шатунные  ЯМЗ 840  к-т   Р3	CarParts
Вкладыши шатунные дв. Chrysler (507) (на 1 шатун) (к-т)	CarParts
Вкладыши шатунные дв. Chrysler (на 1 шатун) (к-т) 0,25	CarParts
Воздуховод от отопителя к боковому стеклу ГАЗель NTXT, ГАЗон NEXT  прав.	CarParts
Воздуховод отопителя ветрового стекла ГАЗ 3302  прав.	CarParts
Воздуховод отопителя ветрового стекла ГАЗ 3302 лев.	CarParts
Воздухозаборник (короб) радиатора отопителя УАЗ 452 н/обр.	CarParts
Воздухозаборник УАЗ 3163 "Патриот" с креплением	CarParts
Воздухозаборник УАЗ 469 (4х4)	CarParts
Воздухозаборник шноркеля (оголовок) УАЗ 3163 "Патриот"   602031	CarParts
Войлок+пружина сальника повор. кулака УАЗ 31519 " Хантер", 3163 " Патриот"	CarParts
Вставка (ремонтная деталь) арки крыла ГАЗ 2705  прав. (ОДО.К.Д. (27))	CarParts
Вставка (ремонтная деталь) арки крыла ГАЗ 2705 лев. (ОДО.К.Д. (26))	CarParts
Вставка (ремонтная деталь) боковины бензобака ГАЗ 2705  (ОДО.К.Д. (30))	CarParts
Вставка (ремонтная деталь) заднего крыла ГАЗ 2705  прав. (хвост) (ОДО.К.Д. (29))	CarParts
Вставка (ремонтная деталь) заднего крыла ГАЗ 2705 лев. (хвост) (ОДО.К.Д. (28))	CarParts
Вставка пружины межвитковая ВАЗ, Иномарки (к-т 6 шт.) "Полиэдр"	CarParts
Вставка решетки радиатора  ГАЗ 3110  прав. (пластм.)	CarParts
Вставка решетки радиатора  ГАЗ 3110 лев.    (пластм.)	CarParts
Вставка решетки радиатора ГАЗель (к-т 3 шт.)	CarParts
Вставка уплотнительная рычага КПП 	CarParts
Втулка амортизатора ВАЗ 2101-2107, 2121 полиуретан (к-т. 4 шт.)	CarParts
Втулка амортизатора ГАЗ 2217 верх. (резина)	CarParts
Втулка амортизатора ГАЗ 24  перед. верх. (подушка)	CarParts
Втулка амортизатора ГАЗ 24  перед. верх. (подушка) полиуретан	CarParts
Втулка амортизатора ГАЗ 24  перед. ниж. в сб. (ремонт. d=30)	CarParts
Втулка амортизатора ГАЗ 24  перед. ниж. в сб. (стандарт d=28)	CarParts
Втулка амортизатора ГАЗ 24 нижн., УАЗ	CarParts
Втулка амортизатора ГАЗ 24 нижн., УАЗ  (завод)	CarParts
Втулка амортизатора ГАЗ 24 нижн., УАЗ  (к-т 4 шт.) полиуретан	CarParts
Втулка амортизатора ГАЗ 24 нижн., УАЗ  (к-т 4 шт.) полиуретан    ( RB S 0381)	CarParts
Втулка амортизатора ГАЗ 24 нижн., УАЗ  (к-т 8 шт.) полиуретан   ( RB S 0380)	CarParts
Втулка амортизатора ГАЗ 24 нижн., УАЗ  (с насечкой)	CarParts
Втулка амортизатора ГАЗ 24 нижн., УАЗ  (с насечкой) полиуретан	CarParts
Втулка амортизатора ГАЗ 24 нижн., УАЗ  (с насечкой) полиуретан СИНЯЯ	CarParts
Втулка амортизатора ГАЗ 53, 3307, 3310	CarParts
Втулка амортизатора ГАЗ 53, 3307, 3310 полиуретан	CarParts
Втулка амортизатора ГАЗель NEXT заднего (сайлентблок) (24-2915432-01)	CarParts
Втулка амортизатора ГАЗель NEXT перед. верх. в сб. (полиуретан)	CarParts
Втулка амортизатора ГАЗель NEXT перед. ниж. в сб. (сайлентблок) 	CarParts
Втулка амортизатора ГАЗель NEXT перед. ниж. в сб. (сайлентблок) (полиуретан)	CarParts
Втулка амортизатора , 5301	CarParts
Втулка амортизатора , 5301 "Полиэдр"	CarParts
Втулка амортизатора 	CarParts
Втулка амортизатора ПАЗ, 	CarParts
Втулка амортизатора ПАЗ,  полиуретан	CarParts
Втулка амортизатора УАЗ 31519, 3160 нижняя металл.	CarParts
Втулка амортизатора УАЗ 3160, 31519 " Хантер" 	CarParts
Втулка амортизатора УАЗ 3160, 31519 " Хантер"  полиуретан 	CarParts
Втулка амортизатора УАЗ 3160, 31519 " Хантер"  полиуретан  (L=36 мм.) (к-т. 2 шт.) 	CarParts
Втулка амортизатора УАЗ 3160, 31519 " Хантер"  полиуретан  (L=42 мм.) (к-т. 2 шт.) 	CarParts
Втулка амортизатора УАЗ 3160, 31519 " Хантер"  полиуретан (ТД Автопрофи)	CarParts
Втулка амортизатора УАЗ 3162, 3163 " Патриот" верх. (подушка)   завод	CarParts
Втулка амортизатора УАЗ 3162, 3163 " Патриот" верх. (подушка)  (к-т 2 шт.)  полиуретан   542040	CarParts
Втулка амортизатора УАЗ 3162, 3163 " Патриот" верх. (подушка)  (к-т 4 шт.)  полиуретан 	CarParts
Втулка амортизатора УАЗ 3162, 3163 " Патриот" верх. (подушка)  (к-т 4 шт.) полиуретан    ( RB S 0382)	CarParts
Втулка амортизатора УАЗ 3162, 3163 " Патриот" верх. (подушка)  полиуретан	CarParts
Втулка балансира (ушка пружины) ПАЗ 3205	CarParts
Втулка балансира (ушка пружины) ПАЗ 3205 полиуретан	CarParts
Втулка бачка омывателя ГАЗ, ВАЗ (d= 11 мм.)	CarParts
Втулка бачка омывателя ГАЗель "NEXT", Бизнес (для бочка в нишу крыла)	CarParts
Втулка болта сцепления ГАЗ, УАЗ (03000009) ( шт.)	CarParts
Втулка буфера передней подвески УАЗ 31519, 3160, 3163	CarParts
Втулка вал распределительного ГАЗ 33106 " Валдай", ГАЗон NEXT, ПАЗ,  дв.Cummins ISF 3,8; ISBe, 4BT, 6BT	CarParts
Втулка вала педали сцепления УАЗ 452	CarParts
Втулка вала педали сцепления УАЗ 469	CarParts
Втулка глушителя ГАЗ 3302, 2217 ЕВРО-3 в сб. с крепежом 	CarParts
Втулка к/вала под сальник дв. 406	CarParts
Втулка к/вала под сальник дв. 406  ст/обр.  (со шпоночным пазом)  (100503)	CarParts
Втулка к/вала под сальник дв. 406 н/обр. (без шпоночного паза)  (100504)	CarParts
Втулка кожуха ГРМ ВАЗ 2108 (привода с/очистителя УАЗ 3160)	CarParts
Втулка коллектора впускного ГАЗель Бизнес, NEXT, ГАЗ 33106 " Валдай" дв.Cummins ISF 2,8, 3,8	CarParts
Втулка коллектора выпускного ГАЗель Бизнес, NEXT дв.Cummins ISF 2,8	CarParts
Втулка корпуса воздушного фильтра ЗМЗ 402	CarParts
Втулка напр. впускного клапана ГАЗ 24, УАЗ	CarParts
Втулка напр. впускного клапана УМЗ А274 EvoTech 2.7	CarParts
Втулка напр. выпускного клапана ГАЗ 53	CarParts
Втулка напр. выпускного клапана УМЗ А274 EvoTech 2.7	CarParts
Втулка напр. клапана ГАЗ 52 (к-т 12 шт.)	CarParts
Втулка напр. клапана ГАЗ 53 (к-т 16 шт.)	CarParts
Втулка напр. клапана (к-т 16 шт.)	CarParts
Втулка напр. клапана ЗМЗ 402, УАЗ (к-т 8 шт.)	CarParts
Втулка напр. клапана ЗМЗ 402, УАЗ (к-т 8 шт.)       RD01314	CarParts
Втулка напр. клапана ЗМЗ 402, УАЗ (к-т 8 шт.) рем.	CarParts
Втулка напр. клапана ЗМЗ 406 (к-т 16 шт.) 	CarParts
Втулка напр. клапана ЗМЗ 406 (к-т 16 шт.)               RD01416	CarParts
Втулка напр. клапана УАЗ 421 (к-т 8 шт.)	CarParts
Втулка напр. клапана УАЗ 421 (к-т 8 шт.)                 RD01024	CarParts
Втулка опорн. конца продол. штанги УАЗ 3160, 31519	CarParts
Втулка опорн. конца продол. штанги УАЗ 3160, 31519  полиуретан	CarParts
Втулка опорн. конца продол. штанги УАЗ 3160, 31519  полиуретан  (ТД Автопрофи)	CarParts
Втулка опорн. конца продол. штанги УАЗ 3160, 31519  полиуретан (к-т. 2 шт.)	CarParts
Втулка опоры рул. вала УАЗ 3163 " Патриот"	CarParts
Втулка оси бл педалей ГАЗ 24, 3302	CarParts
Втулка оси з/х КПП ГАЗ 31029	CarParts
Втулка оси педали тормоза УАЗ 452	CarParts
Втулка п/оси запорная ГАЗ 24	CarParts
Втулка педали акселератора ГАЗ 24, 3302	CarParts
Втулка передней подв. ГАЗ 24, 2410 верх.	CarParts
Втулка передней подв. ГАЗ 24, 2410 верх. полиуретан (к-т 2 шт.)	CarParts
Втулка передней подв. ГАЗ 24, 2410 нижн.	CarParts
Втулка передней подв. ГАЗ 3102, 31029, 3110 верх.	CarParts
Втулка передней подв. ГАЗ 3102, 31029, 3110 верх. (завод)	CarParts
Втулка передней подв. ГАЗ 3102, 31029, 3110 верх. (к-т 2 шт.) полиуретан	CarParts
Втулка передней подв. ГАЗ 3102, 31029, 3110 нижн.	CarParts
Втулка передней подв. ГАЗ 3102, 31029, 3110 нижн. (к-т 2 шт.) полиуретан	CarParts
Втулка подшип. втор. вала ГАЗ 33081, 3309, 33104 (5-и ступ.)	CarParts
Втулка приемной трубы ГАЗ 3302  УМЗ 4216  ЕВРО-3 (к-т 2 шт.)	CarParts
Втулка промежуточного вала ЗМЗ 406 (к-т 2 шт.)	CarParts
Втулка разжимная рулевого управления ГАЗ 24, 53, УАЗ	CarParts
Втулка разрезная верхнего шкворня УАЗ 236021, 236022 Профи	CarParts
Втулка распорн. колен. вала ЗМЗ 406 зад. (пластмас.)	CarParts
Втулка распорная перед. подвески верхн. рычага ГАЗ 24	CarParts
Втулка распорная перед. подвески верхн. рычага ГАЗ 24 (к-т 4 шт.)	CarParts
Втулка распорная перед. подвески верхн. рычага ГАЗ 3110	CarParts
Втулка распорная перед. подвески нижн. рычага ГАЗ 24	CarParts
Втулка распорная подшипн. вторичн. вала КПП ГАЗ 53, 66, 3307, 3308	CarParts
Втулка распорная подшипн. вторичн. вала КПП УАЗ н/обр.	CarParts
Втулка распорная пром. вала КПП УАЗ ст/обр.	CarParts
Втулка распорная хвостовика ГАЗ 31105	CarParts
Втулка распорная хвостовика ГАЗ 3302	CarParts
Втулка распорная хвостовика УАЗ 31519 " Хантер", 3163 " Патриот"	CarParts
Втулка распорная хвостовика УАЗ 469 (редукт мост)	CarParts
Втулка распредвала  ГАЗель Бизнес, NEXT дв.Cummins ISF 2,8 "Cummins/Foton"	CarParts
Втулка распредвала  ПАЗ,, Cummins ISBe 4BT.6BT	CarParts
Втулка распределителя зажигания  к-т	CarParts
Втулка реактивной штанги ВАЗ 2101-2107, 2121 (большая) полиуретан	CarParts
Втулка реактивной штанги ВАЗ 2101-2107, 2121 (малая) полиуретан	CarParts
Втулка резьбовая перед. подвески ГАЗ 24 (к-т 4 шт.)	CarParts
Втулка резьбовая перед. подвески ГАЗ 24 (к-т 4 шт.) 	CarParts
Втулка резьбовая перед. подвески ГАЗ 24 (к-т 4 шт.)  G-PART	CarParts
Втулка рессоры ГАЗ 24 ст/обр. (сайлентблок)	CarParts
Втулка рессоры ГАЗ 24, 31029	CarParts
Втулка рессоры ГАЗ 24, 31029 (Завод)	CarParts
Втулка рессоры ГАЗ 24, 31029 полиуретан (к-т 12 шт.)	CarParts
Втулка рессоры ГАЗ 24, 31029 полиуретан СИНЯЯ	CarParts
Втулка рессоры ГАЗ 31105  (сайлентблок)	CarParts
Втулка рессоры ГАЗ 3302	CarParts
Втулка рессоры ГАЗ 3302     ВМ.1044	CarParts
Втулка рессоры ГАЗ 3302    (SB 432)	CarParts
Втулка рессоры ГАЗ 3302    906-504	CarParts
Втулка рессоры ГАЗ 3302    SB70-101	CarParts
Втулка рессоры ГАЗ 3302   синяя	CarParts
Втулка рессоры ГАЗ 3302  (к-т 6 шт.)	CarParts
Втулка рессоры ГАЗ 3302  (полиуретан) 	CarParts
Втулка рессоры ГАЗ 3302  (полиуретан)    (SB S 432)	CarParts
Втулка рессоры ГАЗ 3302  (полиуретан) (КРАСНЫЙ)	CarParts
Втулка рессоры ГАЗ 3302 "Бизнес", 3310 "Валдай" перед.	CarParts
Втулка рессоры ГАЗ 3302 "Бизнес", 3310 "Валдай" перед.  	CarParts
Втулка рессоры ГАЗ 3302 "Бизнес", 3310 "Валдай" перед.  "Стандарт"	CarParts
Втулка рессоры ГАЗ 3302 "Бизнес", 3310 "Валдай" перед. (полиуретан)	CarParts
Втулка рессоры ГАЗ 3302 (Феникс-Авто)	CarParts
Втулка рессоры ГАЗ 3302 н/обр., 3310 "Валдай"	CarParts
Втулка рессоры ГАЗ 3302 н/обр., 3310 "Валдай" 	CarParts
Втулка рессоры ГАЗ 3302 н/обр., 3310 "Валдай" полиуретан	CarParts
Втулка рессоры ГАЗ 3302 н/обр., 3310 "Валдай" полиуретан (разборная)	CarParts
Втулка рессоры ГАЗель NEXT, ГАЗон NEXT, 3310 "Валдай", УАЗ 236021, 236022  Профи (резино-метал.)	CarParts
Втулка рессоры ГАЗель NEXT, ГАЗон NEXT, 3310 "Валдай", УАЗ 236021, 236022  Профи (резино-метал.) (полиуретан)	CarParts
Втулка рессоры ГАЗель NEXT, ГАЗон NEXT, 3310 "Валдай", УАЗ 236021, 236022  Профи (резино-метал.) (Полиэдр г.Климовск)	CarParts
Втулка рессоры ГАЗель NEXT, ГАЗон NEXT, 3310 "Валдай", УАЗ 236021, 236022  Профи (резино-метал.) (СПАЗ г.Самара)	CarParts
Втулка рессоры 5301 н/обр.	CarParts
Втулка рессоры УАЗ 3160, 31519 " Хантер"	CarParts
Втулка рессоры УАЗ 3160, 31519 " Хантер" 	CarParts
Втулка рессоры УАЗ 3160, 31519 " Хантер" полиуретан	CarParts
Втулка рессоры УАЗ 3160, 31519 " Хантер" полиуретан  	CarParts
Втулка рессоры УАЗ 3160, 31519 " Хантер" полиуретан  КРАСНЫЙ	CarParts
Втулка рессоры УАЗ 3160, 31519 " Хантер" полиуретан (к-т  2 шт.) 	CarParts
Втулка рессоры УАЗ 3160, 31519 " Хантер" полиуретан (к-т  4 шт.)    (RB S 0385)	CarParts
Втулка рессоры УАЗ 3160, 31519 " Хантер" полиуретан (к-т 12 шт.) 	CarParts
Втулка рессоры УАЗ 3163 " Патриот" (резино-метал.) н/обр., УАЗ 452 (3-х лист.)	CarParts
Втулка рессоры УАЗ 3163 " Патриот" (резино-метал.) н/обр., УАЗ 452 (3-х лист.) 	CarParts
Втулка рессоры УАЗ 3163 " Патриот" (резино-метал.) н/обр., УАЗ 452 (3-х лист.)  полиуретан (КРАСНЫЙ)	CarParts
Втулка рессоры УАЗ 3163 " Патриот" (резино-метал.) н/обр., УАЗ 452 (3-х лист.) (к-т 2 шт.) полиуретан	CarParts
Втулка рессоры УАЗ 3163 " Патриот" (резино-метал.) н/обр., УАЗ 452 (3-х лист.) (к-т 2 шт.) полиуретан     545020	CarParts
Втулка рессоры УАЗ 3163 " Патриот" (резино-метал.) н/обр., УАЗ 452 (3-х лист.) (к-т 2 шт.) полиуретан   ( SB S 0343)	CarParts
Втулка рессоры УАЗ 469	CarParts
Втулка рессоры УАЗ 469  	CarParts
Втулка рессоры УАЗ 469 (завод)	CarParts
Втулка рессоры УАЗ 469 полиуретан  	CarParts
Втулка рессоры УАЗ 469 полиуретан (к-т  2 шт.)  	CarParts
Втулка рессоры УАЗ 469 полиуретан (к-т  4 шт.)   544020	CarParts
Втулка рессоры УАЗ 469 полиуретан (к-т 12 шт.) 	CarParts
Втулка рычага КПП ГАЗель Бизнес, "NEXT", ГАЗ 31105 (сайлентблок)	CarParts
Втулка рычага маятника ГАЗ 24 (пластмасса) на подшипн.	CarParts
Втулка рычага маятника ГАЗ 24 (резина)	CarParts
Втулка сайлентбл УАЗ 31519, 3163 поперечной тяги	CarParts
Втулка сайлентбл УАЗ 31519, 3163 продольной тяги	CarParts
Втулка сальника ступицы перед. и задн. моста ГАЗ 3307, 53, 3309, Валдай	CarParts
Втулка сальника ступицы перед. и задн. моста УАЗ	CarParts
Втулка сальника ступицы редукт. моста УАЗ	CarParts
Втулка сальника ступицы УАЗ " Профи"	CarParts
Втулка сбрасывателя переключ. с контактом ГАЗ 31105	CarParts
Втулка соединит. бачка гл. цил. тормозов ГАЗ 2410, 3307	CarParts
Втулка соединительная нейтрализатора ГАЗ 3302, 2217 ЕВРО-3 в сб. с крепежом 	CarParts
Втулка стойки заднего стабилизатора ГАЗ 3110, 31105	CarParts
Втулка стойки заднего стабилизатора ГАЗ 3110, 31105 полиуретан	CarParts
Втулка стойки заднего стабилизатора ГАЗ 3310 "Валдай"	CarParts
Втулка стойки заднего стабилизатора ГАЗ 3310 "Валдай" полиуретан	CarParts
Втулка стойки переднего стабилизатора ГАЗ 3310 "Валдай"	CarParts
Втулка стойки переднего стабилизатора ГАЗ 3310 "Валдай" полиуретан	CarParts
Втулка стойки стабилизатора ГАЗ 2217	CarParts
Втулка стойки стабилизатора ГАЗ 2217 (к-т. 2 шт.) (полиуретан)	CarParts
Втулка стойки стабилизатора ГАЗ 2217, 2705 (конца продольной штанги) "каблук"	CarParts
Втулка стойки стабилизатора ГАЗ 2217, 2705 (конца продольной штанги) "каблук" (полиуретан)	CarParts
Втулка стойки стабилизатора ГАЗ 2217, 2705 (конца продольной штанги) "каблук" (полиуретан) (к-т. 2 шт.)	CarParts
Втулка стойки стабилизатора ГАЗ 2217, 2705 средн. "бочонок"	CarParts
Втулка стойки стабилизатора ГАЗ 2217, 2705 средн. "бочонок" (полиуретан)	CarParts
Втулка стойки стабилизатора ГАЗ 2217, 2705 средн. "бочонок" (полиуретан) (к-т. 2 шт.)	CarParts
Втулка стойки стабилизатора ГАЗ 24	CarParts
Втулка стойки стабилизатора ГАЗ 24 (полиуретан)	CarParts
Втулка торсиона ГАЗ 24, 31105 (металл.)	CarParts
Втулка торсиона кабины 	CarParts
Втулка удлинителя КПП ГАЗ 2410, 3110, 3302	CarParts
Втулка уплотн. крепления глушителя, отопителя, КПП ГАЗ 24, 3302	CarParts
Втулка уплотн. крышки клапанов дв. 406	CarParts
Втулка уплотн. крышки клапанов дв. 406 (завод)	CarParts
Втулка уплотн. крышки клапанов дв. 406 силикон	CarParts
Втулка уплотн. крышки коромысел ГАЗ 53	CarParts
Втулка уплотн. крышки коромысел ГАЗ 53 (завод)	CarParts
Втулка уплотнительная клапана в/усил. ГАЗ 2410, 3302	CarParts
Втулка цапфы УАЗ	CarParts
Втулка шатуна ГАЗ 24, 3110, 53, УАЗ	CarParts
Втулка шатуна ГАЗ 51, 52 (03000035)	CarParts
Втулка шатуна ГАЗель Бизнес, NEXT дв.Cummins ISF 2,8 "Cummins/Foton"	CarParts
Втулка шатуна ЗИЛ	CarParts
Втулка шатуна ЗМЗ 406	CarParts
Втулка шатуна  (верх.)	CarParts
Втулка шатуна ММЗ 240, 245	CarParts
Втулка шестерен вторичного вала ГАЗ 33081, 3309, 33104 (5-и ступ.)	CarParts
Втулка шестерни 2-й перед. КПП УАЗ  5-и ступ. АДС	CarParts
Втулка шестерни 2-й перед. КПП УАЗ (5-и ступ. АДС, BAIC)	CarParts
Втулка шестерни 3-й перед. КПП УАЗ  ст/обр.	CarParts
Втулка шестерни 3-й перед. КПП УАЗ (Dymos)  43243T00300	CarParts
Втулка шкворня "Валдай"	CarParts
Втулка шкворня ГАЗ 3302	CarParts
Втулка шкворня ГАЗ 33027 (полный привод)	CarParts
Втулка шкворня ГАЗ 53	CarParts
Втулка шкворня ПАЗ, 	CarParts
Втулка шкворня поворотного кулака УАЗ	CarParts
Втулка шкворня поворотного кулака УАЗ 31519, 3163	CarParts
Втулка шкворня поворотного кулака УАЗ 31519, 3163 (к-т 4 шт.)	CarParts
Втулка штанги стабилизатора ГАЗ 2217, 2752 (подушка)	CarParts
Втулка штанги стабилизатора ГАЗ 2217, 2752 (подушка) (к-т. 2 шт.) (полиуретан)	CarParts
Втулка штанги стабилизатора ГАЗ 24 (разрезная)	CarParts
Втулка штанги стабилизатора ГАЗ 24, 3110 (подушка)	CarParts
Втулка штанги стабилизатора ГАЗ 3110, 31105 (разрезная)	CarParts
Втулка штанги стабилизатора ГАЗ 3110, 31105 (разрезная) (полиуретан)	CarParts
Втулка штанги стабилизатора ГАЗ 3302 н/обр., ГАЗель Бизнес задн.	CarParts
Втулка штанги стабилизатора ГАЗ 3302 н/обр., ГАЗель Бизнес задн.  (Завод)	CarParts
Втулка штанги стабилизатора ГАЗ 3302 н/обр., ГАЗель Бизнес задн.  (полиуретан)	CarParts
Втулка штанги стабилизатора ГАЗ 3302 н/обр., ГАЗель Бизнес задн. (к-т. 2 шт.) (полиуретан)	CarParts
Втулка штанги стабилизатора ГАЗель Бизнес перед.	CarParts
Втулка штанги стабилизатора ГАЗель Бизнес перед. (полиуретан)	CarParts
Втулка штанги стабилизатора ПАЗ 3204 перед. 	CarParts
Втулка штанги стабилизатора ПАЗ 3206  перед.	CarParts
Втулка штанги стабилизатора ПАЗ 3206  перед. (полиуретан)	CarParts
Втулка штанги стабилизатора ПАЗ 3206 задн. 	CarParts
Втулка штанги стабилизатора ПАЗ 3206 задн. (полиуретан)	CarParts
Втулка-вкладыш компрессора  ЕВРО (одноцилиндр.) перед.	CarParts
Втулки избират. рычага КПП УАЗ 452 (р/к флажка)	CarParts
Втулки избират. рычага КПП УАЗ 452 (р/к флажка) 	CarParts
Втулки избират. рычага КПП УАЗ 452 (р/к флажка) полиуретан	CarParts
Втулки распредвала ГАЗ 24, УАЗ к-т	CarParts
Втулки распредвала ГАЗ 53 к-т	CarParts
Втулки распредвала ЯМЗ к-т	CarParts
Втулки стартера ГАЗ 24, УАЗ к-т 2 шт. (мал.) для "БАТЭ"	CarParts
Втулки стартера ГАЗ 24, УАЗ к-т 3 шт. (мал.) для "БАТЭ"  (ВСК-3)	CarParts
Втулки стартера ГАЗ 24, УАЗ к-т 3 шт. (мал.) для "БАТЭ" ( ВСК-3)   (03000018)	CarParts
Втулки стартера ГАЗ 24, УАЗ к-т 3 шт. (мал.) для "КЗАТЭ" (03000021)	CarParts
Втулки стартера ГАЗ 53, 24, УАЗ к-т 3 шт. (больш.) для "БАТЭ"  (ВСК-7)	CarParts
Втулки стартера ГАЗ 53, 24, УАЗ к-т 3 шт. (больш.) для "БАТЭ" ( ВСК-7)  (03000016)	CarParts
Втулки стартера 5301 " Бычок" к-т 3 шт. для стартера "БАТЭ"  (ВСК-9)	CarParts
Втулки стартера 5301 " Бычок" к-т 3 шт. для стартера "КЗАТЭ"   (ВСК-6)	CarParts
Втулки стартера ЗМЗ 405, 406, 409 к-т 3 шт. для "БАТЭ" (03000059)	CarParts
Втулки стартера   к-т 4 шт. (ВСК-4)	CarParts
Выключатель "массы /плюса"   150 А      901205	CarParts
Выключатель "массы /плюса"   250 А      901250	CarParts
Выключатель "массы /плюса"   500 А      901240	CarParts
Выключатель "массы" 12 В. электрический         (1300.3737)	CarParts
Выключатель "массы" 24 В. электрический         (1410.3737)	CarParts
Выключатель "массы" 24 В. электрический         (1420.3737)	CarParts
Выключатель "массы" кнопочный ст/обр.              (ВК-318-Б)	CarParts
Выключатель "массы" флажковый н/обр.              (ВК-318-Б)	CarParts
Выключатель блокировки дифференциала УАЗ 236021, 236022 Профи   (77.3709-04.95)	CarParts
Выключатель дверей ГАЗ, ВАЗ, ПАЗ                       (ВК-407)	CarParts
Выключатель доп. отопителя Газель Бизнес, NEXT, ГАЗон NEXT    (997.3710-07.44)	CarParts
Выключатель зад. пр/туман. фонаря УАЗ 452  (26.3710-27.24А)	CarParts
Выключатель замков дверей ГАЗ 2410 с ключами	CarParts
Выключатель замков дверей ГАЗ 2705 н/обр. на сдвижную дверь н/обр.  	CarParts
Выключатель замков дверей ГАЗ 2705 н/обр. с корпусом (к-т 4 шт)	CarParts
Выключатель замков дверей ГАЗ 3110 (к-т 2 шт.)	CarParts
Выключатель замков дверей ГАЗ 3110 с ключами с корпусом 	CarParts
Выключатель замков дверей ГАЗ 3302 н/обр. с корпусом 	CarParts
Выключатель замков дверей ГАЗ 3302 н/обр. с корпусом (к-т 2 шт.)	CarParts
Выключатель замков дверей ГАЗ 3302 с ключами ст/обр. с корпусом	CarParts
Выключатель замков дверей ГАЗ 3307 с ключами с корпусом 	CarParts
Выключатель замков дверей ГАЗ 3307 с ключами с корпусом (к-т 2 шт.)	CarParts
Выключатель замков дверей ГАЗель NEXT	CarParts
Выключатель замков дверей ГАЗель NEXT автобус  перед. лев. с ключами	CarParts
Выключатель замков дверей ГАЗель Бизнес с корпусом	CarParts
Выключатель замков дверей ГАЗель Бизнес с корпусом  (212.000)	CarParts
Выключатель замков дверей ГАЗель Бизнес с корпусом  (к-т 3шт)  (213.000)	CarParts
Выключатель замков дверей ГАЗель Бизнес с корпусом  (к-т 3шт)  RD 17406	CarParts
Выключатель замков дверей, багажника ГАЗ 2410, 31029 с ключами (к-т 3 шт.)	CarParts
Выключатель замков дверей, багажника ГАЗ 3110, 31105 с ключами (к-т 3 шт.) (TRUCKMAN)	CarParts
Выключатель замков дверей, багажника ГАЗ 3110, 31105 с ключами с корпусом	CarParts
Выключатель замков дверей, багажника, б/бака ГАЗ 2410, 31029 с ключами (к-т 4 шт.)	CarParts
Выключатель звукового сигнала ГАЗ 3110  прав.	CarParts
Выключатель звукового сигнала ГАЗ 31105	CarParts
Выключатель звукового сигнала ГАЗель NEXT автобус   (2812.3710-03)	CarParts
Выключатель наружн. освещения ГАЗель Бизнес, ГАЗон NEXT  (997.3710-07.08)	CarParts
Выключатель обогрева ветров. стекла УАЗ 3163 " Патриот"  н/обр. (с 04.2012)   (999.3710-07.218)	CarParts
Выключатель обогрева ветров. стекла УАЗ 3163 " Патриот" (до 04.2012)  (999.3710-10.176)	CarParts
Выключатель открывания/закрывания пассажир. дверей ГАЗель NEXT автобус   (2812.3710-03)	CarParts
Выключатель подсветки дверей, капота, багажника УАЗ 3163 "Патриот"  (78.3710-01)	CarParts
Выключатель положения педали сцепл. ГАЗ, УАЗ, ВАЗ 2123        25.3720-02 ( 21.3720-01)  с электр. педалью газа	CarParts
Выключатель положения педали сцепл. ГАЗель NEXT (3.604.072)	CarParts
Выключатель света пан. приб. ГАЗ, УАЗ, ЗИЛ,      (ВК-416-Б-01)	CarParts
Выключатель сигн. открыв. двери, ручн. торм. ВАЗ 2101-2110     (ВК-407-01)	CarParts
Выключатель сигнала ручного тормоза ВАЗ, ГАЗ, ПАЗ                 (ВК-409)	CarParts
Выключатель сигнализации работы трансмиссии УАЗ 3163 " Патриот"       (1342.3768)	CarParts
Выключатель стоп сигналов ГАЗ 31029, 3110, УАЗ         (ВК-412)  метал.	CarParts
Выключатель стоп сигналов ГАЗ 31029, 3110, УАЗ         (ВК-412)  пластм.    (19.3720)	CarParts
Выключатель стоп сигналов ГАЗ 31029, 3110, УАЗ         19.3720 ( ВК-412)	CarParts
Выключатель стоп сигналов ГАЗ 53, 66, УАЗ,         (ВК0125)	CarParts
Выключатель стоп сигналов ГАЗ 53, 66, УАЗ,         (ВК-12 Б)	CarParts
Выключатель стоп сигналов ГАЗ, ВАЗ, ПАЗ                     (15.3720)	CarParts
Выключатель стоп сигналов ГАЗ, УАЗ, ВАЗ 2123        25.3720-01 ( 21.3720)  с электр. педалью газа	CarParts
Выключатель стоп сигналов ГАЗель Бизнес, ГАЗель NEXT, ВАЗ           (211.3720)	CarParts
Выключатель стоп сигналов дв.ЯМЗ          (2812.3829)   пневматич. 	CarParts
Выключатель стоп сигналов     (ВК-13) (05000003)	CarParts
Выключатель стоп сигналов , УрАЛ,        2802.3829 ( ММ125Д)  пневматич. (ключ 22)	CarParts
Выключатель стоп сигналов , УрАЛ,        6042.3829 ( ММ125Д)  пневматич. (ключ 22)	CarParts
Выключатель стоп сигналов , УрАЛ,        6052.3829 ( ММ125Д)  пневматич. (ключ 27)	CarParts
Выключатель стоп сигналов , УрАЛ,        6052.3829-01 ( ММ125Д)  пневматич. (ключ 27) с байонетным разъёмом	CarParts
Выключатель стоп сигналов тракторы МТЗ (с толкателем)       1342.3768-01 ( ВК 12-21)	CarParts
Выключатель стоп сигналов тракторы МТЗ (с шариком)       1342.3768-02 ( ВК 12-41)	CarParts
Выключатель стоп сигналов УАЗ                     (1602.3720)	CarParts
Выключатель стоп сигналов УрАЛ      6052.3829-03 ( ММ125Д)  пневматич. (ключ 27)	CarParts
Выключатель фонарей    з/ хода  ГАЗ 31105, 3302, 3309 н/обр. (Евро разъём) 1352.3768  ( В14.3710)                         	CarParts
Выключатель фонарей    з/ хода  ГАЗ,       (ВК-403)	CarParts
Выключатель фонарей    з/ хода  ГАЗ,       (ВК-403)    BTL-0024RLS	CarParts
Выключатель фонарей    з/ хода  ГАЗ, , ВАЗ       1302.3768      ( ВК-418) увелич. ресурс	CarParts
Выключатель фонарей    з/ хода  ГАЗ, , ВАЗ       1302.3768-01 ( ВК-418)   медные контакты	CarParts
Выключатель фонарей    з/ хода  , БАЗ            1352.3768-02 ( ВК-403) с болтом	CarParts
Выключатель фонарей    з/ хода  , БАЗ            1352.3768-02 ( ВК-403) с винтом	CarParts
Выключатель фонарей    з/ хода  , , КаВЗ, ВАЗ   (большой)   ( ВК-418Д)	CarParts
Выключатель фонарей    з/ хода  , , УрАЛ, ПАЗ ( ВК-24-1)  с байонетным разъёмом	CarParts
Выключатель фонарей    з/ хода  УАЗ     (8802.3710010)       ( ВК-418)	CarParts
Выключатель фонарей    з/ хода КПП УАЗ 5-ступ. (АДС)	CarParts
Выключатель фонарей    з/ хода КПП УАЗ 5-ступ. (АДС, BAIC)	CarParts
Выключатель фонарей    з/ хода КПП УАЗ 5-ступ. (Корея)  47124Т00330	CarParts
Гайка M18x1.5x17  Ступичная левая	CarParts
Гайка M18x1.5x17 Ступичная правая	CarParts
Гайка M18x1.5x9   Левая	CarParts
Гайка M20х1,5х17  Ступицы	CarParts
Гайка болта кард. вала ГАЗ 24, УАЗ                  (М10х1-6Н) (250513)	CarParts
Гайка болта оси нижнего рычага ГАЗ 31105        (М18х1,5)	CarParts
Гайка болта чашки нижнего рычага ГАЗ 24-3110   (М10х1)	CarParts
Гайка ведомой шестерни редукт. моста УАЗ  прав. (М45х1,5)	CarParts
Гайка ведомой шестерни редукт. моста УАЗ лев. (М45х1,5)	CarParts
Гайка вторичного вала ГАЗ 52, 53                         (М22х1,5) ( шт.)	CarParts
Гайка закладная (клинч) облицовки ГАЗ, УАЗ, (М6-6Н) (4595631004)	CarParts
Гайка закладная фары ГАЗ 24, 3110, 3302          (4000019) ( шт.)	CarParts
Гайка колеса ГАЗ 31029, 2217, УАЗ             (М14х1,5-18H)	CarParts
Гайка колеса ГАЗ 31029, 2217, УАЗ (к-т 5 шт.) (М14х1,5-18H)	CarParts
Гайка колеса ГАЗ 3302                                           (М18x1,5)	CarParts
Гайка колеса ГАЗ 3302    (тефлон)                         (М18x1,5)	CarParts
Гайка колеса ГАЗ 3302 (к-т 6 шт.)                          (М18x1,5)	CarParts
Гайка колеса ГАЗ 3302 (секретки) (4 гайки, 2 головки) к-т	CarParts
Гайка колеса ГАЗ 3310 "Валдай", 4301, ПАЗ, 4331 (к-т 6 шт.) (М20х1,5)	CarParts
Гайка колеса ГАЗ 3310 "Валдай", 4301, ПАЗ, 4331 (М20х1,5)	CarParts
Гайка колеса ГАЗ 3310 "Валдай", 4301, ПАЗ, 4331 (М20х1,5)    (тефлон)	CarParts
Гайка колеса ГАЗ 53 (внутр.),                 (М20х1,5) 	CarParts
Гайка колеса ГАЗ 53 (внутр.),                 (М20х1,5) (к-т 6 шт.)	CarParts
Гайка колеса ГАЗ 53 (наруж.)  перед.  прав.        (М20х1,5)	CarParts
Гайка колеса ГАЗ 53 (наруж.)  перед.  прав.        (М20х1,5) (к-т 6 шт.)	CarParts
Гайка колеса ГАЗ 53 (наруж.)  перед. лев.           (М20х1,5)	CarParts
Гайка колеса ГАЗ 53 (наруж.)  перед. лев.           (М20х1,5) (к-т 6 шт.) 	CarParts
Гайка колеса ГАЗ 53 (наруж.) задн.  прав.           (М30х1,5)	CarParts
Гайка колеса ГАЗ 53 (наруж.) задн.  прав.           (М30х1,5) (к-т 6 шт.) 	CarParts
Гайка колеса ГАЗ 53 (наруж.) задн. лев.              (М30х1,5)	CarParts
Гайка колеса ГАЗ 53 (наруж.) задн. лев.              (М30х1,5) (к-т 6 шт.) 	CarParts
Гайка колеса ГАЗон NEXT,  Евро             (М22х1,5)	CarParts
Гайка колеса ГАЗон NEXT,  Евро             (М22х1,5)     (тефлон)	CarParts
Гайка колеса ГАЗон NEXT,  Евро             (М22х1,5) (к-т 10 шт.)	CarParts
Гайка колеса                                               (М18х2,5)	CarParts
Гайка колеса  4310                                     (М20х1,5)	CarParts
Гайка колеса УАЗ  (М14х1,5-35H)     (к-т 5 шт.)    721415	CarParts
Гайка колеса УАЗ  236021, 236022 Профи      (М14х1,5-20H)   (874361)	CarParts
Гайка колеса УАЗ  236021, 236022 Профи      (М14х1,5-20H)   (к-т 6шт.)  (23602-3101040)	CarParts
Гайка колеса УАЗ 3162, 3163 " Патриот"     (М14х1,5-25H)	CarParts
Гайка коллектора ГАЗ, УАЗ (ключ на 14) (латунь)  (М10х1) ( шт.)	CarParts
Гайка коллектора ГАЗ, УАЗ (ключ на 14) (латунь)  (М10х1) выся ( шт.)	CarParts
Гайка коллектора ГАЗ, УАЗ (ключ на 14) (омедн.)  (М10х1) ( шт.)	CarParts
Гайка коллектора ГАЗ, УАЗ (ключ на 17) (латунь)  (М10х1) ( шт.)	CarParts
Гайка коллектора ГАЗ, УАЗ (ключ на 17) (латунь)  (М10х1) выся ( шт.)	CarParts
Гайка коллектора ГАЗ, УАЗ (ключ на 17) (М10х1) выся	CarParts
Гайка коллектора ГАЗ, УАЗ (ключ на 17) (омедн.)  (М10х1)	CarParts
Гайка коллектора ГАЗ, УАЗ (ключ на 17) (омедн.)  (М10х1) выся	CarParts
Гайка коллектора (латунь)                           (М12х1,75) ( шт.)	CarParts
Гайка коллектора ЗМЗ 406 (латунь)                      (М8х1,25)	CarParts
Гайка коллектора ЗМЗ 406 (латунь)                      (М8х1,25) выся (362042) (08049) ( шт.)	CarParts
Гайка коллектора ЗМЗ 406 (омедн.)                      (М8х1,25)	CarParts
Гайка коллектора ЗМЗ 406 (омедн.)                      (М8х1,25) выся	CarParts
Гайка колпака хром. декор. ГАЗ 2217	CarParts
Гайка колпака хром. декор. ГАЗ 3302	CarParts
Гайка коромысла клапана ГАЗель Бизнес, NEXT дв.Cummins ISF 2,8 "Cummins/Foton"	CarParts
Гайка КПП УАЗ 452 (5-и ступ. АДС, BAIC) (М6)	CarParts
Гайка КПП УАЗ 452 (5-и ступ. АДС, BAIC) (М8)	CarParts
Гайка крепл. б/бака УАЗ 469, 31519                         ( М10)	CarParts
Гайка крепл. картера сцепления ГАЗ 24, 53        (М10х1,5) ( шт)	CarParts
Гайка крепл. картера сцепления УАЗ                 (М12х1,25) ( шт)	CarParts
Гайка крепл. лапки сцепл. УАЗ, ГАЗ 53, 24        (М10х1) ( шт.)	CarParts
Гайка крепл. маховика ГАЗ, УАЗ                   (М11х1-6H) ( шт.)	CarParts
Гайка крепл. подшипн. пром. вала КПП УАЗ       (М22х1,5)	CarParts
Гайка крепл. ступицы вод. насоса ГАЗ 53, УАЗ     (М10х1) ( шт.)	CarParts
Гайка крепл. фланца моста ГАЗ 24 - 31105 под керн. (М20х1,5)	CarParts
Гайка крепл. фланца моста ГАЗ 24 - 31105, УАЗ (М20х1,5)	CarParts
Гайка крепл. фланца моста ГАЗ 53, 3307, 66       (М24х1,5)	CarParts
Гайка крепл. фланца РК ГАЗ 66, ГАЗель раздаточной коробки	CarParts
Гайка крепл. фланца РК УАЗ                             (М20х1,5)	CarParts
Гайка крышки клапанов ВАЗ 2108                             (М6х1)	CarParts
Гайка крышки масл. фильтра ЗМЗ 402                 (М18х1,5)	CarParts
Гайка крышки сальниковой набивки ЗМЗ 402, 511-523	CarParts
Гайка многоцелевая                                              (М4) квадратная (стартера)	CarParts
Гайка многоцелевая                                              (М8*1) квадратная	CarParts
Гайка многоцелевая                                              (М8*1,25) "приварная"	CarParts
Гайка многоцелевая                                              (М8х1,25-6H)	CarParts
Гайка многоцелевая                                             (М10х1,25) (DIN 934-10х1,25) (4599624515) ( шт.)	CarParts
Гайка многоцелевая                                             (М10х1,5-5H) ( шт)	CarParts
Гайка многоцелевая                                             (М12х1,75) ( шт)	CarParts
Гайка многоцелевая (ключ на 14)                             (М10х1) ( шт)	CarParts
Гайка многоцелевая (латунь)                                      (М8х1)	CarParts
Гайка многоцелевая (латунь)                                      (М8х1) выся (362043) (08041)	CarParts
Гайка многоцелевая с зубчатым буртом                      (М5)	CarParts
Гайка многоцелевая с зубчатым буртом                      (М6х1) ( шт.)	CarParts
Гайка многоцелевая с зубчатым буртом                      (М8х1,25) ( шт.)	CarParts
Гайка многоцелевая с нейлоновым кольцом               (М5) ( шт.)	CarParts
Гайка многоцелевая с нейлоновым кольцом           (М6х1) ( шт.)	CarParts
Гайка многоцелевая с нейлоновым кольцом       (М8х1,25) ( шт.)	CarParts
Гайка многоцелевая с нейлоновым кольцом      (М10х1) (4595651307) ( шт.)	CarParts
Гайка многоцелевая с нейлоновым кольцом      (М10х1,25) ( шт.)	CarParts
Гайка многоцелевая с нейлоновым кольцом      (М10х1,5) (4595651309) ( шт.)	CarParts
Гайка многоцелевая с нейлоновым кольцом      (М12х1,25) ( шт.)	CarParts
Гайка многоцелевая с нейлоновым кольцом      (М14х1,5)	CarParts
Гайка многоцелевая с нейлоновым кольцом      (М16х1,5)	CarParts
Гайка многоцелевая с фланцем                                    (М5)	CarParts
Гайка многоцелевая с фланцем                             (М6х1) (4599531818)	CarParts
Гайка многоцелевая с фланцем                             (М8х1)	CarParts
Гайка многоцелевая с фланцем                             (М8х1,25) (4599531819-П29)	CarParts
Гайка многоцелевая с фланцем                            (М10х1) (874504) ( шт.)	CarParts
Гайка многоцелевая с фланцем                           (М10х1,25) крепл. опоры дв. ВАЗ 1118 "Калина"	CarParts
Гайка многоцелевая с фланцем                           (М10х1,5) (50592-10)	CarParts
Гайка пальца рулевого наконечника УАЗ            (М14х1,5)	CarParts
Гайка пальца рулевой трапеции ГАЗ 24        (М12х1,25-6Н)  под шплинт	CarParts
Гайка пальца рулевой трапеции ГАЗ 3302      (М16х1,5-6Н)  под шплинт	CarParts
Гайка пальца рулевой тяги ЗИЛ, ПАЗ                  (М20х1,5)  под шплинт	CarParts
Гайка подшипника заднего моста ГАЗ 3110, перед. ГАЗ 33027        	CarParts
Гайка подшипника заднего моста ГАЗ 3302	CarParts
Гайка подшипника первичного вала ГАЗ 52, 53   (М45х1,5)	CarParts
Гайка подшипника первичного вала УАЗ             (М38х1,5)	CarParts
Гайка подшипника промежут. вала РК УАЗ 452  (М27х1,5)	CarParts
Гайка подшипника ступицы задн. колеса ГАЗ 3302 (2 гайки + шайба)	CarParts
Гайка подшипника ступицы задн. колеса ГАЗ 3302 (2 гайки + шайба) "Стандарт"	CarParts
Гайка подшипника ступицы задн. колеса ГАЗ 3302 внутр.	CarParts
Гайка подшипника ступицы задн. колеса ГАЗ 3302 внутр. с штифтом ( шт.)	CarParts
Гайка подшипника ступицы задн. колеса ГАЗ 3302 наруж. ( шт.)	CarParts
Гайка подшипника ступицы задн. колеса ГАЗ 53 (2 гайки + шайба)	CarParts
Гайка подшипника ступицы задн. колеса ГАЗ 53 внутр. с штифтом 	CarParts
Гайка подшипника ступицы задн. колеса ГАЗ 53 наружн.	CarParts
Гайка подшипника ступицы УАЗ                           (М45х1,5)	CarParts
Гайка приемной трубы ГАЗ, УАЗ (латунь)            (М10х1,5) ( шт.)	CarParts
Гайка приемной трубы ГАЗ, УАЗ (латунь)            (М10х1,5) выся ( шт.)	CarParts
Гайка приемной трубы ГАЗ, УАЗ (омедн.)            (М10х1,5)	CarParts
Гайка приемной трубы ГАЗ, УАЗ (омедн.)            (М10х1,5) выся	CarParts
Гайка приемной трубы  (латунь)                (М10х1,25)	CarParts
Гайка регулир. подшип. дифференц. УАЗ 31519, 3163	CarParts
Гайка регулиров. винта оси коромысел ГАЗ, УАЗ   (М9х1)	CarParts
Гайка резьбового пальца ГАЗ 24-3110	CarParts
Гайка рулевого вала (червяка)	CarParts
Гайка специальная под саморез (скоба большая) d=6,3 мм	CarParts
Гайка специальная под саморез (скоба большая) ГАЗ ( шт.)	CarParts
Гайка специальная под саморез (скоба малая)	CarParts
Гайка специальная под саморез (скоба средняя) ( шт.)	CarParts
Гайка специальная под саморез (скоба средняя) d=4,3 мм ( шт.)	CarParts
Гайка специальная под саморез (скоба) крыла ВАЗ ( шт.)	CarParts
Гайка стойки стабилизатора ГАЗ 24-31105        (М12х1,25)	CarParts
Гайка стопорн. бл шестерен КПП ГАЗ 53	CarParts
Гайка стремянки ГАЗ 24-31105                      (М12х1,25-6Н) ( шт)	CarParts
Гайка стремянки ГАЗ 3302, ГАЗ 53 перед.     (М16х1,5-6Н) высота 19 мм.	CarParts
Гайка стремянки ГАЗ 3302, ГАЗ 53 перед.     (М16х1,5-6Н) высота 22 мм.	CarParts
Гайка стремянки ГАЗ 53 задней                           (М20х1,5)	CarParts
Гайка стремянки  задней                        (М22х1,5)  высота 25 мм	CarParts
Гайка стремянки  перед                          (М20х1,5) высота 22 мм.	CarParts
Гайка стремянки УАЗ                                             (М14х1,5) ( шт)	CarParts
Гайка ступицы ГАЗ 24, 31029, 3302 под шплинт   (М24х1,5) ( шт.)	CarParts
Гайка ступицы ГАЗ 3110, 31105 под керн             (М24х1,5)	CarParts
Гайка ступицы ГАЗ 53 корончатая                        (М24х1,5)	CarParts
Гайка стяжного хомутика УАЗ 	CarParts
Гайка фланца втор. вала ГАЗель "NEXT"	CarParts
Гайка шаровой ГАЗ 2217, 2752                              (М20х1,5)	CarParts
Гайка шатуна ГАЗ 24, 53, УАЗ                                   (М10х1)	CarParts
Гайка шатуна                                                 (М11х1,25)	CarParts
Гайка шатуна ЗМЗ 405, 406, 409                               (М10х1) ( шт.)	CarParts
Гайка шкворня УАЗ 31519, 3163   М16х1,5х6	CarParts
Гайка шпильки бл                                            (М12x1,25)	CarParts
Гайка шпильки бл (длинн.)                              (М12x1,25)	CarParts
Гайка шпильки оси коромысел ГАЗ, УАЗ               (М10х1)	CarParts
Гайка шпильки поддона УАЗ (04000034)              (М8х1-6Н) (0 шт)	CarParts
Гайка шпильки турбокомпрессора ГАЗель Бизнес, NEXT дв.Cummins ISF 2,8	CarParts
Гайка-барашек "хром"                                                     (М6) ( шт.)	CarParts
Гайка-барашек "хром"                                            (М8х1,25) ( шт.)	CarParts
Гаситель резонансных колебаний ГАЗель Бизнес, NEXT дв.Cummins ISF 2,8	CarParts
Гаситель троса лебедки SUPERWINCH	CarParts
Генератор ГАЗ 24, 52 50 А     ( Г-250, 1601.3701)	CarParts
Генератор ГАЗ 3110  ЗМЗ 402  65 А	CarParts
Генератор ГАЗ 3110  ЗМЗ 402  65 А  ( 1631.3701)     AL11202 О7	CarParts
Генератор ГАЗ 3110  ЗМЗ 402  70 А                   (1601.3701-03)	CarParts
Генератор ГАЗ 3110  ЗМЗ 402  70 А под тахометр           (1631.3701-03)	CarParts
Генератор ГАЗ 3110  ЗМЗ 402  75 А под тахометр           (192.3771)	CarParts
Генератор ГАЗ 3110, 3302  дв. 40524  90 А   ЕВРО-3                       (3212.3771-10)	CarParts
Генератор ГАЗ 3110, 3302  дв. 406  90 А                        (3212.3771)	CarParts
Генератор ГАЗ 3110, 3302, УАЗ,  дв. 405, 406, 409      90 А         (3212М.3771)	CarParts
Генератор ГАЗ 3110, 3302, УАЗ,  дв. 405, 406, 409      90 А         (5122.3771)	CarParts
Генератор ГАЗ 3110, 3302, УАЗ,  дв. 405, 406, 409      90 А         (9422.3701)	CarParts
Генератор ГАЗ 3110, 3302, УАЗ,  дв. 405, 406, 409      90 А   ( 9422.3701)   HF 633 629	CarParts
Генератор ГАЗ 3110, 3302, УАЗ,  дв. 405, 406, 409     100 А  ( 9422.3701-10)  	CarParts
Генератор ГАЗ 3110, 3302, УАЗ,  дв. 405, 406, 409     105 А  ( 7702.3701)      AL21304 O7	CarParts
Генератор ГАЗ 3110, 3302, УАЗ,  дв. 405, 406, 409     110 А	CarParts
Генератор ГАЗ 3110, 3302, УАЗ,  дв. 405, 406, 409     110 А          (5122.3771-10)	CarParts
Генератор ГАЗ 3110, 3302, УАЗ,  дв. 405, 406, 409     115 А  ( 7702.3701)      AL 406-115	CarParts
Генератор ГАЗ 3110, 3302, УАЗ,  дв. 405, 406, 409     120 А          (7702.3701-01)	CarParts
Генератор ГАЗ 3110, 3302, УАЗ,  дв. 405, 406, 409     130 А          (5122.3771-30)	CarParts
Генератор ГАЗ 3110, 3302, УАЗ,  дв. 405, 406, 409     135 А          ( 5122.3771-30)      (LG 0309)	CarParts
Генератор ГАЗ 3110, 3302, УАЗ,  дв. 405, 406, 409     135 А          ( 9422.3701)      (LG 0306)	CarParts
Генератор ГАЗ 3302, УАЗ  ЗМЗ 402  65 А          ( 1641.3701)                 AL11205 O7	CarParts
Генератор ГАЗ 3302, УАЗ  ЗМЗ 402  65 А          ( 1641.3701-03)              	CarParts
Генератор ГАЗ 3302, УАЗ  ЗМЗ 402  70 А                      (1641.3701)	CarParts
Генератор ГАЗ 3302, УАЗ  ЗМЗ 402  70 А          ( 1641.3701)     HF 633 628	CarParts
Генератор ГАЗ 3302, УАЗ  ЗМЗ 402  75 А                        (191.3771)	CarParts
Генератор ГАЗ 3302, УАЗ  ЗМЗ 402 135 А         ( 1641.3701)      (LG 0302)	CarParts
Генератор ГАЗ 3302, УАЗ  УМЗ 4178, 4218 65 А	CarParts
Генератор ГАЗ 3302, УАЗ  УМЗ 4213, 4216  80 А (под узкий ремень 10 мм)  ( 9402.3701-17)           AL21312 O7	CarParts
Генератор ГАЗ 3302, УАЗ  УМЗ 4213, 4216  90 А (9402.3701-17)	CarParts
Генератор ГАЗ 3302, УАЗ  УМЗ 4213, 4216  90 А (под узкий ремень 10 мм)  (3282.3771)	CarParts
Генератор ГАЗ 3302, УАЗ  УМЗ 4213, 4216  90 А (под узкий ремень 10 мм)  ( 3282.3771)	CarParts
Генератор ГАЗ 3302, УАЗ  УМЗ 4213, 4216  90 А (под узкий ремень 10 мм)  ( 3282.3771)       AL4219-90	CarParts
Генератор ГАЗ 3302, УАЗ  УМЗ 4213, 4216  90 А (под узкий ремень 10 мм)  ( 3282.3771, 9402.3701-17)	CarParts
Генератор ГАЗ 3302, УАЗ  УМЗ 4213, 4216  90 А (под узкий ремень 10 мм)  ( 9402.3701-17)      HF 633 634	CarParts
Генератор ГАЗ 3302, УАЗ  УМЗ 4213, 4216  90 А (поликлиновый шкив)  (3282М.3771-10)	CarParts
Генератор ГАЗ 3302, УАЗ  УМЗ 4213, 4216  90 А (поликлиновый шкив)  (3282М.3771-11)	CarParts
Генератор ГАЗ 3302, УАЗ  УМЗ 4213, 4216  90 А (поликлиновый шкив)  ( 3282М.3771-10)    	CarParts
Генератор ГАЗ 3302, УАЗ  УМЗ 4213, 4216  90 А (широкий клин 13 мм)  (3282М.3771)	CarParts
Генератор ГАЗ 3302, УАЗ  УМЗ 4213, 4216  90 А (широкий клин 13 мм)  ( 3282М.3771)    	CarParts
Генератор ГАЗ 3302, УАЗ  УМЗ 4213, 4216  95 А (поликлиновый шкив)   ( 9402.3701-18)      HF 633 638	CarParts
Генератор ГАЗ 3302, УАЗ  УМЗ 4213, 4216 110 А (поликлиновый шкив)    (5122.3771-40)	CarParts
Генератор ГАЗ 3302, УАЗ  УМЗ 4213, 4216 110 А (широкий клин 13 мм)     (5122.3771-20)	CarParts
Генератор ГАЗ 3302, УАЗ  УМЗ 4213, 4216 115 А (под узкий ремень 10 мм)  ( 3282.3771)    AL 4219-115	CarParts
Генератор ГАЗ 3302, УАЗ  УМЗ 4213, 4216 120 А (под узкий ремень 10 мм)  03722.3771-184 ( 9402.3701-17)	CarParts
Генератор ГАЗ 3302, УАЗ  УМЗ 4213, 4216 135 А (под узкий ремень 10 мм)  ( 3282.3771)	CarParts
Генератор ГАЗ 3302, УАЗ  УМЗ 4213, 4216 135 А (под узкий ремень 10 мм)  ( 3282.3771)    (LG 03216)	CarParts
Генератор ГАЗ 3302, УАЗ  УМЗ 4213, 4216 135 А (под широкий ремень 13 мм)  ( 3282М.3771)    	CarParts
Генератор ГАЗ 3302, УАЗ  УМЗ 4213, 4216 135 А (поликлиновый шкив)  ( 3282М.3771-10)    	CarParts
Генератор ГАЗ 3302, УАЗ  УМЗ 4213, 4216 135 А (поликлиновый шкив)  ( 3282М.3771-10)    ( LG 03217)	CarParts
Генератор ГАЗ 3302, УАЗ  УМЗ 4213, 4216 135 А (широкий клин 13 мм)  ( 3282М.3771)    ( LG 03215)	CarParts
Генератор ГАЗ 3302, УАЗ  УМЗ 4216, А274 120 А (поликлиновый шкив)    (5122.3771-50)	CarParts
Генератор ГАЗ 3302, УАЗ  УМЗ 4216, А274 120 А (поликлиновый шкив)    (5122.3771-50) ООО "Прамо - Электро"	CarParts
Генератор ГАЗ 3307, 3309, КаВЗ  дв.ЗМЗ 511 65 А  ( 1621.3701)    AL11102 C3	CarParts
Генератор ГАЗ 3308, 3309  дв.Д 245.7 28В, 35 А  (5101.3701-01)	CarParts
Генератор ГАЗ 3309, ПАЗ  дв.Cummins ISF 3,8 24V 70А	CarParts
Генератор ГАЗ 3309, ПАЗ  дв.Cummins ISF 3,8 24V 75А  LG 0338	CarParts
Генератор ГАЗ 33104 "Валдай", дв.Cummins ISF 3,8  12V 150А  LG 03138	CarParts
Генератор ГАЗ 33104 "Валдай", ПАЗ дв.Д 245.7  14В, 135 А   ( 1631.3701-01)    ( LG 0310)	CarParts
Генератор ГАЗ 33104 "Валдай", ПАЗ дв.Д 245.7  14В, 70 А      ( 1631.3701-01)	CarParts
Генератор ГАЗ 33106 " Валдай" дв.Cummins ISF 3,8  150А	CarParts
Генератор ГАЗ 33106 " Валдай" дв.Cummins ISF 3,8  150А (AVIK 2002)	CarParts
Генератор ГАЗ 53, УАЗ  12В, 40 А                                             (Г-250-П2)	CarParts
Генератор ГАЗ 66, 3307, 3308 дв. ЗМЗ 513  14В, 90 А              (Г-287)	CarParts
Генератор ГАЗель NEXT дв.Cummins ISF 2,8 120А (гайка-штекер)	CarParts
Генератор ГАЗель NEXT дв.Cummins ISF 2,8 120А (гайка-штекер) ( разъем под штекер)	CarParts
Генератор ГАЗель NEXT дв.Cummins ISF 2,8 120А (гайка-штекер) (а задняя пластиковая крышка)	CarParts
Генератор ГАЗель Бизнес дв.Cummins ISF 2,8 120А (три гайки)       ALR 3666	CarParts
Генератор ГАЗель Бизнес, NEXT дв.Cummins ISF 2,8  14V 140А (разъем-болт)  LG 0328	CarParts
Генератор ГАЗель Бизнес, NEXT дв.Cummins ISF 2,8 120А (разъем-колодка)  	CarParts
Генератор ГАЗель Бизнес, NEXT дв.Cummins ISF 2,8 140А (разъем-колодка)  LG 03218	CarParts
Генератор ГАЗон NEXT, " Тигр" с дв.ЯМЗ  ЕВРО 4  14В, 150 А  (ANN8173)	CarParts
Генератор дв. Chrysler ALN 3850	CarParts
Генератор    14В, 65 А  ( 1661.3701)            AL11207 O7	CarParts
Генератор , 131  14В, 90А                                        (Г-287-Б)	CarParts
Генератор 5301 "Бычок" дв. ММЗ Д 245.10  14В, 90 А (2022.3771)	CarParts
Генератор  65115-17, ПАЗ 3205 дв. Cummins 24В, 70 А   (LG 0741)                       	CarParts
Генератор  дв. 740.11, 7403, 740.13   28В, 80 А                              	CarParts
Генератор  дв. 740.11, 7403, 740.13   28В, 80 А                               ( 6582.3701-02)	CarParts
Генератор ,   дв. ЯМЗ 236, 238  60 А       (3232.3771)	CarParts
Генератор , , , УрАЛ дв. ЯМЗ 236, 238; -740   28В, 50 А (Г273В1.3701-03)	CarParts
Генератор   ЯМЗ 656, 658   ЕВРО-3  90 А           (3252.3771)	CarParts
Генератор  дв. Д245, Д260.5  ЕВРО-2   60 А (3232.3771-10)	CarParts
Генератор ПАЗ 3205 дв.ЗМЗ 5234.10  14В,  80 А под тахометр          (Г-287-М)	CarParts
Генератор ПАЗ 3205 дв.ЗМЗ 5234.10  14В,  95 А под тахометр          (291.3771)    ( Г-287-М)	CarParts
Генератор ПАЗ 3205 дв.ЗМЗ 5234.10  14В, 120 А под тахометр         (3032.3771)   ( Г-287-М)	CarParts
Генератор ПАЗ 3205, ЛАЗ 695  14В, 85 А                                   (Г-287-К)	CarParts
Генератор УАЗ дв. ЗМЗ 4021, 410 55 А без щеточный     (6631.3701-01)	CarParts
Генератор УАЗ дв. ЗМЗ 4021, 410 с Я-112, 14В, 75 А            (164.3771)	CarParts
Генератор УАЗ дв. УМЗ 417, 421  55 А    (2 конт.)       (6651.3701-01)	CarParts
Генератор УАЗ дв. УМЗ 417, 421  55 А    (3 конт.)       (6651.3701)	CarParts
Генератор УАЗ дв. УМЗ 417, 421 с Я-112, 14В, 75 А              (161.3771)	CarParts
Герметик " фиксатор резьбы неразъемный "  красный FELIX (6 мл)	CarParts
Герметик " фиксатор резьбы разъемный "  синий FELIX (6 мл)	CarParts
Герметик радиатора сухой "Гера"	CarParts
Герметик системы охлаждения FELIX  500 мл	CarParts
Герметик-прокладка    малый серый 60 гр.    (11225)	CarParts
Герметик-прокладка    малый черный  60 гр.   (11226)	CarParts
Герметик-прокладка   большой серый  180 гр.   (11225)	CarParts
Герметик-прокладка   красный  70 мл.    (11390)	CarParts
Герметик-прокладка   черный  70 мл.    (11321)	CarParts
Герметик-прокладка  FELIX  красный  32 гр.	CarParts
Герметик-прокладка  FELIX  красный  85 гр.	CarParts
Герметик-прокладка  FELIX  прозрачный  32 гр.	CarParts
Герметик-прокладка  FELIX  прозрачный  85 гр.	CarParts
Герметик-прокладка  FELIX  серый  40 гр.	CarParts
Герметик-прокладка  FELIX  черный  32 гр.	CarParts
Герметик-прокладка  FELIX  черный  85 гр.	CarParts
Гидроагрегат АБС ГАЗ 3302    (0 265 215 461)       	CarParts
Гидроагрегат АБС-8 УАЗ 3163 " Патриот" (0 265 231 024/023) 	CarParts
Гидрокорректор фар УАЗ 31519 " Хантер"   (к-т)	CarParts
Гидрокорректор фар УАЗ 3741, 452 и модиф.  (к-т)	CarParts
Гидроопора клапана ЗМЗ 514  (906206)	CarParts
Гидроцилиндр подъема кабины  6520    НС002С3	CarParts
Гидроцилинр подъема кузова ГАЗ 53, 3307 (3 секции)	CarParts
Гидроцилинр подъема кузова ГАЗ 53, 3307 (4 секции)	CarParts
Гидроцилинр подъема кузова (4 секции)	CarParts
Гильза цилиндра Cummins ISF2,8  (к-т. 4 шт) 	CarParts
Гильза цилиндра Cummins ISF2,8 (втулка-полуфабрикат) 44 14 21 02 8	CarParts
Гильза цилиндра Cummins ISF3,8  (к-т. 4 шт) 	CarParts
Гильза цилиндра Cummins ISF3,8 (втулка-полуфабрикат) 44 14 21 03 8	CarParts
Гильза цилиндра ВАЗ 2101, 2103, 2108, 1111, 11194 (втулка-полуфабрикат)	CarParts
Гильза цилиндра ВАЗ 2105, 2106, 21011 (D=79,0 мм.) (к-т 4 шт.)	CarParts
Гильза цилиндра ВАЗ 21083, 2110-2112, 21213, 11183, 21126 (D=82,0 мм.) (к-т 4 шт.)	CarParts
Гильза цилиндра ВАЗ 21083, 2110-2112, 21213, 11183, 21126 (втулка-полуфабрикат)	CarParts
Гильза цилиндра ГАЗ 53, ПАЗ   (450206)	CarParts
Гильза цилиндра ЗМЗ 405, 409 (D=95,5 мм.) (к-т 4 шт.)	CarParts
Гильза цилиндра ЗМЗ 406 (D=92 мм.) (к-т 4 шт.)	CarParts
Гильза цилиндра ЗМЗ 410	CarParts
Гильза цилиндра УМЗ 421 для ГАЗ 3302, УАЗ дв. 100 л/с (4 к-т)	CarParts
Гильза цилиндра УМЗ 421, 4213, 4216 (D=100 мм.) (к-т 4 шт.)	CarParts
Гильза цилиндра универсальная  58x90x165 (втулка-полуфабрикат) 	CarParts
Гильза цилиндра универсальная  66x75x155 (втулка-полуфабрикат) 	CarParts
